repo_id,full_name,month,commits_count,active_contributors,language,stars,forks,open_issues,created_at,pushed_at,archived,is_fork,status,collected_commits
192904,pymc-devs/pymc,2025-09,1,1,Python,9754,2301,503,2009-05-05T09:43:50Z,2026-09-14T17:31:40Z,False,False,success,280
192904,pymc-devs/pymc,2025-10,16,7,Python,9754,2301,503,2009-05-05T09:43:50Z,2026-09-14T17:31:40Z,False,False,success,280
192904,pymc-devs/pymc,2025-11,22,13,Python,9754,2301,503,2009-05-05T09:43:50Z,2026-09-14T17:31:40Z,False,False,success,280
192904,pymc-devs/pymc,2025-12,11,6,Python,9754,2301,503,2009-05-05T09:43:50Z,2026-09-14T17:31:40Z,False,False,success,280
192904,pymc-devs/pymc,2026-01,32,12,Python,9754,2301,503,2009-05-05T09:43:50Z,2026-09-14T17:31:40Z,False,False,success,280
192904,pymc-devs/pymc,2026-02,24,7,Python,9754,2301,503,2009-05-05T09:43:50Z,2026-09-14T17:31:40Z,False,False,success,280
192904,pymc-devs/pymc,2026-03,22,10,Python,9754,2301,503,2009-05-05T09:43:50Z,2026-09-14T17:31:40Z,False,False,success,280
192904,pymc-devs/pymc,2026-04,48,8,Python,9754,2301,503,2009-05-05T09:43:50Z,2026-09-14T17:31:40Z,False,False,success,280
192904,pymc-devs/pymc,2026-05,36,6,Python,9754,2301,503,2009-05-05T09:43:50Z,2026-09-14T17:31:40Z,False,False,success,280
192904,pymc-devs/pymc,2026-06,12,4,Python,9754,2301,503,2009-05-05T09:43:50Z,2026-09-14T17:31:40Z,False,False,success,280
192904,pymc-devs/pymc,2026-07,33,8,Python,9754,2301,503,2009-05-05T09:43:50Z,2026-09-14T17:31:40Z,False,False,success,280
192904,pymc-devs/pymc,2026-08,18,6,Python,9754,2301,503,2009-05-05T09:43:50Z,2026-09-14T17:31:40Z,False,False,success,280
192904,pymc-devs/pymc,2026-09,5,4,Python,9754,2301,503,2009-05-05T09:43:50Z,2026-09-14T17:31:40Z,False,False,success,280
374228,restsharp/RestSharp,2025-11,20,3,C#,9824,2299,37,2009-11-16T02:01:45Z,2026-09-07T22:42:25Z,False,False,success,61
374228,restsharp/RestSharp,2025-12,2,2,C#,9824,2299,37,2009-11-16T02:01:45Z,2026-09-07T22:42:25Z,False,False,success,61
374228,restsharp/RestSharp,2026-01,5,3,C#,9824,2299,37,2009-11-16T02:01:45Z,2026-09-07T22:42:25Z,False,False,success,61
374228,restsharp/RestSharp,2026-02,14,3,C#,9824,2299,37,2009-11-16T02:01:45Z,2026-09-07T22:42:25Z,False,False,success,61
374228,restsharp/RestSharp,2026-03,9,2,C#,9824,2299,37,2009-11-16T02:01:45Z,2026-09-07T22:42:25Z,False,False,success,61
374228,restsharp/RestSharp,2026-06,4,2,C#,9824,2299,37,2009-11-16T02:01:45Z,2026-09-07T22:42:25Z,False,False,success,61
374228,restsharp/RestSharp,2026-09,7,3,C#,9824,2299,37,2009-11-16T02:01:45Z,2026-09-07T22:42:25Z,False,False,success,61
443962,FluentValidation/FluentValidation,2025-10,2,2,C#,9752,1276,3,2009-12-20T19:17:03Z,2026-09-09T12:55:43Z,False,False,success,27
443962,FluentValidation/FluentValidation,2025-11,6,3,C#,9752,1276,3,2009-12-20T19:17:03Z,2026-09-09T12:55:43Z,False,False,success,27
443962,FluentValidation/FluentValidation,2025-12,3,3,C#,9752,1276,3,2009-12-20T19:17:03Z,2026-09-09T12:55:43Z,False,False,success,27
443962,FluentValidation/FluentValidation,2026-02,4,3,C#,9752,1276,3,2009-12-20T19:17:03Z,2026-09-09T12:55:43Z,False,False,success,27
443962,FluentValidation/FluentValidation,2026-03,3,2,C#,9752,1276,3,2009-12-20T19:17:03Z,2026-09-09T12:55:43Z,False,False,success,27
443962,FluentValidation/FluentValidation,2026-05,1,1,C#,9752,1276,3,2009-12-20T19:17:03Z,2026-09-09T12:55:43Z,False,False,success,27
443962,FluentValidation/FluentValidation,2026-06,1,1,C#,9752,1276,3,2009-12-20T19:17:03Z,2026-09-09T12:55:43Z,False,False,success,27
443962,FluentValidation/FluentValidation,2026-07,3,2,C#,9752,1276,3,2009-12-20T19:17:03Z,2026-09-09T12:55:43Z,False,False,success,27
443962,FluentValidation/FluentValidation,2026-08,3,2,C#,9752,1276,3,2009-12-20T19:17:03Z,2026-09-09T12:55:43Z,False,False,success,27
443962,FluentValidation/FluentValidation,2026-09,1,1,C#,9752,1276,3,2009-12-20T19:17:03Z,2026-09-09T12:55:43Z,False,False,success,27
519832,mitmproxy/mitmproxy,2025-10,15,7,Python,45078,4730,491,2010-02-16T04:10:13Z,2026-09-10T06:52:11Z,False,False,success,210
519832,mitmproxy/mitmproxy,2025-11,29,11,Python,45078,4730,491,2010-02-16T04:10:13Z,2026-09-10T06:52:11Z,False,False,success,210
519832,mitmproxy/mitmproxy,2025-12,7,1,Python,45078,4730,491,2010-02-16T04:10:13Z,2026-09-10T06:52:11Z,False,False,success,210
519832,mitmproxy/mitmproxy,2026-01,19,11,Python,45078,4730,491,2010-02-16T04:10:13Z,2026-09-10T06:52:11Z,False,False,success,210
519832,mitmproxy/mitmproxy,2026-02,10,2,Python,45078,4730,491,2010-02-16T04:10:13Z,2026-09-10T06:52:11Z,False,False,success,210
519832,mitmproxy/mitmproxy,2026-03,14,6,Python,45078,4730,491,2010-02-16T04:10:13Z,2026-09-10T06:52:11Z,False,False,success,210
519832,mitmproxy/mitmproxy,2026-04,24,8,Python,45078,4730,491,2010-02-16T04:10:13Z,2026-09-10T06:52:11Z,False,False,success,210
519832,mitmproxy/mitmproxy,2026-05,24,12,Python,45078,4730,491,2010-02-16T04:10:13Z,2026-09-10T06:52:11Z,False,False,success,210
519832,mitmproxy/mitmproxy,2026-06,18,5,Python,45078,4730,491,2010-02-16T04:10:13Z,2026-09-10T06:52:11Z,False,False,success,210
519832,mitmproxy/mitmproxy,2026-07,17,8,Python,45078,4730,491,2010-02-16T04:10:13Z,2026-09-10T06:52:11Z,False,False,success,210
519832,mitmproxy/mitmproxy,2026-08,32,11,Python,45078,4730,491,2010-02-16T04:10:13Z,2026-09-10T06:52:11Z,False,False,success,210
519832,mitmproxy/mitmproxy,2026-09,1,1,Python,45078,4730,491,2010-02-16T04:10:13Z,2026-09-10T06:52:11Z,False,False,success,210
747698,sinonjs/sinon,2025-10,2,2,JavaScript,9758,807,66,2010-06-29T21:15:32Z,2026-09-10T22:36:25Z,False,False,success,80
747698,sinonjs/sinon,2025-12,7,4,JavaScript,9758,807,66,2010-06-29T21:15:32Z,2026-09-10T22:36:25Z,False,False,success,80
747698,sinonjs/sinon,2026-02,1,1,JavaScript,9758,807,66,2010-06-29T21:15:32Z,2026-09-10T22:36:25Z,False,False,success,80
747698,sinonjs/sinon,2026-03,15,3,JavaScript,9758,807,66,2010-06-29T21:15:32Z,2026-09-10T22:36:25Z,False,False,success,80
747698,sinonjs/sinon,2026-04,12,2,JavaScript,9758,807,66,2010-06-29T21:15:32Z,2026-09-10T22:36:25Z,False,False,success,80
747698,sinonjs/sinon,2026-05,16,6,JavaScript,9758,807,66,2010-06-29T21:15:32Z,2026-09-10T22:36:25Z,False,False,success,80
747698,sinonjs/sinon,2026-06,15,4,JavaScript,9758,807,66,2010-06-29T21:15:32Z,2026-09-10T22:36:25Z,False,False,success,80
747698,sinonjs/sinon,2026-07,12,6,JavaScript,9758,807,66,2010-06-29T21:15:32Z,2026-09-10T22:36:25Z,False,False,success,80
843222,scikit-learn/scikit-learn,2025-09,41,22,Python,67283,27419,2160,2010-08-17T09:43:38Z,2026-09-17T17:17:26Z,False,False,success,1150
843222,scikit-learn/scikit-learn,2025-10,198,72,Python,67283,27419,2160,2010-08-17T09:43:38Z,2026-09-17T17:17:26Z,False,False,success,1150
843222,scikit-learn/scikit-learn,2025-11,99,37,Python,67283,27419,2160,2010-08-17T09:43:38Z,2026-09-17T17:17:26Z,False,False,success,1150
843222,scikit-learn/scikit-learn,2025-12,69,19,Python,67283,27419,2160,2010-08-17T09:43:38Z,2026-09-17T17:17:26Z,False,False,success,1150
843222,scikit-learn/scikit-learn,2026-01,85,37,Python,67283,27419,2160,2010-08-17T09:43:38Z,2026-09-17T17:17:26Z,False,False,success,1150
843222,scikit-learn/scikit-learn,2026-02,75,33,Python,67283,27419,2160,2010-08-17T09:43:38Z,2026-09-17T17:17:26Z,False,False,success,1150
843222,scikit-learn/scikit-learn,2026-03,72,23,Python,67283,27419,2160,2010-08-17T09:43:38Z,2026-09-17T17:17:26Z,False,False,success,1150
843222,scikit-learn/scikit-learn,2026-04,98,40,Python,67283,27419,2160,2010-08-17T09:43:38Z,2026-09-17T17:17:26Z,False,False,success,1150
843222,scikit-learn/scikit-learn,2026-05,105,38,Python,67283,27419,2160,2010-08-17T09:43:38Z,2026-09-17T17:17:26Z,False,False,success,1150
843222,scikit-learn/scikit-learn,2026-06,97,33,Python,67283,27419,2160,2010-08-17T09:43:38Z,2026-09-17T17:17:26Z,False,False,success,1150
843222,scikit-learn/scikit-learn,2026-07,96,38,Python,67283,27419,2160,2010-08-17T09:43:38Z,2026-09-17T17:17:26Z,False,False,success,1150
843222,scikit-learn/scikit-learn,2026-08,77,34,Python,67283,27419,2160,2010-08-17T09:43:38Z,2026-09-17T17:17:26Z,False,False,success,1150
843222,scikit-learn/scikit-learn,2026-09,38,15,Python,67283,27419,2160,2010-08-17T09:43:38Z,2026-09-17T17:17:26Z,False,False,success,1150
1206546,winstonjs/winston,2025-09,8,1,JavaScript,24520,1848,532,2010-12-29T18:49:51Z,2026-07-20T19:12:28Z,False,False,success,31
1206546,winstonjs/winston,2025-10,1,1,JavaScript,24520,1848,532,2010-12-29T18:49:51Z,2026-07-20T19:12:28Z,False,False,success,31
1206546,winstonjs/winston,2025-12,9,4,JavaScript,24520,1848,532,2010-12-29T18:49:51Z,2026-07-20T19:12:28Z,False,False,success,31
1206546,winstonjs/winston,2026-06,9,3,JavaScript,24520,1848,532,2010-12-29T18:49:51Z,2026-07-20T19:12:28Z,False,False,success,31
1206546,winstonjs/winston,2026-07,4,3,JavaScript,24520,1848,532,2010-12-29T18:49:51Z,2026-07-20T19:12:28Z,False,False,success,31
1398630,symfony/console,2025-09,9,3,PHP,9813,265,0,2011-02-22T18:00:31Z,2026-09-15T07:14:57Z,False,False,success,378
1398630,symfony/console,2025-10,27,9,PHP,9813,265,0,2011-02-22T18:00:31Z,2026-09-15T07:14:57Z,False,False,success,378
1398630,symfony/console,2025-11,18,6,PHP,9813,265,0,2011-02-22T18:00:31Z,2026-09-15T07:14:57Z,False,False,success,378
1398630,symfony/console,2025-12,30,13,PHP,9813,265,0,2011-02-22T18:00:31Z,2026-09-15T07:14:57Z,False,False,success,378
1398630,symfony/console,2026-01,17,8,PHP,9813,265,0,2011-02-22T18:00:31Z,2026-09-15T07:14:57Z,False,False,success,378
1398630,symfony/console,2026-02,59,12,PHP,9813,265,0,2011-02-22T18:00:31Z,2026-09-15T07:14:57Z,False,False,success,378
1398630,symfony/console,2026-03,27,9,PHP,9813,265,0,2011-02-22T18:00:31Z,2026-09-15T07:14:57Z,False,False,success,378
1398630,symfony/console,2026-04,29,6,PHP,9813,265,0,2011-02-22T18:00:31Z,2026-09-15T07:14:57Z,False,False,success,378
1398630,symfony/console,2026-05,21,5,PHP,9813,265,0,2011-02-22T18:00:31Z,2026-09-15T07:14:57Z,False,False,success,378
1398630,symfony/console,2026-06,12,4,PHP,9813,265,0,2011-02-22T18:00:31Z,2026-09-15T07:14:57Z,False,False,success,378
1398630,symfony/console,2026-07,25,11,PHP,9813,265,0,2011-02-22T18:00:31Z,2026-09-15T07:14:57Z,False,False,success,378
1398630,symfony/console,2026-08,62,16,PHP,9813,265,0,2011-02-22T18:00:31Z,2026-09-15T07:14:57Z,False,False,success,378
1398630,symfony/console,2026-09,42,7,PHP,9813,265,0,2011-02-22T18:00:31Z,2026-09-15T07:14:57Z,False,False,success,378
1644196,JuliaLang/julia,2025-09,65,26,Julia,49115,5976,4707,2011-04-21T07:01:50Z,2026-09-17T17:37:49Z,False,False,success,2348
1644196,JuliaLang/julia,2025-10,193,54,Julia,49115,5976,4707,2011-04-21T07:01:50Z,2026-09-17T17:37:49Z,False,False,success,2348
1644196,JuliaLang/julia,2025-11,144,36,Julia,49115,5976,4707,2011-04-21T07:01:50Z,2026-09-17T17:37:49Z,False,False,success,2348
1644196,JuliaLang/julia,2025-12,148,44,Julia,49115,5976,4707,2011-04-21T07:01:50Z,2026-09-17T17:37:49Z,False,False,success,2348
1644196,JuliaLang/julia,2026-01,191,47,Julia,49115,5976,4707,2011-04-21T07:01:50Z,2026-09-17T17:37:49Z,False,False,success,2348
1644196,JuliaLang/julia,2026-02,166,43,Julia,49115,5976,4707,2011-04-21T07:01:50Z,2026-09-17T17:37:49Z,False,False,success,2348
1644196,JuliaLang/julia,2026-03,135,35,Julia,49115,5976,4707,2011-04-21T07:01:50Z,2026-09-17T17:37:49Z,False,False,success,2348
1644196,JuliaLang/julia,2026-04,157,41,Julia,49115,5976,4707,2011-04-21T07:01:50Z,2026-09-17T17:37:49Z,False,False,success,2348
1644196,JuliaLang/julia,2026-05,154,42,Julia,49115,5976,4707,2011-04-21T07:01:50Z,2026-09-17T17:37:49Z,False,False,success,2348
1644196,JuliaLang/julia,2026-06,193,32,Julia,49115,5976,4707,2011-04-21T07:01:50Z,2026-09-17T17:37:49Z,False,False,success,2348
1644196,JuliaLang/julia,2026-07,391,40,Julia,49115,5976,4707,2011-04-21T07:01:50Z,2026-09-17T17:37:49Z,False,False,success,2348
1644196,JuliaLang/julia,2026-08,224,41,Julia,49115,5976,4707,2011-04-21T07:01:50Z,2026-09-17T17:37:49Z,False,False,success,2348
1644196,JuliaLang/julia,2026-09,187,32,Julia,49115,5976,4707,2011-04-21T07:01:50Z,2026-09-17T17:37:49Z,False,False,success,2348
1692604,jiaaro/pydub,2026-03,1,1,Python,9793,1135,421,2011-05-02T18:42:38Z,2026-03-19T21:32:30Z,False,False,success,1
1863329,laravel/laravel,2025-09,4,4,Blade,84965,25168,31,2011-06-08T03:06:08Z,2026-08-25T16:27:45Z,False,False,success,130
1863329,laravel/laravel,2025-10,21,6,Blade,84965,25168,31,2011-06-08T03:06:08Z,2026-08-25T16:27:45Z,False,False,success,130
1863329,laravel/laravel,2025-11,7,6,Blade,84965,25168,31,2011-06-08T03:06:08Z,2026-08-25T16:27:45Z,False,False,success,130
1863329,laravel/laravel,2025-12,3,3,Blade,84965,25168,31,2011-06-08T03:06:08Z,2026-08-25T16:27:45Z,False,False,success,130
1863329,laravel/laravel,2026-01,9,5,Blade,84965,25168,31,2011-06-08T03:06:08Z,2026-08-25T16:27:45Z,False,False,success,130
1863329,laravel/laravel,2026-02,13,6,Blade,84965,25168,31,2011-06-08T03:06:08Z,2026-08-25T16:27:45Z,False,False,success,130
1863329,laravel/laravel,2026-03,20,8,Blade,84965,25168,31,2011-06-08T03:06:08Z,2026-08-25T16:27:45Z,False,False,success,130
1863329,laravel/laravel,2026-04,14,10,Blade,84965,25168,31,2011-06-08T03:06:08Z,2026-08-25T16:27:45Z,False,False,success,130
1863329,laravel/laravel,2026-05,11,4,Blade,84965,25168,31,2011-06-08T03:06:08Z,2026-08-25T16:27:45Z,False,False,success,130
1863329,laravel/laravel,2026-06,16,6,Blade,84965,25168,31,2011-06-08T03:06:08Z,2026-08-25T16:27:45Z,False,False,success,130
1863329,laravel/laravel,2026-07,3,3,Blade,84965,25168,31,2011-06-08T03:06:08Z,2026-08-25T16:27:45Z,False,False,success,130
1863329,laravel/laravel,2026-08,9,5,Blade,84965,25168,31,2011-06-08T03:06:08Z,2026-08-25T16:27:45Z,False,False,success,130
2325298,torvalds/linux,2025-09,3314,539,C,249330,64888,3,2011-09-04T22:48:12Z,2026-09-17T17:12:51Z,False,False,success,90201
2325298,torvalds/linux,2025-10,5973,917,C,249330,64888,3,2011-09-04T22:48:12Z,2026-09-17T17:12:51Z,False,False,success,90201
2325298,torvalds/linux,2025-11,8877,1046,C,249330,64888,3,2011-09-04T22:48:12Z,2026-09-17T17:12:51Z,False,False,success,90201
2325298,torvalds/linux,2025-12,4316,740,C,249330,64888,3,2011-09-04T22:48:12Z,2026-09-17T17:12:51Z,False,False,success,90201
2325298,torvalds/linux,2026-01,8779,1174,C,249330,64888,3,2011-09-04T22:48:12Z,2026-09-17T17:12:51Z,False,False,success,90201
2325298,torvalds/linux,2026-02,5124,873,C,249330,64888,3,2011-09-04T22:48:12Z,2026-09-17T17:12:51Z,False,False,success,90201
2325298,torvalds/linux,2026-03,9580,1273,C,249330,64888,3,2011-09-04T22:48:12Z,2026-09-17T17:12:51Z,False,False,success,90201
2325298,torvalds/linux,2026-04,7332,1043,C,249330,64888,3,2011-09-04T22:48:12Z,2026-09-17T17:12:51Z,False,False,success,90201
2325298,torvalds/linux,2026-05,8821,1237,C,249330,64888,3,2011-09-04T22:48:12Z,2026-09-17T17:12:51Z,False,False,success,90201
2325298,torvalds/linux,2026-06,8530,1161,C,249330,64888,3,2011-09-04T22:48:12Z,2026-09-17T17:12:51Z,False,False,success,90201
2325298,torvalds/linux,2026-07,10850,1431,C,249330,64888,3,2011-09-04T22:48:12Z,2026-09-17T17:12:51Z,False,False,success,90201
2325298,torvalds/linux,2026-08,7326,1088,C,249330,64888,3,2011-09-04T22:48:12Z,2026-09-17T17:12:51Z,False,False,success,90201
2325298,torvalds/linux,2026-09,1379,358,C,249330,64888,3,2011-09-04T22:48:12Z,2026-09-17T17:12:51Z,False,False,success,90201
2641405,symfony/security-bundle,2025-09,10,5,PHP,2488,27,0,2011-10-25T05:26:18Z,2026-09-16T15:45:35Z,False,False,success,226
2641405,symfony/security-bundle,2025-10,12,6,PHP,2488,27,0,2011-10-25T05:26:18Z,2026-09-16T15:45:35Z,False,False,success,226
2641405,symfony/security-bundle,2025-11,3,3,PHP,2488,27,0,2011-10-25T05:26:18Z,2026-09-16T15:45:35Z,False,False,success,226
2641405,symfony/security-bundle,2025-12,5,4,PHP,2488,27,0,2011-10-25T05:26:18Z,2026-09-16T15:45:35Z,False,False,success,226
2641405,symfony/security-bundle,2026-01,18,4,PHP,2488,27,0,2011-10-25T05:26:18Z,2026-09-16T15:45:35Z,False,False,success,226
2641405,symfony/security-bundle,2026-02,13,4,PHP,2488,27,0,2011-10-25T05:26:18Z,2026-09-16T15:45:35Z,False,False,success,226
2641405,symfony/security-bundle,2026-03,10,7,PHP,2488,27,0,2011-10-25T05:26:18Z,2026-09-16T15:45:35Z,False,False,success,226
2641405,symfony/security-bundle,2026-04,27,3,PHP,2488,27,0,2011-10-25T05:26:18Z,2026-09-16T15:45:35Z,False,False,success,226
2641405,symfony/security-bundle,2026-05,14,3,PHP,2488,27,0,2011-10-25T05:26:18Z,2026-09-16T15:45:35Z,False,False,success,226
2641405,symfony/security-bundle,2026-06,11,4,PHP,2488,27,0,2011-10-25T05:26:18Z,2026-09-16T15:45:35Z,False,False,success,226
2641405,symfony/security-bundle,2026-07,15,4,PHP,2488,27,0,2011-10-25T05:26:18Z,2026-09-16T15:45:35Z,False,False,success,226
2641405,symfony/security-bundle,2026-08,34,8,PHP,2488,27,0,2011-10-25T05:26:18Z,2026-09-16T15:45:35Z,False,False,success,226
2641405,symfony/security-bundle,2026-09,54,9,PHP,2488,27,0,2011-10-25T05:26:18Z,2026-09-16T15:45:35Z,False,False,success,226
3072629,python-jsonschema/jsonschema,2025-10,34,4,Python,4981,668,53,2011-12-30T03:37:43Z,2026-09-15T11:19:35Z,False,False,success,231
3072629,python-jsonschema/jsonschema,2025-11,12,3,Python,4981,668,53,2011-12-30T03:37:43Z,2026-09-15T11:19:35Z,False,False,success,231
3072629,python-jsonschema/jsonschema,2025-12,20,4,Python,4981,668,53,2011-12-30T03:37:43Z,2026-09-15T11:19:35Z,False,False,success,231
3072629,python-jsonschema/jsonschema,2026-01,17,4,Python,4981,668,53,2011-12-30T03:37:43Z,2026-09-15T11:19:35Z,False,False,success,231
3072629,python-jsonschema/jsonschema,2026-02,9,3,Python,4981,668,53,2011-12-30T03:37:43Z,2026-09-15T11:19:35Z,False,False,success,231
3072629,python-jsonschema/jsonschema,2026-03,9,3,Python,4981,668,53,2011-12-30T03:37:43Z,2026-09-15T11:19:35Z,False,False,success,231
3072629,python-jsonschema/jsonschema,2026-04,11,3,Python,4981,668,53,2011-12-30T03:37:43Z,2026-09-15T11:19:35Z,False,False,success,231
3072629,python-jsonschema/jsonschema,2026-05,31,4,Python,4981,668,53,2011-12-30T03:37:43Z,2026-09-15T11:19:35Z,False,False,success,231
3072629,python-jsonschema/jsonschema,2026-06,18,3,Python,4981,668,53,2011-12-30T03:37:43Z,2026-09-15T11:19:35Z,False,False,success,231
3072629,python-jsonschema/jsonschema,2026-07,24,4,Python,4981,668,53,2011-12-30T03:37:43Z,2026-09-15T11:19:35Z,False,False,success,231
3072629,python-jsonschema/jsonschema,2026-08,32,4,Python,4981,668,53,2011-12-30T03:37:43Z,2026-09-15T11:19:35Z,False,False,success,231
3072629,python-jsonschema/jsonschema,2026-09,14,4,Python,4981,668,53,2011-12-30T03:37:43Z,2026-09-15T11:19:35Z,False,False,success,231
3084583,mattiasw/ExifReader,2025-09,5,2,JavaScript,997,106,4,2012-01-01T23:05:20Z,2026-09-11T11:59:42Z,False,False,success,252
3084583,mattiasw/ExifReader,2025-10,4,1,JavaScript,997,106,4,2012-01-01T23:05:20Z,2026-09-11T11:59:42Z,False,False,success,252
3084583,mattiasw/ExifReader,2025-11,6,1,JavaScript,997,106,4,2012-01-01T23:05:20Z,2026-09-11T11:59:42Z,False,False,success,252
3084583,mattiasw/ExifReader,2025-12,8,3,JavaScript,997,106,4,2012-01-01T23:05:20Z,2026-09-11T11:59:42Z,False,False,success,252
3084583,mattiasw/ExifReader,2026-01,19,3,JavaScript,997,106,4,2012-01-01T23:05:20Z,2026-09-11T11:59:42Z,False,False,success,252
3084583,mattiasw/ExifReader,2026-02,8,2,JavaScript,997,106,4,2012-01-01T23:05:20Z,2026-09-11T11:59:42Z,False,False,success,252
3084583,mattiasw/ExifReader,2026-03,9,2,JavaScript,997,106,4,2012-01-01T23:05:20Z,2026-09-11T11:59:42Z,False,False,success,252
3084583,mattiasw/ExifReader,2026-04,21,4,JavaScript,997,106,4,2012-01-01T23:05:20Z,2026-09-11T11:59:42Z,False,False,success,252
3084583,mattiasw/ExifReader,2026-05,37,2,JavaScript,997,106,4,2012-01-01T23:05:20Z,2026-09-11T11:59:42Z,False,False,success,252
3084583,mattiasw/ExifReader,2026-06,28,3,JavaScript,997,106,4,2012-01-01T23:05:20Z,2026-09-11T11:59:42Z,False,False,success,252
3084583,mattiasw/ExifReader,2026-07,43,2,JavaScript,997,106,4,2012-01-01T23:05:20Z,2026-09-11T11:59:42Z,False,False,success,252
3084583,mattiasw/ExifReader,2026-08,38,2,JavaScript,997,106,4,2012-01-01T23:05:20Z,2026-09-11T11:59:42Z,False,False,success,252
3084583,mattiasw/ExifReader,2026-09,26,2,JavaScript,997,106,4,2012-01-01T23:05:20Z,2026-09-11T11:59:42Z,False,False,success,252
4291387,Netflix/archaius,2025-12,2,1,Java,2497,476,40,2012-05-11T00:07:05Z,2026-07-29T21:37:46Z,False,False,success,4
4291387,Netflix/archaius,2026-06,2,1,Java,2497,476,40,2012-05-11T00:07:05Z,2026-07-29T21:37:46Z,False,False,success,4
4534540,goofychris/art-template,2026-07,1,1,JavaScript,9846,2642,93,2012-06-03T03:37:57Z,2026-07-13T02:00:06Z,False,False,success,1
4549925,bobthecow/psysh,2025-09,7,2,PHP,9833,318,9,2012-06-04T17:15:35Z,2026-09-10T17:36:21Z,False,False,success,364
4549925,bobthecow/psysh,2025-10,48,1,PHP,9833,318,9,2012-06-04T17:15:35Z,2026-09-10T17:36:21Z,False,False,success,364
4549925,bobthecow/psysh,2025-11,45,3,PHP,9833,318,9,2012-06-04T17:15:35Z,2026-09-10T17:36:21Z,False,False,success,364
4549925,bobthecow/psysh,2025-12,25,2,PHP,9833,318,9,2012-06-04T17:15:35Z,2026-09-10T17:36:21Z,False,False,success,364
4549925,bobthecow/psysh,2026-01,19,3,PHP,9833,318,9,2012-06-04T17:15:35Z,2026-09-10T17:36:21Z,False,False,success,364
4549925,bobthecow/psysh,2026-02,19,1,PHP,9833,318,9,2012-06-04T17:15:35Z,2026-09-10T17:36:21Z,False,False,success,364
4549925,bobthecow/psysh,2026-03,102,3,PHP,9833,318,9,2012-06-04T17:15:35Z,2026-09-10T17:36:21Z,False,False,success,364
4549925,bobthecow/psysh,2026-04,7,2,PHP,9833,318,9,2012-06-04T17:15:35Z,2026-09-10T17:36:21Z,False,False,success,364
4549925,bobthecow/psysh,2026-05,22,2,PHP,9833,318,9,2012-06-04T17:15:35Z,2026-09-10T17:36:21Z,False,False,success,364
4549925,bobthecow/psysh,2026-06,19,3,PHP,9833,318,9,2012-06-04T17:15:35Z,2026-09-10T17:36:21Z,False,False,success,364
4549925,bobthecow/psysh,2026-07,12,2,PHP,9833,318,9,2012-06-04T17:15:35Z,2026-09-10T17:36:21Z,False,False,success,364
4549925,bobthecow/psysh,2026-08,21,2,PHP,9833,318,9,2012-06-04T17:15:35Z,2026-09-10T17:36:21Z,False,False,success,364
4549925,bobthecow/psysh,2026-09,18,4,PHP,9833,318,9,2012-06-04T17:15:35Z,2026-09-10T17:36:21Z,False,False,success,364
4826737,LancePutnam/Gamma,2025-11,1,1,C++,499,58,7,2012-06-28T23:05:32Z,2026-09-08T09:43:42Z,False,False,success,13
4826737,LancePutnam/Gamma,2026-04,5,1,C++,499,58,7,2012-06-28T23:05:32Z,2026-09-08T09:43:42Z,False,False,success,13
4826737,LancePutnam/Gamma,2026-08,5,1,C++,499,58,7,2012-06-28T23:05:32Z,2026-09-08T09:43:42Z,False,False,success,13
4826737,LancePutnam/Gamma,2026-09,2,1,C++,499,58,7,2012-06-28T23:05:32Z,2026-09-08T09:43:42Z,False,False,success,13
5192255,Catrobat/Paintroid,2026-07,1,1,Kotlin,499,340,61,2012-07-26T13:09:47Z,2026-09-17T04:29:28Z,False,False,success,1
5407827,stevenshiau/clonezilla,2025-09,26,3,Shell,999,126,98,2012-08-14T03:16:22Z,2026-09-09T09:22:37Z,False,False,success,463
5407827,stevenshiau/clonezilla,2025-10,51,3,Shell,999,126,98,2012-08-14T03:16:22Z,2026-09-09T09:22:37Z,False,False,success,463
5407827,stevenshiau/clonezilla,2025-11,37,2,Shell,999,126,98,2012-08-14T03:16:22Z,2026-09-09T09:22:37Z,False,False,success,463
5407827,stevenshiau/clonezilla,2025-12,21,1,Shell,999,126,98,2012-08-14T03:16:22Z,2026-09-09T09:22:37Z,False,False,success,463
5407827,stevenshiau/clonezilla,2026-01,34,1,Shell,999,126,98,2012-08-14T03:16:22Z,2026-09-09T09:22:37Z,False,False,success,463
5407827,stevenshiau/clonezilla,2026-02,19,1,Shell,999,126,98,2012-08-14T03:16:22Z,2026-09-09T09:22:37Z,False,False,success,463
5407827,stevenshiau/clonezilla,2026-03,64,1,Shell,999,126,98,2012-08-14T03:16:22Z,2026-09-09T09:22:37Z,False,False,success,463
5407827,stevenshiau/clonezilla,2026-04,29,1,Shell,999,126,98,2012-08-14T03:16:22Z,2026-09-09T09:22:37Z,False,False,success,463
5407827,stevenshiau/clonezilla,2026-05,13,2,Shell,999,126,98,2012-08-14T03:16:22Z,2026-09-09T09:22:37Z,False,False,success,463
5407827,stevenshiau/clonezilla,2026-06,58,3,Shell,999,126,98,2012-08-14T03:16:22Z,2026-09-09T09:22:37Z,False,False,success,463
5407827,stevenshiau/clonezilla,2026-07,47,2,Shell,999,126,98,2012-08-14T03:16:22Z,2026-09-09T09:22:37Z,False,False,success,463
5407827,stevenshiau/clonezilla,2026-08,53,4,Shell,999,126,98,2012-08-14T03:16:22Z,2026-09-09T09:22:37Z,False,False,success,463
5407827,stevenshiau/clonezilla,2026-09,11,1,Shell,999,126,98,2012-08-14T03:16:22Z,2026-09-09T09:22:37Z,False,False,success,463
5896437,mmcgrana/gobyexample,2025-09,3,3,Go,8205,1388,14,2012-09-21T03:47:46Z,2026-09-07T16:06:53Z,False,False,success,41
5896437,mmcgrana/gobyexample,2025-10,4,3,Go,8205,1388,14,2012-09-21T03:47:46Z,2026-09-07T16:06:53Z,False,False,success,41
5896437,mmcgrana/gobyexample,2025-11,5,3,Go,8205,1388,14,2012-09-21T03:47:46Z,2026-09-07T16:06:53Z,False,False,success,41
5896437,mmcgrana/gobyexample,2026-01,2,2,Go,8205,1388,14,2012-09-21T03:47:46Z,2026-09-07T16:06:53Z,False,False,success,41
5896437,mmcgrana/gobyexample,2026-02,9,2,Go,8205,1388,14,2012-09-21T03:47:46Z,2026-09-07T16:06:53Z,False,False,success,41
5896437,mmcgrana/gobyexample,2026-04,3,2,Go,8205,1388,14,2012-09-21T03:47:46Z,2026-09-07T16:06:53Z,False,False,success,41
5896437,mmcgrana/gobyexample,2026-05,1,1,Go,8205,1388,14,2012-09-21T03:47:46Z,2026-09-07T16:06:53Z,False,False,success,41
5896437,mmcgrana/gobyexample,2026-06,3,3,Go,8205,1388,14,2012-09-21T03:47:46Z,2026-09-07T16:06:53Z,False,False,success,41
5896437,mmcgrana/gobyexample,2026-07,8,6,Go,8205,1388,14,2012-09-21T03:47:46Z,2026-09-07T16:06:53Z,False,False,success,41
5896437,mmcgrana/gobyexample,2026-09,3,2,Go,8205,1388,14,2012-09-21T03:47:46Z,2026-09-07T16:06:53Z,False,False,success,41
6498492,airbnb/javascript,2026-02,1,1,JavaScript,148241,26573,164,2012-11-01T23:13:50Z,2026-04-16T19:24:09Z,False,False,success,1
6766558,Netflix/Hystrix,2025-12,2,1,Java,24482,4674,58,2012-11-19T20:14:46Z,2025-12-17T03:21:02Z,False,False,success,2
6975711,sintaxi/harp,2026-02,4,1,JavaScript,4995,332,44,2012-12-03T02:49:07Z,2026-07-06T23:35:12Z,False,False,success,27
6975711,sintaxi/harp,2026-06,15,1,JavaScript,4995,332,44,2012-12-03T02:49:07Z,2026-07-06T23:35:12Z,False,False,success,27
6975711,sintaxi/harp,2026-07,8,1,JavaScript,4995,332,44,2012-12-03T02:49:07Z,2026-07-06T23:35:12Z,False,False,success,27
7232856,AGWA/git-crypt,2025-09,11,2,C++,9917,545,128,2012-12-19T00:43:59Z,2025-09-24T14:22:08Z,False,False,success,11
8162715,saleor/saleor,2025-09,19,7,Python,23339,6122,272,2013-02-12T16:46:39Z,2026-09-17T15:16:44Z,False,False,success,499
8162715,saleor/saleor,2025-10,27,11,Python,23339,6122,272,2013-02-12T16:46:39Z,2026-09-17T15:16:44Z,False,False,success,499
8162715,saleor/saleor,2025-11,41,11,Python,23339,6122,272,2013-02-12T16:46:39Z,2026-09-17T15:16:44Z,False,False,success,499
8162715,saleor/saleor,2025-12,27,7,Python,23339,6122,272,2013-02-12T16:46:39Z,2026-09-17T15:16:44Z,False,False,success,499
8162715,saleor/saleor,2026-01,24,8,Python,23339,6122,272,2013-02-12T16:46:39Z,2026-09-17T15:16:44Z,False,False,success,499
8162715,saleor/saleor,2026-02,62,10,Python,23339,6122,272,2013-02-12T16:46:39Z,2026-09-17T15:16:44Z,False,False,success,499
8162715,saleor/saleor,2026-03,55,9,Python,23339,6122,272,2013-02-12T16:46:39Z,2026-09-17T15:16:44Z,False,False,success,499
8162715,saleor/saleor,2026-04,37,7,Python,23339,6122,272,2013-02-12T16:46:39Z,2026-09-17T15:16:44Z,False,False,success,499
8162715,saleor/saleor,2026-05,24,4,Python,23339,6122,272,2013-02-12T16:46:39Z,2026-09-17T15:16:44Z,False,False,success,499
8162715,saleor/saleor,2026-06,57,10,Python,23339,6122,272,2013-02-12T16:46:39Z,2026-09-17T15:16:44Z,False,False,success,499
8162715,saleor/saleor,2026-07,58,6,Python,23339,6122,272,2013-02-12T16:46:39Z,2026-09-17T15:16:44Z,False,False,success,499
8162715,saleor/saleor,2026-08,47,5,Python,23339,6122,272,2013-02-12T16:46:39Z,2026-09-17T15:16:44Z,False,False,success,499
8162715,saleor/saleor,2026-09,21,5,Python,23339,6122,272,2013-02-12T16:46:39Z,2026-09-17T15:16:44Z,False,False,success,499
8552709,theoephraim/node-google-spreadsheet,2026-02,18,4,TypeScript,2493,389,39,2013-03-04T09:53:48Z,2026-09-04T16:54:04Z,False,False,success,23
8552709,theoephraim/node-google-spreadsheet,2026-04,2,1,TypeScript,2493,389,39,2013-03-04T09:53:48Z,2026-09-04T16:54:04Z,False,False,success,23
8552709,theoephraim/node-google-spreadsheet,2026-06,2,1,TypeScript,2493,389,39,2013-03-04T09:53:48Z,2026-09-04T16:54:04Z,False,False,success,23
8552709,theoephraim/node-google-spreadsheet,2026-09,1,1,TypeScript,2493,389,39,2013-03-04T09:53:48Z,2026-09-04T16:54:04Z,False,False,success,23
10054176,Nyr/openvpn-install,2025-09,5,1,Shell,20640,5071,0,2013-05-14T12:03:29Z,2026-09-16T16:00:49Z,False,False,success,10
10054176,Nyr/openvpn-install,2025-11,1,1,Shell,20640,5071,0,2013-05-14T12:03:29Z,2026-09-16T16:00:49Z,False,False,success,10
10054176,Nyr/openvpn-install,2025-12,1,1,Shell,20640,5071,0,2013-05-14T12:03:29Z,2026-09-16T16:00:49Z,False,False,success,10
10054176,Nyr/openvpn-install,2026-03,1,1,Shell,20640,5071,0,2013-05-14T12:03:29Z,2026-09-16T16:00:49Z,False,False,success,10
10054176,Nyr/openvpn-install,2026-07,1,1,Shell,20640,5071,0,2013-05-14T12:03:29Z,2026-09-16T16:00:49Z,False,False,success,10
10054176,Nyr/openvpn-install,2026-09,1,1,Shell,20640,5071,0,2013-05-14T12:03:29Z,2026-09-16T16:00:49Z,False,False,success,10
10270250,react/react,2025-09,73,12,JavaScript,250539,51372,1375,2013-05-24T16:15:54Z,2026-09-17T16:33:43Z,False,False,success,811
10270250,react/react,2025-10,164,22,JavaScript,250539,51372,1375,2013-05-24T16:15:54Z,2026-09-17T16:33:43Z,False,False,success,811
10270250,react/react,2025-11,81,16,JavaScript,250539,51372,1375,2013-05-24T16:15:54Z,2026-09-17T16:33:43Z,False,False,success,811
10270250,react/react,2025-12,39,15,JavaScript,250539,51372,1375,2013-05-24T16:15:54Z,2026-09-17T16:33:43Z,False,False,success,811
10270250,react/react,2026-01,65,13,JavaScript,250539,51372,1375,2013-05-24T16:15:54Z,2026-09-17T16:33:43Z,False,False,success,811
10270250,react/react,2026-02,87,19,JavaScript,250539,51372,1375,2013-05-24T16:15:54Z,2026-09-17T16:33:43Z,False,False,success,811
10270250,react/react,2026-03,41,18,JavaScript,250539,51372,1375,2013-05-24T16:15:54Z,2026-09-17T16:33:43Z,False,False,success,811
10270250,react/react,2026-04,30,13,JavaScript,250539,51372,1375,2013-05-24T16:15:54Z,2026-09-17T16:33:43Z,False,False,success,811
10270250,react/react,2026-05,22,9,JavaScript,250539,51372,1375,2013-05-24T16:15:54Z,2026-09-17T16:33:43Z,False,False,success,811
10270250,react/react,2026-06,51,18,JavaScript,250539,51372,1375,2013-05-24T16:15:54Z,2026-09-17T16:33:43Z,False,False,success,811
10270250,react/react,2026-07,69,22,JavaScript,250539,51372,1375,2013-05-24T16:15:54Z,2026-09-17T16:33:43Z,False,False,success,811
10270250,react/react,2026-08,45,14,JavaScript,250539,51372,1375,2013-05-24T16:15:54Z,2026-09-17T16:33:43Z,False,False,success,811
10270250,react/react,2026-09,44,23,JavaScript,250539,51372,1375,2013-05-24T16:15:54Z,2026-09-17T16:33:43Z,False,False,success,811
12085960,hynek/structlog,2025-09,1,1,Python,4952,298,38,2013-08-13T15:55:58Z,2026-09-05T12:54:41Z,False,False,success,162
12085960,hynek/structlog,2025-10,63,2,Python,4952,298,38,2013-08-13T15:55:58Z,2026-09-05T12:54:41Z,False,False,success,162
12085960,hynek/structlog,2025-11,1,1,Python,4952,298,38,2013-08-13T15:55:58Z,2026-09-05T12:54:41Z,False,False,success,162
12085960,hynek/structlog,2025-12,6,3,Python,4952,298,38,2013-08-13T15:55:58Z,2026-09-05T12:54:41Z,False,False,success,162
12085960,hynek/structlog,2026-01,7,3,Python,4952,298,38,2013-08-13T15:55:58Z,2026-09-05T12:54:41Z,False,False,success,162
12085960,hynek/structlog,2026-02,7,3,Python,4952,298,38,2013-08-13T15:55:58Z,2026-09-05T12:54:41Z,False,False,success,162
12085960,hynek/structlog,2026-03,24,4,Python,4952,298,38,2013-08-13T15:55:58Z,2026-09-05T12:54:41Z,False,False,success,162
12085960,hynek/structlog,2026-04,4,2,Python,4952,298,38,2013-08-13T15:55:58Z,2026-09-05T12:54:41Z,False,False,success,162
12085960,hynek/structlog,2026-05,17,8,Python,4952,298,38,2013-08-13T15:55:58Z,2026-09-05T12:54:41Z,False,False,success,162
12085960,hynek/structlog,2026-06,8,2,Python,4952,298,38,2013-08-13T15:55:58Z,2026-09-05T12:54:41Z,False,False,success,162
12085960,hynek/structlog,2026-07,12,5,Python,4952,298,38,2013-08-13T15:55:58Z,2026-09-05T12:54:41Z,False,False,success,162
12085960,hynek/structlog,2026-08,7,2,Python,4952,298,38,2013-08-13T15:55:58Z,2026-09-05T12:54:41Z,False,False,success,162
12085960,hynek/structlog,2026-09,5,3,Python,4952,298,38,2013-08-13T15:55:58Z,2026-09-05T12:54:41Z,False,False,success,162
12715951,Southpaw-TACTIC/TACTIC,2025-12,8,2,JavaScript,499,170,30,2013-09-10T00:06:41Z,2026-05-24T01:24:56Z,False,False,success,23
12715951,Southpaw-TACTIC/TACTIC,2026-03,6,1,JavaScript,499,170,30,2013-09-10T00:06:41Z,2026-05-24T01:24:56Z,False,False,success,23
12715951,Southpaw-TACTIC/TACTIC,2026-04,6,1,JavaScript,499,170,30,2013-09-10T00:06:41Z,2026-05-24T01:24:56Z,False,False,success,23
12715951,Southpaw-TACTIC/TACTIC,2026-05,3,1,JavaScript,499,170,30,2013-09-10T00:06:41Z,2026-05-24T01:24:56Z,False,False,success,23
12895187,laravelio/laravel.io,2025-09,6,3,PHP,2499,660,12,2013-09-17T12:57:48Z,2026-09-15T18:39:56Z,False,False,success,148
12895187,laravelio/laravel.io,2025-10,14,3,PHP,2499,660,12,2013-09-17T12:57:48Z,2026-09-15T18:39:56Z,False,False,success,148
12895187,laravelio/laravel.io,2025-11,19,4,PHP,2499,660,12,2013-09-17T12:57:48Z,2026-09-15T18:39:56Z,False,False,success,148
12895187,laravelio/laravel.io,2025-12,14,4,PHP,2499,660,12,2013-09-17T12:57:48Z,2026-09-15T18:39:56Z,False,False,success,148
12895187,laravelio/laravel.io,2026-01,14,3,PHP,2499,660,12,2013-09-17T12:57:48Z,2026-09-15T18:39:56Z,False,False,success,148
12895187,laravelio/laravel.io,2026-02,8,2,PHP,2499,660,12,2013-09-17T12:57:48Z,2026-09-15T18:39:56Z,False,False,success,148
12895187,laravelio/laravel.io,2026-03,12,2,PHP,2499,660,12,2013-09-17T12:57:48Z,2026-09-15T18:39:56Z,False,False,success,148
12895187,laravelio/laravel.io,2026-04,11,1,PHP,2499,660,12,2013-09-17T12:57:48Z,2026-09-15T18:39:56Z,False,False,success,148
12895187,laravelio/laravel.io,2026-05,24,2,PHP,2499,660,12,2013-09-17T12:57:48Z,2026-09-15T18:39:56Z,False,False,success,148
12895187,laravelio/laravel.io,2026-06,10,1,PHP,2499,660,12,2013-09-17T12:57:48Z,2026-09-15T18:39:56Z,False,False,success,148
12895187,laravelio/laravel.io,2026-07,5,2,PHP,2499,660,12,2013-09-17T12:57:48Z,2026-09-15T18:39:56Z,False,False,success,148
12895187,laravelio/laravel.io,2026-08,7,1,PHP,2499,660,12,2013-09-17T12:57:48Z,2026-09-15T18:39:56Z,False,False,success,148
12895187,laravelio/laravel.io,2026-09,4,2,PHP,2499,660,12,2013-09-17T12:57:48Z,2026-09-15T18:39:56Z,False,False,success,148
13491895,EbookFoundation/free-programming-books,2025-09,11,7,Python,397043,66787,81,2013-10-11T06:50:37Z,2026-09-15T15:54:40Z,False,False,success,614
13491895,EbookFoundation/free-programming-books,2025-10,436,161,Python,397043,66787,81,2013-10-11T06:50:37Z,2026-09-15T15:54:40Z,False,False,success,614
13491895,EbookFoundation/free-programming-books,2025-11,27,19,Python,397043,66787,81,2013-10-11T06:50:37Z,2026-09-15T15:54:40Z,False,False,success,614
13491895,EbookFoundation/free-programming-books,2025-12,3,3,Python,397043,66787,81,2013-10-11T06:50:37Z,2026-09-15T15:54:40Z,False,False,success,614
13491895,EbookFoundation/free-programming-books,2026-01,8,6,Python,397043,66787,81,2013-10-11T06:50:37Z,2026-09-15T15:54:40Z,False,False,success,614
13491895,EbookFoundation/free-programming-books,2026-02,7,7,Python,397043,66787,81,2013-10-11T06:50:37Z,2026-09-15T15:54:40Z,False,False,success,614
13491895,EbookFoundation/free-programming-books,2026-03,27,21,Python,397043,66787,81,2013-10-11T06:50:37Z,2026-09-15T15:54:40Z,False,False,success,614
13491895,EbookFoundation/free-programming-books,2026-04,5,5,Python,397043,66787,81,2013-10-11T06:50:37Z,2026-09-15T15:54:40Z,False,False,success,614
13491895,EbookFoundation/free-programming-books,2026-05,14,14,Python,397043,66787,81,2013-10-11T06:50:37Z,2026-09-15T15:54:40Z,False,False,success,614
13491895,EbookFoundation/free-programming-books,2026-06,26,22,Python,397043,66787,81,2013-10-11T06:50:37Z,2026-09-15T15:54:40Z,False,False,success,614
13491895,EbookFoundation/free-programming-books,2026-07,16,11,Python,397043,66787,81,2013-10-11T06:50:37Z,2026-09-15T15:54:40Z,False,False,success,614
13491895,EbookFoundation/free-programming-books,2026-08,19,19,Python,397043,66787,81,2013-10-11T06:50:37Z,2026-09-15T15:54:40Z,False,False,success,614
13491895,EbookFoundation/free-programming-books,2026-09,15,13,Python,397043,66787,81,2013-10-11T06:50:37Z,2026-09-15T15:54:40Z,False,False,success,614
15634981,godotengine/godot,2025-09,395,70,C++,117364,26776,18873,2014-01-04T16:05:36Z,2026-09-17T18:12:36Z,False,False,success,9356
15634981,godotengine/godot,2025-10,940,135,C++,117364,26776,18873,2014-01-04T16:05:36Z,2026-09-17T18:12:36Z,False,False,success,9356
15634981,godotengine/godot,2025-11,984,141,C++,117364,26776,18873,2014-01-04T16:05:36Z,2026-09-17T18:12:36Z,False,False,success,9356
15634981,godotengine/godot,2025-12,882,110,C++,117364,26776,18873,2014-01-04T16:05:36Z,2026-09-17T18:12:36Z,False,False,success,9356
15634981,godotengine/godot,2026-01,838,119,C++,117364,26776,18873,2014-01-04T16:05:36Z,2026-09-17T18:12:36Z,False,False,success,9356
15634981,godotengine/godot,2026-02,788,119,C++,117364,26776,18873,2014-01-04T16:05:36Z,2026-09-17T18:12:36Z,False,False,success,9356
15634981,godotengine/godot,2026-03,799,133,C++,117364,26776,18873,2014-01-04T16:05:36Z,2026-09-17T18:12:36Z,False,False,success,9356
15634981,godotengine/godot,2026-04,808,124,C++,117364,26776,18873,2014-01-04T16:05:36Z,2026-09-17T18:12:36Z,False,False,success,9356
15634981,godotengine/godot,2026-05,469,92,C++,117364,26776,18873,2014-01-04T16:05:36Z,2026-09-17T18:12:36Z,False,False,success,9356
15634981,godotengine/godot,2026-06,638,103,C++,117364,26776,18873,2014-01-04T16:05:36Z,2026-09-17T18:12:36Z,False,False,success,9356
15634981,godotengine/godot,2026-07,781,129,C++,117364,26776,18873,2014-01-04T16:05:36Z,2026-09-17T18:12:36Z,False,False,success,9356
15634981,godotengine/godot,2026-08,682,112,C++,117364,26776,18873,2014-01-04T16:05:36Z,2026-09-17T18:12:36Z,False,False,success,9356
15634981,godotengine/godot,2026-09,352,62,C++,117364,26776,18873,2014-01-04T16:05:36Z,2026-09-17T18:12:36Z,False,False,success,9356
17042400,go-mysql-org/go-mysql,2025-10,5,3,Go,4967,1076,156,2014-02-21T01:56:45Z,2026-09-08T13:50:57Z,False,False,success,81
17042400,go-mysql-org/go-mysql,2025-11,1,1,Go,4967,1076,156,2014-02-21T01:56:45Z,2026-09-08T13:50:57Z,False,False,success,81
17042400,go-mysql-org/go-mysql,2025-12,11,4,Go,4967,1076,156,2014-02-21T01:56:45Z,2026-09-08T13:50:57Z,False,False,success,81
17042400,go-mysql-org/go-mysql,2026-01,1,1,Go,4967,1076,156,2014-02-21T01:56:45Z,2026-09-08T13:50:57Z,False,False,success,81
17042400,go-mysql-org/go-mysql,2026-02,16,6,Go,4967,1076,156,2014-02-21T01:56:45Z,2026-09-08T13:50:57Z,False,False,success,81
17042400,go-mysql-org/go-mysql,2026-03,3,3,Go,4967,1076,156,2014-02-21T01:56:45Z,2026-09-08T13:50:57Z,False,False,success,81
17042400,go-mysql-org/go-mysql,2026-04,2,2,Go,4967,1076,156,2014-02-21T01:56:45Z,2026-09-08T13:50:57Z,False,False,success,81
17042400,go-mysql-org/go-mysql,2026-05,11,4,Go,4967,1076,156,2014-02-21T01:56:45Z,2026-09-08T13:50:57Z,False,False,success,81
17042400,go-mysql-org/go-mysql,2026-06,5,4,Go,4967,1076,156,2014-02-21T01:56:45Z,2026-09-08T13:50:57Z,False,False,success,81
17042400,go-mysql-org/go-mysql,2026-07,13,7,Go,4967,1076,156,2014-02-21T01:56:45Z,2026-09-08T13:50:57Z,False,False,success,81
17042400,go-mysql-org/go-mysql,2026-08,9,6,Go,4967,1076,156,2014-02-21T01:56:45Z,2026-09-08T13:50:57Z,False,False,success,81
17042400,go-mysql-org/go-mysql,2026-09,4,4,Go,4967,1076,156,2014-02-21T01:56:45Z,2026-09-08T13:50:57Z,False,False,success,81
17119190,Propaganistas/Laravel-Phone,2026-02,1,1,PHP,3031,233,0,2014-02-23T22:54:38Z,2026-09-17T07:40:44Z,False,False,success,6
17119190,Propaganistas/Laravel-Phone,2026-03,1,1,PHP,3031,233,0,2014-02-23T22:54:38Z,2026-09-17T07:40:44Z,False,False,success,6
17119190,Propaganistas/Laravel-Phone,2026-05,1,1,PHP,3031,233,0,2014-02-23T22:54:38Z,2026-09-17T07:40:44Z,False,False,success,6
17119190,Propaganistas/Laravel-Phone,2026-08,1,1,PHP,3031,233,0,2014-02-23T22:54:38Z,2026-09-17T07:40:44Z,False,False,success,6
17119190,Propaganistas/Laravel-Phone,2026-09,2,1,PHP,3031,233,0,2014-02-23T22:54:38Z,2026-09-17T07:40:44Z,False,False,success,6
17728164,hashicorp/terraform,2025-09,21,9,Go,49698,10622,1928,2014-03-13T22:25:48Z,2026-09-17T14:38:50Z,False,False,success,1216
17728164,hashicorp/terraform,2025-10,68,14,Go,49698,10622,1928,2014-03-13T22:25:48Z,2026-09-17T14:38:50Z,False,False,success,1216
17728164,hashicorp/terraform,2025-11,44,10,Go,49698,10622,1928,2014-03-13T22:25:48Z,2026-09-17T14:38:50Z,False,False,success,1216
17728164,hashicorp/terraform,2025-12,32,13,Go,49698,10622,1928,2014-03-13T22:25:48Z,2026-09-17T14:38:50Z,False,False,success,1216
17728164,hashicorp/terraform,2026-01,35,10,Go,49698,10622,1928,2014-03-13T22:25:48Z,2026-09-17T14:38:50Z,False,False,success,1216
17728164,hashicorp/terraform,2026-02,168,17,Go,49698,10622,1928,2014-03-13T22:25:48Z,2026-09-17T14:38:50Z,False,False,success,1216
17728164,hashicorp/terraform,2026-03,206,15,Go,49698,10622,1928,2014-03-13T22:25:48Z,2026-09-17T14:38:50Z,False,False,success,1216
17728164,hashicorp/terraform,2026-04,74,11,Go,49698,10622,1928,2014-03-13T22:25:48Z,2026-09-17T14:38:50Z,False,False,success,1216
17728164,hashicorp/terraform,2026-05,78,13,Go,49698,10622,1928,2014-03-13T22:25:48Z,2026-09-17T14:38:50Z,False,False,success,1216
17728164,hashicorp/terraform,2026-06,163,12,Go,49698,10622,1928,2014-03-13T22:25:48Z,2026-09-17T14:38:50Z,False,False,success,1216
17728164,hashicorp/terraform,2026-07,137,18,Go,49698,10622,1928,2014-03-13T22:25:48Z,2026-09-17T14:38:50Z,False,False,success,1216
17728164,hashicorp/terraform,2026-08,120,12,Go,49698,10622,1928,2014-03-13T22:25:48Z,2026-09-17T14:38:50Z,False,False,success,1216
17728164,hashicorp/terraform,2026-09,70,12,Go,49698,10622,1928,2014-03-13T22:25:48Z,2026-09-17T14:38:50Z,False,False,success,1216
18719856,Stellarium/stellarium,2025-09,289,10,C++,9991,1051,410,2014-04-13T02:41:56Z,2026-09-17T12:42:33Z,False,False,success,5779
18719856,Stellarium/stellarium,2025-10,423,9,C++,9991,1051,410,2014-04-13T02:41:56Z,2026-09-17T12:42:33Z,False,False,success,5779
18719856,Stellarium/stellarium,2025-11,498,11,C++,9991,1051,410,2014-04-13T02:41:56Z,2026-09-17T12:42:33Z,False,False,success,5779
18719856,Stellarium/stellarium,2025-12,998,13,C++,9991,1051,410,2014-04-13T02:41:56Z,2026-09-17T12:42:33Z,False,False,success,5779
18719856,Stellarium/stellarium,2026-01,59,4,C++,9991,1051,410,2014-04-13T02:41:56Z,2026-09-17T12:42:33Z,False,False,success,5779
18719856,Stellarium/stellarium,2026-02,493,6,C++,9991,1051,410,2014-04-13T02:41:56Z,2026-09-17T12:42:33Z,False,False,success,5779
18719856,Stellarium/stellarium,2026-03,540,10,C++,9991,1051,410,2014-04-13T02:41:56Z,2026-09-17T12:42:33Z,False,False,success,5779
18719856,Stellarium/stellarium,2026-04,107,10,C++,9991,1051,410,2014-04-13T02:41:56Z,2026-09-17T12:42:33Z,False,False,success,5779
18719856,Stellarium/stellarium,2026-05,705,9,C++,9991,1051,410,2014-04-13T02:41:56Z,2026-09-17T12:42:33Z,False,False,success,5779
18719856,Stellarium/stellarium,2026-06,600,14,C++,9991,1051,410,2014-04-13T02:41:56Z,2026-09-17T12:42:33Z,False,False,success,5779
18719856,Stellarium/stellarium,2026-07,188,11,C++,9991,1051,410,2014-04-13T02:41:56Z,2026-09-17T12:42:33Z,False,False,success,5779
18719856,Stellarium/stellarium,2026-08,499,12,C++,9991,1051,410,2014-04-13T02:41:56Z,2026-09-17T12:42:33Z,False,False,success,5779
18719856,Stellarium/stellarium,2026-09,380,7,C++,9991,1051,410,2014-04-13T02:41:56Z,2026-09-17T12:42:33Z,False,False,success,5779
19415064,ossu/computer-science,2025-12,3,2,HTML,209080,25871,28,2014-05-04T00:18:39Z,2026-07-14T05:38:25Z,False,False,success,23
19415064,ossu/computer-science,2026-01,2,2,HTML,209080,25871,28,2014-05-04T00:18:39Z,2026-07-14T05:38:25Z,False,False,success,23
19415064,ossu/computer-science,2026-02,3,2,HTML,209080,25871,28,2014-05-04T00:18:39Z,2026-07-14T05:38:25Z,False,False,success,23
19415064,ossu/computer-science,2026-03,8,5,HTML,209080,25871,28,2014-05-04T00:18:39Z,2026-07-14T05:38:25Z,False,False,success,23
19415064,ossu/computer-science,2026-04,3,1,HTML,209080,25871,28,2014-05-04T00:18:39Z,2026-07-14T05:38:25Z,False,False,success,23
19415064,ossu/computer-science,2026-06,2,1,HTML,209080,25871,28,2014-05-04T00:18:39Z,2026-07-14T05:38:25Z,False,False,success,23
19415064,ossu/computer-science,2026-07,2,1,HTML,209080,25871,28,2014-05-04T00:18:39Z,2026-07-14T05:38:25Z,False,False,success,23
20506004,Quick/Quick,2025-10,3,2,Swift,9826,895,49,2014-06-05T00:29:53Z,2026-05-18T15:19:28Z,False,False,success,7
20506004,Quick/Quick,2025-12,1,1,Swift,9826,895,49,2014-06-05T00:29:53Z,2026-05-18T15:19:28Z,False,False,success,7
20506004,Quick/Quick,2026-01,1,1,Swift,9826,895,49,2014-06-05T00:29:53Z,2026-05-18T15:19:28Z,False,False,success,7
20506004,Quick/Quick,2026-02,1,1,Swift,9826,895,49,2014-06-05T00:29:53Z,2026-05-18T15:19:28Z,False,False,success,7
20506004,Quick/Quick,2026-03,1,1,Swift,9826,895,49,2014-06-05T00:29:53Z,2026-05-18T15:19:28Z,False,False,success,7
22067521,ocornut/imgui,2025-09,32,7,C++,76230,12039,1228,2014-07-21T14:29:47Z,2026-09-17T13:17:31Z,False,False,success,767
22067521,ocornut/imgui,2025-10,72,5,C++,76230,12039,1228,2014-07-21T14:29:47Z,2026-09-17T13:17:31Z,False,False,success,767
22067521,ocornut/imgui,2025-11,92,9,C++,76230,12039,1228,2014-07-21T14:29:47Z,2026-09-17T13:17:31Z,False,False,success,767
22067521,ocornut/imgui,2025-12,42,3,C++,76230,12039,1228,2014-07-21T14:29:47Z,2026-09-17T13:17:31Z,False,False,success,767
22067521,ocornut/imgui,2026-01,54,10,C++,76230,12039,1228,2014-07-21T14:29:47Z,2026-09-17T13:17:31Z,False,False,success,767
22067521,ocornut/imgui,2026-02,60,10,C++,76230,12039,1228,2014-07-21T14:29:47Z,2026-09-17T13:17:31Z,False,False,success,767
22067521,ocornut/imgui,2026-03,71,13,C++,76230,12039,1228,2014-07-21T14:29:47Z,2026-09-17T13:17:31Z,False,False,success,767
22067521,ocornut/imgui,2026-04,97,8,C++,76230,12039,1228,2014-07-21T14:29:47Z,2026-09-17T13:17:31Z,False,False,success,767
22067521,ocornut/imgui,2026-05,41,5,C++,76230,12039,1228,2014-07-21T14:29:47Z,2026-09-17T13:17:31Z,False,False,success,767
22067521,ocornut/imgui,2026-06,57,7,C++,76230,12039,1228,2014-07-21T14:29:47Z,2026-09-17T13:17:31Z,False,False,success,767
22067521,ocornut/imgui,2026-07,76,10,C++,76230,12039,1228,2014-07-21T14:29:47Z,2026-09-17T13:17:31Z,False,False,success,767
22067521,ocornut/imgui,2026-08,33,4,C++,76230,12039,1228,2014-07-21T14:29:47Z,2026-09-17T13:17:31Z,False,False,success,767
22067521,ocornut/imgui,2026-09,40,4,C++,76230,12039,1228,2014-07-21T14:29:47Z,2026-09-17T13:17:31Z,False,False,success,767
22394357,osquery/osquery,2025-09,2,2,C++,23578,2597,647,2014-07-29T20:27:33Z,2026-09-17T17:42:40Z,False,False,success,132
22394357,osquery/osquery,2025-10,10,7,C++,23578,2597,647,2014-07-29T20:27:33Z,2026-09-17T17:42:40Z,False,False,success,132
22394357,osquery/osquery,2025-11,1,1,C++,23578,2597,647,2014-07-29T20:27:33Z,2026-09-17T17:42:40Z,False,False,success,132
22394357,osquery/osquery,2025-12,11,4,C++,23578,2597,647,2014-07-29T20:27:33Z,2026-09-17T17:42:40Z,False,False,success,132
22394357,osquery/osquery,2026-01,3,3,C++,23578,2597,647,2014-07-29T20:27:33Z,2026-09-17T17:42:40Z,False,False,success,132
22394357,osquery/osquery,2026-02,14,8,C++,23578,2597,647,2014-07-29T20:27:33Z,2026-09-17T17:42:40Z,False,False,success,132
22394357,osquery/osquery,2026-03,9,6,C++,23578,2597,647,2014-07-29T20:27:33Z,2026-09-17T17:42:40Z,False,False,success,132
22394357,osquery/osquery,2026-04,26,9,C++,23578,2597,647,2014-07-29T20:27:33Z,2026-09-17T17:42:40Z,False,False,success,132
22394357,osquery/osquery,2026-05,5,5,C++,23578,2597,647,2014-07-29T20:27:33Z,2026-09-17T17:42:40Z,False,False,success,132
22394357,osquery/osquery,2026-06,8,5,C++,23578,2597,647,2014-07-29T20:27:33Z,2026-09-17T17:42:40Z,False,False,success,132
22394357,osquery/osquery,2026-07,18,8,C++,23578,2597,647,2014-07-29T20:27:33Z,2026-09-17T17:42:40Z,False,False,success,132
22394357,osquery/osquery,2026-08,10,8,C++,23578,2597,647,2014-07-29T20:27:33Z,2026-09-17T17:42:40Z,False,False,success,132
22394357,osquery/osquery,2026-09,15,9,C++,23578,2597,647,2014-07-29T20:27:33Z,2026-09-17T17:42:40Z,False,False,success,132
23022345,DMarby/picsum-photos,2026-01,28,1,Go,2484,171,2,2014-08-16T16:38:49Z,2026-01-30T20:15:05Z,False,False,success,28
23086893,google/re2,2025-09,7,1,C++,9799,1243,66,2014-08-18T21:21:26Z,2026-01-22T23:28:54Z,False,False,success,17
23086893,google/re2,2025-11,8,1,C++,9799,1243,66,2014-08-18T21:21:26Z,2026-01-22T23:28:54Z,False,False,success,17
23086893,google/re2,2026-01,2,1,C++,9799,1243,66,2014-08-18T21:21:26Z,2026-01-22T23:28:54Z,False,False,success,17
23357588,protocolbuffers/protobuf,2025-09,71,14,C++,72040,16289,370,2014-08-26T15:52:15Z,2026-09-17T18:11:03Z,False,False,success,2521
23357588,protocolbuffers/protobuf,2025-10,257,24,C++,72040,16289,370,2014-08-26T15:52:15Z,2026-09-17T18:11:03Z,False,False,success,2521
23357588,protocolbuffers/protobuf,2025-11,179,24,C++,72040,16289,370,2014-08-26T15:52:15Z,2026-09-17T18:11:03Z,False,False,success,2521
23357588,protocolbuffers/protobuf,2025-12,162,21,C++,72040,16289,370,2014-08-26T15:52:15Z,2026-09-17T18:11:03Z,False,False,success,2521
23357588,protocolbuffers/protobuf,2026-01,185,33,C++,72040,16289,370,2014-08-26T15:52:15Z,2026-09-17T18:11:03Z,False,False,success,2521
23357588,protocolbuffers/protobuf,2026-02,150,30,C++,72040,16289,370,2014-08-26T15:52:15Z,2026-09-17T18:11:03Z,False,False,success,2521
23357588,protocolbuffers/protobuf,2026-03,216,24,C++,72040,16289,370,2014-08-26T15:52:15Z,2026-09-17T18:11:03Z,False,False,success,2521
23357588,protocolbuffers/protobuf,2026-04,230,31,C++,72040,16289,370,2014-08-26T15:52:15Z,2026-09-17T18:11:03Z,False,False,success,2521
23357588,protocolbuffers/protobuf,2026-05,224,50,C++,72040,16289,370,2014-08-26T15:52:15Z,2026-09-17T18:11:03Z,False,False,success,2521
23357588,protocolbuffers/protobuf,2026-06,232,40,C++,72040,16289,370,2014-08-26T15:52:15Z,2026-09-17T18:11:03Z,False,False,success,2521
23357588,protocolbuffers/protobuf,2026-07,285,36,C++,72040,16289,370,2014-08-26T15:52:15Z,2026-09-17T18:11:03Z,False,False,success,2521
23357588,protocolbuffers/protobuf,2026-08,242,30,C++,72040,16289,370,2014-08-26T15:52:15Z,2026-09-17T18:11:03Z,False,False,success,2521
23357588,protocolbuffers/protobuf,2026-09,88,14,C++,72040,16289,370,2014-08-26T15:52:15Z,2026-09-17T18:11:03Z,False,False,success,2521
28457823,freeCodeCamp/freeCodeCamp,2025-09,122,45,TypeScript,455711,46502,213,2014-12-24T17:49:19Z,2026-09-17T15:33:05Z,False,False,success,3536
28457823,freeCodeCamp/freeCodeCamp,2025-10,468,77,TypeScript,455711,46502,213,2014-12-24T17:49:19Z,2026-09-17T15:33:05Z,False,False,success,3536
28457823,freeCodeCamp/freeCodeCamp,2025-11,310,122,TypeScript,455711,46502,213,2014-12-24T17:49:19Z,2026-09-17T15:33:05Z,False,False,success,3536
28457823,freeCodeCamp/freeCodeCamp,2025-12,342,99,TypeScript,455711,46502,213,2014-12-24T17:49:19Z,2026-09-17T15:33:05Z,False,False,success,3536
28457823,freeCodeCamp/freeCodeCamp,2026-01,338,91,TypeScript,455711,46502,213,2014-12-24T17:49:19Z,2026-09-17T15:33:05Z,False,False,success,3536
28457823,freeCodeCamp/freeCodeCamp,2026-02,249,64,TypeScript,455711,46502,213,2014-12-24T17:49:19Z,2026-09-17T15:33:05Z,False,False,success,3536
28457823,freeCodeCamp/freeCodeCamp,2026-03,324,64,TypeScript,455711,46502,213,2014-12-24T17:49:19Z,2026-09-17T15:33:05Z,False,False,success,3536
28457823,freeCodeCamp/freeCodeCamp,2026-04,224,50,TypeScript,455711,46502,213,2014-12-24T17:49:19Z,2026-09-17T15:33:05Z,False,False,success,3536
28457823,freeCodeCamp/freeCodeCamp,2026-05,176,85,TypeScript,455711,46502,213,2014-12-24T17:49:19Z,2026-09-17T15:33:05Z,False,False,success,3536
28457823,freeCodeCamp/freeCodeCamp,2026-06,252,119,TypeScript,455711,46502,213,2014-12-24T17:49:19Z,2026-09-17T15:33:05Z,False,False,success,3536
28457823,freeCodeCamp/freeCodeCamp,2026-07,305,158,TypeScript,455711,46502,213,2014-12-24T17:49:19Z,2026-09-17T15:33:05Z,False,False,success,3536
28457823,freeCodeCamp/freeCodeCamp,2026-08,277,110,TypeScript,455711,46502,213,2014-12-24T17:49:19Z,2026-09-17T15:33:05Z,False,False,success,3536
28457823,freeCodeCamp/freeCodeCamp,2026-09,149,58,TypeScript,455711,46502,213,2014-12-24T17:49:19Z,2026-09-17T15:33:05Z,False,False,success,3536
28515839,skywind3000/kcp,2026-05,26,2,C,16908,2629,196,2014-12-26T16:46:34Z,2026-06-23T06:21:10Z,False,False,success,30
28515839,skywind3000/kcp,2026-06,4,3,C,16908,2629,196,2014-12-26T16:46:34Z,2026-06-23T06:21:10Z,False,False,success,30
29397594,ssloy/tinyrenderer,2025-11,1,1,C++,24254,2302,4,2015-01-17T16:46:01Z,2026-07-29T12:13:12Z,False,False,success,3
29397594,ssloy/tinyrenderer,2026-07,2,2,C++,24254,2302,4,2015-01-17T16:46:01Z,2026-07-29T12:13:12Z,False,False,success,3
30088118,mat/besticon,2025-11,7,1,Go,998,173,9,2015-01-30T19:50:12Z,2026-09-06T19:15:47Z,False,False,success,39
30088118,mat/besticon,2026-02,10,1,Go,998,173,9,2015-01-30T19:50:12Z,2026-09-06T19:15:47Z,False,False,success,39
30088118,mat/besticon,2026-03,12,1,Go,998,173,9,2015-01-30T19:50:12Z,2026-09-06T19:15:47Z,False,False,success,39
30088118,mat/besticon,2026-06,1,1,Go,998,173,9,2015-01-30T19:50:12Z,2026-09-06T19:15:47Z,False,False,success,39
30088118,mat/besticon,2026-07,2,1,Go,998,173,9,2015-01-30T19:50:12Z,2026-09-06T19:15:47Z,False,False,success,39
30088118,mat/besticon,2026-08,4,2,Go,998,173,9,2015-01-30T19:50:12Z,2026-09-06T19:15:47Z,False,False,success,39
30088118,mat/besticon,2026-09,3,2,Go,998,173,9,2015-01-30T19:50:12Z,2026-09-06T19:15:47Z,False,False,success,39
30202970,karlhorky/learn-to-program,2026-09,1,1,,4935,250,24,2015-02-02T19:04:32Z,2026-09-14T20:05:49Z,False,False,success,1
30203935,metabase/metabase,2025-09,237,54,Clojure,49310,6824,4392,2015-02-02T19:25:47Z,2026-09-17T18:16:20Z,False,False,success,6755
30203935,metabase/metabase,2025-10,426,54,Clojure,49310,6824,4392,2015-02-02T19:25:47Z,2026-09-17T18:16:20Z,False,False,success,6755
30203935,metabase/metabase,2025-11,386,53,Clojure,49310,6824,4392,2015-02-02T19:25:47Z,2026-09-17T18:16:20Z,False,False,success,6755
30203935,metabase/metabase,2025-12,453,57,Clojure,49310,6824,4392,2015-02-02T19:25:47Z,2026-09-17T18:16:20Z,False,False,success,6755
30203935,metabase/metabase,2026-01,482,61,Clojure,49310,6824,4392,2015-02-02T19:25:47Z,2026-09-17T18:16:20Z,False,False,success,6755
30203935,metabase/metabase,2026-02,492,58,Clojure,49310,6824,4392,2015-02-02T19:25:47Z,2026-09-17T18:16:20Z,False,False,success,6755
30203935,metabase/metabase,2026-03,543,60,Clojure,49310,6824,4392,2015-02-02T19:25:47Z,2026-09-17T18:16:20Z,False,False,success,6755
30203935,metabase/metabase,2026-04,575,59,Clojure,49310,6824,4392,2015-02-02T19:25:47Z,2026-09-17T18:16:20Z,False,False,success,6755
30203935,metabase/metabase,2026-05,579,59,Clojure,49310,6824,4392,2015-02-02T19:25:47Z,2026-09-17T18:16:20Z,False,False,success,6755
30203935,metabase/metabase,2026-06,724,66,Clojure,49310,6824,4392,2015-02-02T19:25:47Z,2026-09-17T18:16:20Z,False,False,success,6755
30203935,metabase/metabase,2026-07,693,62,Clojure,49310,6824,4392,2015-02-02T19:25:47Z,2026-09-17T18:16:20Z,False,False,success,6755
30203935,metabase/metabase,2026-08,685,58,Clojure,49310,6824,4392,2015-02-02T19:25:47Z,2026-09-17T18:16:20Z,False,False,success,6755
30203935,metabase/metabase,2026-09,480,57,Clojure,49310,6824,4392,2015-02-02T19:25:47Z,2026-09-17T18:16:20Z,False,False,success,6755
31365325,happydog-intj/JsBridge,2026-09,8,1,Java,9909,2002,133,2015-02-26T12:10:58Z,2026-09-12T04:06:55Z,False,False,success,8
32243098,coin-or/pulp,2025-10,4,2,Python,2483,433,38,2015-03-15T03:21:16Z,2026-08-14T15:32:13Z,False,False,success,49
32243098,coin-or/pulp,2025-11,1,1,Python,2483,433,38,2015-03-15T03:21:16Z,2026-08-14T15:32:13Z,False,False,success,49
32243098,coin-or/pulp,2026-04,6,1,Python,2483,433,38,2015-03-15T03:21:16Z,2026-08-14T15:32:13Z,False,False,success,49
32243098,coin-or/pulp,2026-05,20,6,Python,2483,433,38,2015-03-15T03:21:16Z,2026-08-14T15:32:13Z,False,False,success,49
32243098,coin-or/pulp,2026-06,16,4,Python,2483,433,38,2015-03-15T03:21:16Z,2026-08-14T15:32:13Z,False,False,success,49
32243098,coin-or/pulp,2026-08,2,2,Python,2483,433,38,2015-03-15T03:21:16Z,2026-08-14T15:32:13Z,False,False,success,49
32484381,ripienaar/free-for-dev,2025-09,18,9,HTML,137687,14506,11,2015-03-18T21:06:26Z,2026-09-17T11:35:14Z,False,False,success,803
32484381,ripienaar/free-for-dev,2025-10,48,17,HTML,137687,14506,11,2015-03-18T21:06:26Z,2026-09-17T11:35:14Z,False,False,success,803
32484381,ripienaar/free-for-dev,2025-11,32,13,HTML,137687,14506,11,2015-03-18T21:06:26Z,2026-09-17T11:35:14Z,False,False,success,803
32484381,ripienaar/free-for-dev,2025-12,54,20,HTML,137687,14506,11,2015-03-18T21:06:26Z,2026-09-17T11:35:14Z,False,False,success,803
32484381,ripienaar/free-for-dev,2026-01,65,21,HTML,137687,14506,11,2015-03-18T21:06:26Z,2026-09-17T11:35:14Z,False,False,success,803
32484381,ripienaar/free-for-dev,2026-02,49,22,HTML,137687,14506,11,2015-03-18T21:06:26Z,2026-09-17T11:35:14Z,False,False,success,803
32484381,ripienaar/free-for-dev,2026-03,86,30,HTML,137687,14506,11,2015-03-18T21:06:26Z,2026-09-17T11:35:14Z,False,False,success,803
32484381,ripienaar/free-for-dev,2026-04,51,20,HTML,137687,14506,11,2015-03-18T21:06:26Z,2026-09-17T11:35:14Z,False,False,success,803
32484381,ripienaar/free-for-dev,2026-05,61,22,HTML,137687,14506,11,2015-03-18T21:06:26Z,2026-09-17T11:35:14Z,False,False,success,803
32484381,ripienaar/free-for-dev,2026-06,74,30,HTML,137687,14506,11,2015-03-18T21:06:26Z,2026-09-17T11:35:14Z,False,False,success,803
32484381,ripienaar/free-for-dev,2026-07,113,46,HTML,137687,14506,11,2015-03-18T21:06:26Z,2026-09-17T11:35:14Z,False,False,success,803
32484381,ripienaar/free-for-dev,2026-08,117,44,HTML,137687,14506,11,2015-03-18T21:06:26Z,2026-09-17T11:35:14Z,False,False,success,803
32484381,ripienaar/free-for-dev,2026-09,35,15,HTML,137687,14506,11,2015-03-18T21:06:26Z,2026-09-17T11:35:14Z,False,False,success,803
33200340,react-native-linear-gradient/react-native-linear-gradient,2025-12,24,2,TypeScript,4956,705,180,2015-03-31T17:44:40Z,2026-02-20T18:46:02Z,False,False,success,48
33200340,react-native-linear-gradient/react-native-linear-gradient,2026-01,14,3,TypeScript,4956,705,180,2015-03-31T17:44:40Z,2026-02-20T18:46:02Z,False,False,success,48
33200340,react-native-linear-gradient/react-native-linear-gradient,2026-02,10,2,TypeScript,4956,705,180,2015-03-31T17:44:40Z,2026-02-20T18:46:02Z,False,False,success,48
33486016,onevcat/Kingfisher,2025-09,3,1,Swift,24402,2772,175,2015-04-06T14:26:21Z,2026-09-15T16:42:10Z,False,False,success,300
33486016,onevcat/Kingfisher,2025-10,12,3,Swift,24402,2772,175,2015-04-06T14:26:21Z,2026-09-15T16:42:10Z,False,False,success,300
33486016,onevcat/Kingfisher,2025-11,6,1,Swift,24402,2772,175,2015-04-06T14:26:21Z,2026-09-15T16:42:10Z,False,False,success,300
33486016,onevcat/Kingfisher,2025-12,39,3,Swift,24402,2772,175,2015-04-06T14:26:21Z,2026-09-15T16:42:10Z,False,False,success,300
33486016,onevcat/Kingfisher,2026-01,8,2,Swift,24402,2772,175,2015-04-06T14:26:21Z,2026-09-15T16:42:10Z,False,False,success,300
33486016,onevcat/Kingfisher,2026-02,28,3,Swift,24402,2772,175,2015-04-06T14:26:21Z,2026-09-15T16:42:10Z,False,False,success,300
33486016,onevcat/Kingfisher,2026-03,24,3,Swift,24402,2772,175,2015-04-06T14:26:21Z,2026-09-15T16:42:10Z,False,False,success,300
33486016,onevcat/Kingfisher,2026-04,37,6,Swift,24402,2772,175,2015-04-06T14:26:21Z,2026-09-15T16:42:10Z,False,False,success,300
33486016,onevcat/Kingfisher,2026-05,28,1,Swift,24402,2772,175,2015-04-06T14:26:21Z,2026-09-15T16:42:10Z,False,False,success,300
33486016,onevcat/Kingfisher,2026-06,28,5,Swift,24402,2772,175,2015-04-06T14:26:21Z,2026-09-15T16:42:10Z,False,False,success,300
33486016,onevcat/Kingfisher,2026-07,49,6,Swift,24402,2772,175,2015-04-06T14:26:21Z,2026-09-15T16:42:10Z,False,False,success,300
33486016,onevcat/Kingfisher,2026-08,26,8,Swift,24402,2772,175,2015-04-06T14:26:21Z,2026-09-15T16:42:10Z,False,False,success,300
33486016,onevcat/Kingfisher,2026-09,12,3,Swift,24402,2772,175,2015-04-06T14:26:21Z,2026-09-15T16:42:10Z,False,False,success,300
33569135,ReactiveX/RxSwift,2026-01,23,9,Swift,24642,4154,15,2015-04-07T21:25:17Z,2026-09-04T18:37:03Z,False,False,success,42
33569135,ReactiveX/RxSwift,2026-03,2,2,Swift,24642,4154,15,2015-04-07T21:25:17Z,2026-09-04T18:37:03Z,False,False,success,42
33569135,ReactiveX/RxSwift,2026-08,15,5,Swift,24642,4154,15,2015-04-07T21:25:17Z,2026-09-04T18:37:03Z,False,False,success,42
33569135,ReactiveX/RxSwift,2026-09,2,2,Swift,24642,4154,15,2015-04-07T21:25:17Z,2026-09-04T18:37:03Z,False,False,success,42
33943153,cssnano/cssnano,2025-09,1,1,CSS,4975,330,54,2015-04-14T16:23:09Z,2026-09-17T16:09:57Z,False,False,success,447
33943153,cssnano/cssnano,2025-10,8,2,CSS,4975,330,54,2015-04-14T16:23:09Z,2026-09-17T16:09:57Z,False,False,success,447
33943153,cssnano/cssnano,2025-12,4,1,CSS,4975,330,54,2015-04-14T16:23:09Z,2026-09-17T16:09:57Z,False,False,success,447
33943153,cssnano/cssnano,2026-02,4,2,CSS,4975,330,54,2015-04-14T16:23:09Z,2026-09-17T16:09:57Z,False,False,success,447
33943153,cssnano/cssnano,2026-03,17,3,CSS,4975,330,54,2015-04-14T16:23:09Z,2026-09-17T16:09:57Z,False,False,success,447
33943153,cssnano/cssnano,2026-04,22,3,CSS,4975,330,54,2015-04-14T16:23:09Z,2026-09-17T16:09:57Z,False,False,success,447
33943153,cssnano/cssnano,2026-05,28,3,CSS,4975,330,54,2015-04-14T16:23:09Z,2026-09-17T16:09:57Z,False,False,success,447
33943153,cssnano/cssnano,2026-06,20,4,CSS,4975,330,54,2015-04-14T16:23:09Z,2026-09-17T16:09:57Z,False,False,success,447
33943153,cssnano/cssnano,2026-07,68,3,CSS,4975,330,54,2015-04-14T16:23:09Z,2026-09-17T16:09:57Z,False,False,success,447
33943153,cssnano/cssnano,2026-08,231,2,CSS,4975,330,54,2015-04-14T16:23:09Z,2026-09-17T16:09:57Z,False,False,success,447
33943153,cssnano/cssnano,2026-09,44,3,CSS,4975,330,54,2015-04-14T16:23:09Z,2026-09-17T16:09:57Z,False,False,success,447
36633370,awesome-selfhosted/awesome-selfhosted,2025-09,12,1,,319878,15027,0,2015-06-01T02:33:17Z,2026-09-15T18:43:10Z,False,False,success,246
36633370,awesome-selfhosted/awesome-selfhosted,2025-10,18,1,,319878,15027,0,2015-06-01T02:33:17Z,2026-09-15T18:43:10Z,False,False,success,246
36633370,awesome-selfhosted/awesome-selfhosted,2025-11,14,1,,319878,15027,0,2015-06-01T02:33:17Z,2026-09-15T18:43:10Z,False,False,success,246
36633370,awesome-selfhosted/awesome-selfhosted,2025-12,10,1,,319878,15027,0,2015-06-01T02:33:17Z,2026-09-15T18:43:10Z,False,False,success,246
36633370,awesome-selfhosted/awesome-selfhosted,2026-01,19,1,,319878,15027,0,2015-06-01T02:33:17Z,2026-09-15T18:43:10Z,False,False,success,246
36633370,awesome-selfhosted/awesome-selfhosted,2026-02,13,1,,319878,15027,0,2015-06-01T02:33:17Z,2026-09-15T18:43:10Z,False,False,success,246
36633370,awesome-selfhosted/awesome-selfhosted,2026-03,19,1,,319878,15027,0,2015-06-01T02:33:17Z,2026-09-15T18:43:10Z,False,False,success,246
36633370,awesome-selfhosted/awesome-selfhosted,2026-04,14,1,,319878,15027,0,2015-06-01T02:33:17Z,2026-09-15T18:43:10Z,False,False,success,246
36633370,awesome-selfhosted/awesome-selfhosted,2026-05,19,1,,319878,15027,0,2015-06-01T02:33:17Z,2026-09-15T18:43:10Z,False,False,success,246
36633370,awesome-selfhosted/awesome-selfhosted,2026-06,27,1,,319878,15027,0,2015-06-01T02:33:17Z,2026-09-15T18:43:10Z,False,False,success,246
36633370,awesome-selfhosted/awesome-selfhosted,2026-07,31,1,,319878,15027,0,2015-06-01T02:33:17Z,2026-09-15T18:43:10Z,False,False,success,246
36633370,awesome-selfhosted/awesome-selfhosted,2026-08,32,1,,319878,15027,0,2015-06-01T02:33:17Z,2026-09-15T18:43:10Z,False,False,success,246
36633370,awesome-selfhosted/awesome-selfhosted,2026-09,18,1,,319878,15027,0,2015-06-01T02:33:17Z,2026-09-15T18:43:10Z,False,False,success,246
36959618,madelson/DistributedLock,2025-10,14,2,C#,2485,248,68,2015-06-05T23:05:02Z,2026-07-15T00:44:09Z,False,False,success,97
36959618,madelson/DistributedLock,2025-11,1,1,C#,2485,248,68,2015-06-05T23:05:02Z,2026-07-15T00:44:09Z,False,False,success,97
36959618,madelson/DistributedLock,2025-12,13,2,C#,2485,248,68,2015-06-05T23:05:02Z,2026-07-15T00:44:09Z,False,False,success,97
36959618,madelson/DistributedLock,2026-01,44,2,C#,2485,248,68,2015-06-05T23:05:02Z,2026-07-15T00:44:09Z,False,False,success,97
36959618,madelson/DistributedLock,2026-02,6,2,C#,2485,248,68,2015-06-05T23:05:02Z,2026-07-15T00:44:09Z,False,False,success,97
36959618,madelson/DistributedLock,2026-03,6,1,C#,2485,248,68,2015-06-05T23:05:02Z,2026-07-15T00:44:09Z,False,False,success,97
36959618,madelson/DistributedLock,2026-06,9,1,C#,2485,248,68,2015-06-05T23:05:02Z,2026-07-15T00:44:09Z,False,False,success,97
36959618,madelson/DistributedLock,2026-07,4,2,C#,2485,248,68,2015-06-05T23:05:02Z,2026-07-15T00:44:09Z,False,False,success,97
36997653,TimOliver/TOCropViewController,2025-09,45,1,Objective-C,4948,1022,106,2015-06-06T22:53:07Z,2026-07-28T15:53:56Z,False,False,success,120
36997653,TimOliver/TOCropViewController,2025-10,21,5,Objective-C,4948,1022,106,2015-06-06T22:53:07Z,2026-07-28T15:53:56Z,False,False,success,120
36997653,TimOliver/TOCropViewController,2025-11,8,1,Objective-C,4948,1022,106,2015-06-06T22:53:07Z,2026-07-28T15:53:56Z,False,False,success,120
36997653,TimOliver/TOCropViewController,2026-03,1,1,Objective-C,4948,1022,106,2015-06-06T22:53:07Z,2026-07-28T15:53:56Z,False,False,success,120
36997653,TimOliver/TOCropViewController,2026-04,7,2,Objective-C,4948,1022,106,2015-06-06T22:53:07Z,2026-07-28T15:53:56Z,False,False,success,120
36997653,TimOliver/TOCropViewController,2026-07,38,2,Objective-C,4948,1022,106,2015-06-06T22:53:07Z,2026-07-28T15:53:56Z,False,False,success,120
37164499,baopham/laravel-dynamodb,2026-01,3,1,PHP,499,136,25,2015-06-09T23:37:12Z,2026-04-15T03:03:14Z,False,False,success,5
37164499,baopham/laravel-dynamodb,2026-02,1,1,PHP,499,136,25,2015-06-09T23:37:12Z,2026-04-15T03:03:14Z,False,False,success,5
37164499,baopham/laravel-dynamodb,2026-04,1,1,PHP,499,136,25,2015-06-09T23:37:12Z,2026-04-15T03:03:14Z,False,False,success,5
40276274,ziglang/zig,2025-09,262,18,Zig,43306,3205,2823,2015-08-06T00:51:28Z,2025-11-27T01:42:59Z,False,False,success,1201
40276274,ziglang/zig,2025-10,652,45,Zig,43306,3205,2823,2015-08-06T00:51:28Z,2025-11-27T01:42:59Z,False,False,success,1201
40276274,ziglang/zig,2025-11,287,46,Zig,43306,3205,2823,2015-08-06T00:51:28Z,2025-11-27T01:42:59Z,False,False,success,1201
41881900,microsoft/vscode,2025-09,521,60,TypeScript,192634,42482,21243,2015-09-03T20:23:38Z,2026-09-17T18:05:27Z,False,False,success,26590
41881900,microsoft/vscode,2025-10,2120,91,TypeScript,192634,42482,21243,2015-09-03T20:23:38Z,2026-09-17T18:05:27Z,False,False,success,26590
41881900,microsoft/vscode,2025-11,2045,73,TypeScript,192634,42482,21243,2015-09-03T20:23:38Z,2026-09-17T18:05:27Z,False,False,success,26590
41881900,microsoft/vscode,2025-12,1472,92,TypeScript,192634,42482,21243,2015-09-03T20:23:38Z,2026-09-17T18:05:27Z,False,False,success,26590
41881900,microsoft/vscode,2026-01,2663,90,TypeScript,192634,42482,21243,2015-09-03T20:23:38Z,2026-09-17T18:05:27Z,False,False,success,26590
41881900,microsoft/vscode,2026-02,2758,90,TypeScript,192634,42482,21243,2015-09-03T20:23:38Z,2026-09-17T18:05:27Z,False,False,success,26590
41881900,microsoft/vscode,2026-03,3126,105,TypeScript,192634,42482,21243,2015-09-03T20:23:38Z,2026-09-17T18:05:27Z,False,False,success,26590
41881900,microsoft/vscode,2026-04,2622,93,TypeScript,192634,42482,21243,2015-09-03T20:23:38Z,2026-09-17T18:05:27Z,False,False,success,26590
41881900,microsoft/vscode,2026-05,2096,104,TypeScript,192634,42482,21243,2015-09-03T20:23:38Z,2026-09-17T18:05:27Z,False,False,success,26590
41881900,microsoft/vscode,2026-06,1973,93,TypeScript,192634,42482,21243,2015-09-03T20:23:38Z,2026-09-17T18:05:27Z,False,False,success,26590
41881900,microsoft/vscode,2026-07,1911,108,TypeScript,192634,42482,21243,2015-09-03T20:23:38Z,2026-09-17T18:05:27Z,False,False,success,26590
41881900,microsoft/vscode,2026-08,2075,106,TypeScript,192634,42482,21243,2015-09-03T20:23:38Z,2026-09-17T18:05:27Z,False,False,success,26590
41881900,microsoft/vscode,2026-09,1208,77,TypeScript,192634,42482,21243,2015-09-03T20:23:38Z,2026-09-17T18:05:27Z,False,False,success,26590
42489829,rust-lang/rustlings,2025-09,4,2,Rust,64163,11256,35,2015-09-15T02:25:18Z,2026-08-30T07:00:57Z,False,False,success,154
42489829,rust-lang/rustlings,2025-11,5,4,Rust,64163,11256,35,2015-09-15T02:25:18Z,2026-08-30T07:00:57Z,False,False,success,154
42489829,rust-lang/rustlings,2025-12,2,2,Rust,64163,11256,35,2015-09-15T02:25:18Z,2026-08-30T07:00:57Z,False,False,success,154
42489829,rust-lang/rustlings,2026-01,3,3,Rust,64163,11256,35,2015-09-15T02:25:18Z,2026-08-30T07:00:57Z,False,False,success,154
42489829,rust-lang/rustlings,2026-02,16,4,Rust,64163,11256,35,2015-09-15T02:25:18Z,2026-08-30T07:00:57Z,False,False,success,154
42489829,rust-lang/rustlings,2026-03,15,2,Rust,64163,11256,35,2015-09-15T02:25:18Z,2026-08-30T07:00:57Z,False,False,success,154
42489829,rust-lang/rustlings,2026-04,32,4,Rust,64163,11256,35,2015-09-15T02:25:18Z,2026-08-30T07:00:57Z,False,False,success,154
42489829,rust-lang/rustlings,2026-05,31,4,Rust,64163,11256,35,2015-09-15T02:25:18Z,2026-08-30T07:00:57Z,False,False,success,154
42489829,rust-lang/rustlings,2026-06,4,2,Rust,64163,11256,35,2015-09-15T02:25:18Z,2026-08-30T07:00:57Z,False,False,success,154
42489829,rust-lang/rustlings,2026-07,6,3,Rust,64163,11256,35,2015-09-15T02:25:18Z,2026-08-30T07:00:57Z,False,False,success,154
42489829,rust-lang/rustlings,2026-08,36,4,Rust,64163,11256,35,2015-09-15T02:25:18Z,2026-08-30T07:00:57Z,False,False,success,154
44571718,vuejs/awesome-vue,2025-09,1,1,,73543,9452,86,2015-10-20T00:16:14Z,2026-09-17T11:25:36Z,False,False,success,120
44571718,vuejs/awesome-vue,2025-10,2,1,,73543,9452,86,2015-10-20T00:16:14Z,2026-09-17T11:25:36Z,False,False,success,120
44571718,vuejs/awesome-vue,2025-11,1,1,,73543,9452,86,2015-10-20T00:16:14Z,2026-09-17T11:25:36Z,False,False,success,120
44571718,vuejs/awesome-vue,2025-12,4,4,,73543,9452,86,2015-10-20T00:16:14Z,2026-09-17T11:25:36Z,False,False,success,120
44571718,vuejs/awesome-vue,2026-01,18,9,,73543,9452,86,2015-10-20T00:16:14Z,2026-09-17T11:25:36Z,False,False,success,120
44571718,vuejs/awesome-vue,2026-02,20,5,,73543,9452,86,2015-10-20T00:16:14Z,2026-09-17T11:25:36Z,False,False,success,120
44571718,vuejs/awesome-vue,2026-03,12,11,,73543,9452,86,2015-10-20T00:16:14Z,2026-09-17T11:25:36Z,False,False,success,120
44571718,vuejs/awesome-vue,2026-04,14,11,,73543,9452,86,2015-10-20T00:16:14Z,2026-09-17T11:25:36Z,False,False,success,120
44571718,vuejs/awesome-vue,2026-05,1,1,,73543,9452,86,2015-10-20T00:16:14Z,2026-09-17T11:25:36Z,False,False,success,120
44571718,vuejs/awesome-vue,2026-06,16,13,,73543,9452,86,2015-10-20T00:16:14Z,2026-09-17T11:25:36Z,False,False,success,120
44571718,vuejs/awesome-vue,2026-07,7,6,,73543,9452,86,2015-10-20T00:16:14Z,2026-09-17T11:25:36Z,False,False,success,120
44571718,vuejs/awesome-vue,2026-09,24,17,,73543,9452,86,2015-10-20T00:16:14Z,2026-09-17T11:25:36Z,False,False,success,120
44882201,MunGell/awesome-for-beginners,2025-09,3,2,,89343,8003,152,2015-10-24T19:53:36Z,2026-07-25T07:00:20Z,False,False,success,82
44882201,MunGell/awesome-for-beginners,2025-10,4,3,,89343,8003,152,2015-10-24T19:53:36Z,2026-07-25T07:00:20Z,False,False,success,82
44882201,MunGell/awesome-for-beginners,2025-11,31,3,,89343,8003,152,2015-10-24T19:53:36Z,2026-07-25T07:00:20Z,False,False,success,82
44882201,MunGell/awesome-for-beginners,2025-12,2,2,,89343,8003,152,2015-10-24T19:53:36Z,2026-07-25T07:00:20Z,False,False,success,82
44882201,MunGell/awesome-for-beginners,2026-02,5,4,,89343,8003,152,2015-10-24T19:53:36Z,2026-07-25T07:00:20Z,False,False,success,82
44882201,MunGell/awesome-for-beginners,2026-03,2,2,,89343,8003,152,2015-10-24T19:53:36Z,2026-07-25T07:00:20Z,False,False,success,82
44882201,MunGell/awesome-for-beginners,2026-04,31,2,,89343,8003,152,2015-10-24T19:53:36Z,2026-07-25T07:00:20Z,False,False,success,82
44882201,MunGell/awesome-for-beginners,2026-06,2,1,,89343,8003,152,2015-10-24T19:53:36Z,2026-07-25T07:00:20Z,False,False,success,82
44882201,MunGell/awesome-for-beginners,2026-07,2,2,,89343,8003,152,2015-10-24T19:53:36Z,2026-07-25T07:00:20Z,False,False,success,82
45144378,ixti/sidekiq-throttled,2025-10,3,3,Ruby,801,97,30,2015-10-28T21:58:59Z,2026-08-15T23:56:11Z,False,False,success,13
45144378,ixti/sidekiq-throttled,2026-01,8,5,Ruby,801,97,30,2015-10-28T21:58:59Z,2026-08-15T23:56:11Z,False,False,success,13
45144378,ixti/sidekiq-throttled,2026-08,2,2,Ruby,801,97,30,2015-10-28T21:58:59Z,2026-08-15T23:56:11Z,False,False,success,13
45680749,kholia/OSX-KVM,2025-10,1,1,Shell,23644,2039,21,2015-11-06T12:27:28Z,2026-01-26T07:36:59Z,False,False,success,5
45680749,kholia/OSX-KVM,2026-01,4,4,Shell,23644,2039,21,2015-11-06T12:27:28Z,2026-01-26T07:36:59Z,False,False,success,5
47726042,VREMSoftwareDevelopment/WiFiAnalyzer,2025-09,1,1,Kotlin,4964,760,9,2015-12-09T23:37:23Z,2026-09-12T18:42:39Z,False,False,success,76
47726042,VREMSoftwareDevelopment/WiFiAnalyzer,2025-10,4,2,Kotlin,4964,760,9,2015-12-09T23:37:23Z,2026-09-12T18:42:39Z,False,False,success,76
47726042,VREMSoftwareDevelopment/WiFiAnalyzer,2025-11,3,1,Kotlin,4964,760,9,2015-12-09T23:37:23Z,2026-09-12T18:42:39Z,False,False,success,76
47726042,VREMSoftwareDevelopment/WiFiAnalyzer,2025-12,24,1,Kotlin,4964,760,9,2015-12-09T23:37:23Z,2026-09-12T18:42:39Z,False,False,success,76
47726042,VREMSoftwareDevelopment/WiFiAnalyzer,2026-01,17,2,Kotlin,4964,760,9,2015-12-09T23:37:23Z,2026-09-12T18:42:39Z,False,False,success,76
47726042,VREMSoftwareDevelopment/WiFiAnalyzer,2026-03,2,2,Kotlin,4964,760,9,2015-12-09T23:37:23Z,2026-09-12T18:42:39Z,False,False,success,76
47726042,VREMSoftwareDevelopment/WiFiAnalyzer,2026-04,7,1,Kotlin,4964,760,9,2015-12-09T23:37:23Z,2026-09-12T18:42:39Z,False,False,success,76
47726042,VREMSoftwareDevelopment/WiFiAnalyzer,2026-05,4,2,Kotlin,4964,760,9,2015-12-09T23:37:23Z,2026-09-12T18:42:39Z,False,False,success,76
47726042,VREMSoftwareDevelopment/WiFiAnalyzer,2026-06,6,2,Kotlin,4964,760,9,2015-12-09T23:37:23Z,2026-09-12T18:42:39Z,False,False,success,76
47726042,VREMSoftwareDevelopment/WiFiAnalyzer,2026-07,1,1,Kotlin,4964,760,9,2015-12-09T23:37:23Z,2026-09-12T18:42:39Z,False,False,success,76
47726042,VREMSoftwareDevelopment/WiFiAnalyzer,2026-08,4,1,Kotlin,4964,760,9,2015-12-09T23:37:23Z,2026-09-12T18:42:39Z,False,False,success,76
47726042,VREMSoftwareDevelopment/WiFiAnalyzer,2026-09,3,1,Kotlin,4964,760,9,2015-12-09T23:37:23Z,2026-09-12T18:42:39Z,False,False,success,76
48200340,gpertea/gffread,2026-04,1,1,C++,499,46,91,2015-12-17T21:56:18Z,2026-07-07T20:26:28Z,False,False,success,1
52110639,pybliometrics-dev/pybliometrics,2025-10,7,2,Python,499,146,12,2016-02-19T19:19:26Z,2026-02-27T13:03:46Z,False,False,success,16
52110639,pybliometrics-dev/pybliometrics,2025-11,1,1,Python,499,146,12,2016-02-19T19:19:26Z,2026-02-27T13:03:46Z,False,False,success,16
52110639,pybliometrics-dev/pybliometrics,2025-12,4,3,Python,499,146,12,2016-02-19T19:19:26Z,2026-02-27T13:03:46Z,False,False,success,16
52110639,pybliometrics-dev/pybliometrics,2026-01,3,2,Python,499,146,12,2016-02-19T19:19:26Z,2026-02-27T13:03:46Z,False,False,success,16
52110639,pybliometrics-dev/pybliometrics,2026-02,1,1,Python,499,146,12,2016-02-19T19:19:26Z,2026-02-27T13:03:46Z,False,False,success,16
52270857,postmanlabs/postman-collection,2025-09,4,3,JavaScript,499,239,70,2016-02-22T12:08:36Z,2026-07-28T02:27:42Z,False,False,success,14
52270857,postmanlabs/postman-collection,2026-02,6,1,JavaScript,499,239,70,2016-02-22T12:08:36Z,2026-07-28T02:27:42Z,False,False,success,14
52270857,postmanlabs/postman-collection,2026-07,4,1,JavaScript,499,239,70,2016-02-22T12:08:36Z,2026-07-28T02:27:42Z,False,False,success,14
52316423,react-native-config/react-native-config,2025-11,8,4,Ruby,4955,657,299,2016-02-23T00:19:11Z,2026-09-10T08:23:33Z,False,False,success,29
52316423,react-native-config/react-native-config,2026-08,21,4,Ruby,4955,657,299,2016-02-23T00:19:11Z,2026-09-10T08:23:33Z,False,False,success,29
53631945,BurntSushi/ripgrep,2025-09,77,47,Rust,68400,2858,199,2016-03-11T02:02:33Z,2026-08-04T13:59:44Z,False,False,success,227
53631945,BurntSushi/ripgrep,2025-10,67,7,Rust,68400,2858,199,2016-03-11T02:02:33Z,2026-08-04T13:59:44Z,False,False,success,227
53631945,BurntSushi/ripgrep,2025-11,1,1,Rust,68400,2858,199,2016-03-11T02:02:33Z,2026-08-04T13:59:44Z,False,False,success,227
53631945,BurntSushi/ripgrep,2025-12,1,1,Rust,68400,2858,199,2016-03-11T02:02:33Z,2026-08-04T13:59:44Z,False,False,success,227
53631945,BurntSushi/ripgrep,2026-02,3,3,Rust,68400,2858,199,2016-03-11T02:02:33Z,2026-08-04T13:59:44Z,False,False,success,227
53631945,BurntSushi/ripgrep,2026-05,2,1,Rust,68400,2858,199,2016-03-11T02:02:33Z,2026-08-04T13:59:44Z,False,False,success,227
53631945,BurntSushi/ripgrep,2026-06,6,3,Rust,68400,2858,199,2016-03-11T02:02:33Z,2026-08-04T13:59:44Z,False,False,success,227
53631945,BurntSushi/ripgrep,2026-07,65,24,Rust,68400,2858,199,2016-03-11T02:02:33Z,2026-08-04T13:59:44Z,False,False,success,227
53631945,BurntSushi/ripgrep,2026-08,5,1,Rust,68400,2858,199,2016-03-11T02:02:33Z,2026-08-04T13:59:44Z,False,False,success,227
55608993,begeekmyfriend/yasea,2026-04,1,0,C++,4938,1311,285,2016-04-06T13:37:53Z,2026-04-13T03:33:27Z,False,False,success,1
57165232,HugoBlox/kit,2025-09,25,3,HTML,9721,2954,24,2016-04-26T22:09:15Z,2026-08-04T04:38:22Z,False,False,success,305
57165232,HugoBlox/kit,2025-10,23,6,HTML,9721,2954,24,2016-04-26T22:09:15Z,2026-08-04T04:38:22Z,False,False,success,305
57165232,HugoBlox/kit,2025-11,25,4,HTML,9721,2954,24,2016-04-26T22:09:15Z,2026-08-04T04:38:22Z,False,False,success,305
57165232,HugoBlox/kit,2025-12,47,3,HTML,9721,2954,24,2016-04-26T22:09:15Z,2026-08-04T04:38:22Z,False,False,success,305
57165232,HugoBlox/kit,2026-01,75,2,HTML,9721,2954,24,2016-04-26T22:09:15Z,2026-08-04T04:38:22Z,False,False,success,305
57165232,HugoBlox/kit,2026-02,16,5,HTML,9721,2954,24,2016-04-26T22:09:15Z,2026-08-04T04:38:22Z,False,False,success,305
57165232,HugoBlox/kit,2026-03,31,4,HTML,9721,2954,24,2016-04-26T22:09:15Z,2026-08-04T04:38:22Z,False,False,success,305
57165232,HugoBlox/kit,2026-04,29,2,HTML,9721,2954,24,2016-04-26T22:09:15Z,2026-08-04T04:38:22Z,False,False,success,305
57165232,HugoBlox/kit,2026-05,34,2,HTML,9721,2954,24,2016-04-26T22:09:15Z,2026-08-04T04:38:22Z,False,False,success,305
62607227,yangshun/tech-interview-handbook,2025-11,3,3,TypeScript,142788,16825,37,2016-07-05T05:00:48Z,2026-08-07T12:06:42Z,False,False,success,24
62607227,yangshun/tech-interview-handbook,2026-01,2,2,TypeScript,142788,16825,37,2016-07-05T05:00:48Z,2026-08-07T12:06:42Z,False,False,success,24
62607227,yangshun/tech-interview-handbook,2026-03,13,6,TypeScript,142788,16825,37,2016-07-05T05:00:48Z,2026-08-07T12:06:42Z,False,False,success,24
62607227,yangshun/tech-interview-handbook,2026-04,1,1,TypeScript,142788,16825,37,2016-07-05T05:00:48Z,2026-08-07T12:06:42Z,False,False,success,24
62607227,yangshun/tech-interview-handbook,2026-07,3,2,TypeScript,142788,16825,37,2016-07-05T05:00:48Z,2026-08-07T12:06:42Z,False,False,success,24
62607227,yangshun/tech-interview-handbook,2026-08,2,1,TypeScript,142788,16825,37,2016-07-05T05:00:48Z,2026-08-07T12:06:42Z,False,False,success,24
63476337,TheAlgorithms/Python,2025-09,4,3,Python,224678,51086,328,2016-07-16T09:44:01Z,2026-09-17T14:36:54Z,False,False,success,458
63476337,TheAlgorithms/Python,2025-10,16,14,Python,224678,51086,328,2016-07-16T09:44:01Z,2026-09-17T14:36:54Z,False,False,success,458
63476337,TheAlgorithms/Python,2025-11,3,3,Python,224678,51086,328,2016-07-16T09:44:01Z,2026-09-17T14:36:54Z,False,False,success,458
63476337,TheAlgorithms/Python,2025-12,2,2,Python,224678,51086,328,2016-07-16T09:44:01Z,2026-09-17T14:36:54Z,False,False,success,458
63476337,TheAlgorithms/Python,2026-01,5,5,Python,224678,51086,328,2016-07-16T09:44:01Z,2026-09-17T14:36:54Z,False,False,success,458
63476337,TheAlgorithms/Python,2026-02,1,1,Python,224678,51086,328,2016-07-16T09:44:01Z,2026-09-17T14:36:54Z,False,False,success,458
63476337,TheAlgorithms/Python,2026-03,26,22,Python,224678,51086,328,2016-07-16T09:44:01Z,2026-09-17T14:36:54Z,False,False,success,458
63476337,TheAlgorithms/Python,2026-04,6,5,Python,224678,51086,328,2016-07-16T09:44:01Z,2026-09-17T14:36:54Z,False,False,success,458
63476337,TheAlgorithms/Python,2026-05,5,4,Python,224678,51086,328,2016-07-16T09:44:01Z,2026-09-17T14:36:54Z,False,False,success,458
63476337,TheAlgorithms/Python,2026-06,2,2,Python,224678,51086,328,2016-07-16T09:44:01Z,2026-09-17T14:36:54Z,False,False,success,458
63476337,TheAlgorithms/Python,2026-07,5,4,Python,224678,51086,328,2016-07-16T09:44:01Z,2026-09-17T14:36:54Z,False,False,success,458
63476337,TheAlgorithms/Python,2026-08,21,8,Python,224678,51086,328,2016-07-16T09:44:01Z,2026-09-17T14:36:54Z,False,False,success,458
63476337,TheAlgorithms/Python,2026-09,362,218,Python,224678,51086,328,2016-07-16T09:44:01Z,2026-09-17T14:36:54Z,False,False,success,458
64654523,openebs/openebs,2025-09,8,3,,9811,983,37,2016-08-01T09:33:32Z,2026-09-17T12:53:30Z,False,False,success,316
64654523,openebs/openebs,2025-10,28,4,,9811,983,37,2016-08-01T09:33:32Z,2026-09-17T12:53:30Z,False,False,success,316
64654523,openebs/openebs,2025-11,23,5,,9811,983,37,2016-08-01T09:33:32Z,2026-09-17T12:53:30Z,False,False,success,316
64654523,openebs/openebs,2025-12,17,6,,9811,983,37,2016-08-01T09:33:32Z,2026-09-17T12:53:30Z,False,False,success,316
64654523,openebs/openebs,2026-01,12,3,,9811,983,37,2016-08-01T09:33:32Z,2026-09-17T12:53:30Z,False,False,success,316
64654523,openebs/openebs,2026-02,12,6,,9811,983,37,2016-08-01T09:33:32Z,2026-09-17T12:53:30Z,False,False,success,316
64654523,openebs/openebs,2026-03,10,5,,9811,983,37,2016-08-01T09:33:32Z,2026-09-17T12:53:30Z,False,False,success,316
64654523,openebs/openebs,2026-04,14,4,,9811,983,37,2016-08-01T09:33:32Z,2026-09-17T12:53:30Z,False,False,success,316
64654523,openebs/openebs,2026-05,33,9,,9811,983,37,2016-08-01T09:33:32Z,2026-09-17T12:53:30Z,False,False,success,316
64654523,openebs/openebs,2026-06,49,10,,9811,983,37,2016-08-01T09:33:32Z,2026-09-17T12:53:30Z,False,False,success,316
64654523,openebs/openebs,2026-07,44,9,,9811,983,37,2016-08-01T09:33:32Z,2026-09-17T12:53:30Z,False,False,success,316
64654523,openebs/openebs,2026-08,42,13,,9811,983,37,2016-08-01T09:33:32Z,2026-09-17T12:53:30Z,False,False,success,316
64654523,openebs/openebs,2026-09,24,7,,9811,983,37,2016-08-01T09:33:32Z,2026-09-17T12:53:30Z,False,False,success,316
65215684,shoutem/ui,2025-12,6,3,JavaScript,4980,451,104,2016-08-08T15:26:08Z,2026-09-15T09:05:25Z,False,False,success,39
65215684,shoutem/ui,2026-01,6,1,JavaScript,4980,451,104,2016-08-08T15:26:08Z,2026-09-15T09:05:25Z,False,False,success,39
65215684,shoutem/ui,2026-02,4,1,JavaScript,4980,451,104,2016-08-08T15:26:08Z,2026-09-15T09:05:25Z,False,False,success,39
65215684,shoutem/ui,2026-04,13,2,JavaScript,4980,451,104,2016-08-08T15:26:08Z,2026-09-15T09:05:25Z,False,False,success,39
65215684,shoutem/ui,2026-05,2,1,JavaScript,4980,451,104,2016-08-08T15:26:08Z,2026-09-15T09:05:25Z,False,False,success,39
65215684,shoutem/ui,2026-06,5,2,JavaScript,4980,451,104,2016-08-08T15:26:08Z,2026-09-15T09:05:25Z,False,False,success,39
65215684,shoutem/ui,2026-08,3,1,JavaScript,4980,451,104,2016-08-08T15:26:08Z,2026-09-15T09:05:25Z,False,False,success,39
69188189,p-gen/smenu,2025-09,4,1,C,2493,53,4,2016-09-25T20:16:11Z,2026-04-17T22:14:15Z,False,False,success,12
69188189,p-gen/smenu,2025-11,1,1,C,2493,53,4,2016-09-25T20:16:11Z,2026-04-17T22:14:15Z,False,False,success,12
69188189,p-gen/smenu,2026-01,3,2,C,2493,53,4,2016-09-25T20:16:11Z,2026-04-17T22:14:15Z,False,False,success,12
69188189,p-gen/smenu,2026-03,3,1,C,2493,53,4,2016-09-25T20:16:11Z,2026-04-17T22:14:15Z,False,False,success,12
69188189,p-gen/smenu,2026-04,1,1,C,2493,53,4,2016-09-25T20:16:11Z,2026-04-17T22:14:15Z,False,False,success,12
74762106,jhao104/proxy_pool,2025-11,1,1,Python,23707,5418,298,2016-11-25T13:49:07Z,2026-06-15T14:36:35Z,False,False,success,75
74762106,jhao104/proxy_pool,2026-03,1,1,Python,23707,5418,298,2016-11-25T13:49:07Z,2026-06-15T14:36:35Z,False,False,success,75
74762106,jhao104/proxy_pool,2026-05,42,3,Python,23707,5418,298,2016-11-25T13:49:07Z,2026-06-15T14:36:35Z,False,False,success,75
74762106,jhao104/proxy_pool,2026-06,31,1,Python,23707,5418,298,2016-11-25T13:49:07Z,2026-06-15T14:36:35Z,False,False,success,75
75077977,coopcycle/coopcycle-web,2025-09,69,4,PHP,601,143,463,2016-11-29T12:10:32Z,2026-09-18T08:29:31Z,False,False,success,2401
75077977,coopcycle/coopcycle-web,2025-10,182,4,PHP,601,143,463,2016-11-29T12:10:32Z,2026-09-18T08:29:31Z,False,False,success,2401
75077977,coopcycle/coopcycle-web,2025-11,299,4,PHP,601,143,463,2016-11-29T12:10:32Z,2026-09-18T08:29:31Z,False,False,success,2401
75077977,coopcycle/coopcycle-web,2025-12,95,3,PHP,601,143,463,2016-11-29T12:10:32Z,2026-09-18T08:29:31Z,False,False,success,2401
75077977,coopcycle/coopcycle-web,2026-01,166,4,PHP,601,143,463,2016-11-29T12:10:32Z,2026-09-18T08:29:31Z,False,False,success,2401
75077977,coopcycle/coopcycle-web,2026-02,338,2,PHP,601,143,463,2016-11-29T12:10:32Z,2026-09-18T08:29:31Z,False,False,success,2401
75077977,coopcycle/coopcycle-web,2026-03,361,3,PHP,601,143,463,2016-11-29T12:10:32Z,2026-09-18T08:29:31Z,False,False,success,2401
75077977,coopcycle/coopcycle-web,2026-04,65,2,PHP,601,143,463,2016-11-29T12:10:32Z,2026-09-18T08:29:31Z,False,False,success,2401
75077977,coopcycle/coopcycle-web,2026-05,160,2,PHP,601,143,463,2016-11-29T12:10:32Z,2026-09-18T08:29:31Z,False,False,success,2401
75077977,coopcycle/coopcycle-web,2026-06,211,2,PHP,601,143,463,2016-11-29T12:10:32Z,2026-09-18T08:29:31Z,False,False,success,2401
75077977,coopcycle/coopcycle-web,2026-07,215,2,PHP,601,143,463,2016-11-29T12:10:32Z,2026-09-18T08:29:31Z,False,False,success,2401
75077977,coopcycle/coopcycle-web,2026-08,129,3,PHP,601,143,463,2016-11-29T12:10:32Z,2026-09-18T08:29:31Z,False,False,success,2401
75077977,coopcycle/coopcycle-web,2026-09,111,3,PHP,601,143,463,2016-11-29T12:10:32Z,2026-09-18T08:29:31Z,False,False,success,2401
75791177,rsheftel/pandas_market_calendars,2025-10,2,2,Python,997,202,21,2016-12-07T02:28:15Z,2026-07-12T22:35:10Z,False,False,success,104
75791177,rsheftel/pandas_market_calendars,2025-11,4,2,Python,997,202,21,2016-12-07T02:28:15Z,2026-07-12T22:35:10Z,False,False,success,104
75791177,rsheftel/pandas_market_calendars,2025-12,38,4,Python,997,202,21,2016-12-07T02:28:15Z,2026-07-12T22:35:10Z,False,False,success,104
75791177,rsheftel/pandas_market_calendars,2026-01,19,3,Python,997,202,21,2016-12-07T02:28:15Z,2026-07-12T22:35:10Z,False,False,success,104
75791177,rsheftel/pandas_market_calendars,2026-02,1,1,Python,997,202,21,2016-12-07T02:28:15Z,2026-07-12T22:35:10Z,False,False,success,104
75791177,rsheftel/pandas_market_calendars,2026-03,21,2,Python,997,202,21,2016-12-07T02:28:15Z,2026-07-12T22:35:10Z,False,False,success,104
75791177,rsheftel/pandas_market_calendars,2026-04,4,2,Python,997,202,21,2016-12-07T02:28:15Z,2026-07-12T22:35:10Z,False,False,success,104
75791177,rsheftel/pandas_market_calendars,2026-05,15,2,Python,997,202,21,2016-12-07T02:28:15Z,2026-07-12T22:35:10Z,False,False,success,104
79987996,zufuliu/notepad4,2025-09,12,2,C++,4990,320,225,2017-01-25T06:07:49Z,2026-09-16T10:31:59Z,False,False,success,511
79987996,zufuliu/notepad4,2025-10,26,1,C++,4990,320,225,2017-01-25T06:07:49Z,2026-09-16T10:31:59Z,False,False,success,511
79987996,zufuliu/notepad4,2025-11,50,4,C++,4990,320,225,2017-01-25T06:07:49Z,2026-09-16T10:31:59Z,False,False,success,511
79987996,zufuliu/notepad4,2025-12,33,2,C++,4990,320,225,2017-01-25T06:07:49Z,2026-09-16T10:31:59Z,False,False,success,511
79987996,zufuliu/notepad4,2026-01,76,4,C++,4990,320,225,2017-01-25T06:07:49Z,2026-09-16T10:31:59Z,False,False,success,511
79987996,zufuliu/notepad4,2026-02,24,4,C++,4990,320,225,2017-01-25T06:07:49Z,2026-09-16T10:31:59Z,False,False,success,511
79987996,zufuliu/notepad4,2026-03,41,4,C++,4990,320,225,2017-01-25T06:07:49Z,2026-09-16T10:31:59Z,False,False,success,511
79987996,zufuliu/notepad4,2026-04,49,6,C++,4990,320,225,2017-01-25T06:07:49Z,2026-09-16T10:31:59Z,False,False,success,511
79987996,zufuliu/notepad4,2026-05,55,5,C++,4990,320,225,2017-01-25T06:07:49Z,2026-09-16T10:31:59Z,False,False,success,511
79987996,zufuliu/notepad4,2026-06,20,2,C++,4990,320,225,2017-01-25T06:07:49Z,2026-09-16T10:31:59Z,False,False,success,511
79987996,zufuliu/notepad4,2026-07,50,3,C++,4990,320,225,2017-01-25T06:07:49Z,2026-09-16T10:31:59Z,False,False,success,511
79987996,zufuliu/notepad4,2026-08,61,2,C++,4990,320,225,2017-01-25T06:07:49Z,2026-09-16T10:31:59Z,False,False,success,511
79987996,zufuliu/notepad4,2026-09,14,1,C++,4990,320,225,2017-01-25T06:07:49Z,2026-09-16T10:31:59Z,False,False,success,511
83222441,donnemartin/system-design-primer,2025-10,1,1,Python,370511,58469,613,2017-02-26T16:15:28Z,2026-09-15T01:10:09Z,False,False,success,10
83222441,donnemartin/system-design-primer,2025-11,2,2,Python,370511,58469,613,2017-02-26T16:15:28Z,2026-09-15T01:10:09Z,False,False,success,10
83222441,donnemartin/system-design-primer,2026-03,7,7,Python,370511,58469,613,2017-02-26T16:15:28Z,2026-09-15T01:10:09Z,False,False,success,10
83773237,wuxudong/react-native-charts-wrapper,2026-05,1,1,Java,2494,680,215,2017-03-03T07:58:57Z,2026-05-31T10:09:24Z,False,False,success,1
85077558,nilbuild/developer-roadmap,2025-09,10,3,TypeScript,367527,44960,0,2017-03-15T13:45:52Z,2026-09-17T08:18:48Z,False,False,success,771
85077558,nilbuild/developer-roadmap,2025-10,86,41,TypeScript,367527,44960,0,2017-03-15T13:45:52Z,2026-09-17T08:18:48Z,False,False,success,771
85077558,nilbuild/developer-roadmap,2025-11,87,33,TypeScript,367527,44960,0,2017-03-15T13:45:52Z,2026-09-17T08:18:48Z,False,False,success,771
85077558,nilbuild/developer-roadmap,2025-12,57,18,TypeScript,367527,44960,0,2017-03-15T13:45:52Z,2026-09-17T08:18:48Z,False,False,success,771
85077558,nilbuild/developer-roadmap,2026-01,36,8,TypeScript,367527,44960,0,2017-03-15T13:45:52Z,2026-09-17T08:18:48Z,False,False,success,771
85077558,nilbuild/developer-roadmap,2026-02,49,12,TypeScript,367527,44960,0,2017-03-15T13:45:52Z,2026-09-17T08:18:48Z,False,False,success,771
85077558,nilbuild/developer-roadmap,2026-03,87,30,TypeScript,367527,44960,0,2017-03-15T13:45:52Z,2026-09-17T08:18:48Z,False,False,success,771
85077558,nilbuild/developer-roadmap,2026-04,44,11,TypeScript,367527,44960,0,2017-03-15T13:45:52Z,2026-09-17T08:18:48Z,False,False,success,771
85077558,nilbuild/developer-roadmap,2026-05,85,16,TypeScript,367527,44960,0,2017-03-15T13:45:52Z,2026-09-17T08:18:48Z,False,False,success,771
85077558,nilbuild/developer-roadmap,2026-06,56,16,TypeScript,367527,44960,0,2017-03-15T13:45:52Z,2026-09-17T08:18:48Z,False,False,success,771
85077558,nilbuild/developer-roadmap,2026-07,60,20,TypeScript,367527,44960,0,2017-03-15T13:45:52Z,2026-09-17T08:18:48Z,False,False,success,771
85077558,nilbuild/developer-roadmap,2026-08,31,7,TypeScript,367527,44960,0,2017-03-15T13:45:52Z,2026-09-17T08:18:48Z,False,False,success,771
85077558,nilbuild/developer-roadmap,2026-09,83,21,TypeScript,367527,44960,0,2017-03-15T13:45:52Z,2026-09-17T08:18:48Z,False,False,success,771
86743880,Tyrrrz/CliWrap,2025-10,2,2,C#,4998,285,3,2017-03-30T20:05:06Z,2026-09-01T18:46:59Z,False,False,success,75
86743880,Tyrrrz/CliWrap,2025-11,19,2,C#,4998,285,3,2017-03-30T20:05:06Z,2026-09-01T18:46:59Z,False,False,success,75
86743880,Tyrrrz/CliWrap,2025-12,5,1,C#,4998,285,3,2017-03-30T20:05:06Z,2026-09-01T18:46:59Z,False,False,success,75
86743880,Tyrrrz/CliWrap,2026-01,2,2,C#,4998,285,3,2017-03-30T20:05:06Z,2026-09-01T18:46:59Z,False,False,success,75
86743880,Tyrrrz/CliWrap,2026-02,2,2,C#,4998,285,3,2017-03-30T20:05:06Z,2026-09-01T18:46:59Z,False,False,success,75
86743880,Tyrrrz/CliWrap,2026-03,7,3,C#,4998,285,3,2017-03-30T20:05:06Z,2026-09-01T18:46:59Z,False,False,success,75
86743880,Tyrrrz/CliWrap,2026-04,13,3,C#,4998,285,3,2017-03-30T20:05:06Z,2026-09-01T18:46:59Z,False,False,success,75
86743880,Tyrrrz/CliWrap,2026-05,3,2,C#,4998,285,3,2017-03-30T20:05:06Z,2026-09-01T18:46:59Z,False,False,success,75
86743880,Tyrrrz/CliWrap,2026-06,8,3,C#,4998,285,3,2017-03-30T20:05:06Z,2026-09-01T18:46:59Z,False,False,success,75
86743880,Tyrrrz/CliWrap,2026-07,10,3,C#,4998,285,3,2017-03-30T20:05:06Z,2026-09-01T18:46:59Z,False,False,success,75
86743880,Tyrrrz/CliWrap,2026-08,3,3,C#,4998,285,3,2017-03-30T20:05:06Z,2026-09-01T18:46:59Z,False,False,success,75
86743880,Tyrrrz/CliWrap,2026-09,1,1,C#,4998,285,3,2017-03-30T20:05:06Z,2026-09-01T18:46:59Z,False,False,success,75
88011908,practical-tutorials/project-based-learning,2026-07,27,11,Python,283652,36283,253,2017-04-12T05:07:46Z,2026-09-14T07:10:04Z,False,False,success,34
88011908,practical-tutorials/project-based-learning,2026-08,5,1,Python,283652,36283,253,2017-04-12T05:07:46Z,2026-09-14T07:10:04Z,False,False,success,34
88011908,practical-tutorials/project-based-learning,2026-09,2,1,Python,283652,36283,253,2017-04-12T05:07:46Z,2026-09-14T07:10:04Z,False,False,success,34
90903705,graffle-js/graffle,2025-09,8,1,TypeScript,6119,310,59,2017-05-10T20:05:07Z,2026-05-11T20:17:22Z,False,False,success,93
90903705,graffle-js/graffle,2025-10,42,2,TypeScript,6119,310,59,2017-05-10T20:05:07Z,2026-05-11T20:17:22Z,False,False,success,93
90903705,graffle-js/graffle,2025-11,37,1,TypeScript,6119,310,59,2017-05-10T20:05:07Z,2026-05-11T20:17:22Z,False,False,success,93
90903705,graffle-js/graffle,2025-12,6,1,TypeScript,6119,310,59,2017-05-10T20:05:07Z,2026-05-11T20:17:22Z,False,False,success,93
91277330,OWASP/wstg,2025-09,3,3,Python,9840,1683,27,2017-05-14T23:20:40Z,2026-09-17T11:31:31Z,False,False,success,279
91277330,OWASP/wstg,2025-10,7,5,Python,9840,1683,27,2017-05-14T23:20:40Z,2026-09-17T11:31:31Z,False,False,success,279
91277330,OWASP/wstg,2025-11,7,6,Python,9840,1683,27,2017-05-14T23:20:40Z,2026-09-17T11:31:31Z,False,False,success,279
91277330,OWASP/wstg,2025-12,8,4,Python,9840,1683,27,2017-05-14T23:20:40Z,2026-09-17T11:31:31Z,False,False,success,279
91277330,OWASP/wstg,2026-01,20,10,Python,9840,1683,27,2017-05-14T23:20:40Z,2026-09-17T11:31:31Z,False,False,success,279
91277330,OWASP/wstg,2026-02,49,9,Python,9840,1683,27,2017-05-14T23:20:40Z,2026-09-17T11:31:31Z,False,False,success,279
91277330,OWASP/wstg,2026-03,22,11,Python,9840,1683,27,2017-05-14T23:20:40Z,2026-09-17T11:31:31Z,False,False,success,279
91277330,OWASP/wstg,2026-04,29,13,Python,9840,1683,27,2017-05-14T23:20:40Z,2026-09-17T11:31:31Z,False,False,success,279
91277330,OWASP/wstg,2026-05,2,2,Python,9840,1683,27,2017-05-14T23:20:40Z,2026-09-17T11:31:31Z,False,False,success,279
91277330,OWASP/wstg,2026-06,19,9,Python,9840,1683,27,2017-05-14T23:20:40Z,2026-09-17T11:31:31Z,False,False,success,279
91277330,OWASP/wstg,2026-07,3,2,Python,9840,1683,27,2017-05-14T23:20:40Z,2026-09-17T11:31:31Z,False,False,success,279
91277330,OWASP/wstg,2026-08,53,8,Python,9840,1683,27,2017-05-14T23:20:40Z,2026-09-17T11:31:31Z,False,False,success,279
91277330,OWASP/wstg,2026-09,57,8,Python,9840,1683,27,2017-05-14T23:20:40Z,2026-09-17T11:31:31Z,False,False,success,279
94948855,airbnb/lottie,2025-11,1,1,HTML,4949,334,34,2017-06-21T01:10:05Z,2026-03-25T21:31:47Z,False,False,success,4
94948855,airbnb/lottie,2026-01,1,1,HTML,4949,334,34,2017-06-21T01:10:05Z,2026-03-25T21:31:47Z,False,False,success,4
94948855,airbnb/lottie,2026-03,2,2,HTML,4949,334,34,2017-06-21T01:10:05Z,2026-03-25T21:31:47Z,False,False,success,4
99822164,aksakalli/gtop,2025-11,1,1,JavaScript,9931,337,40,2017-08-09T15:12:28Z,2025-11-06T13:55:02Z,False,False,success,1
100764624,fabiospampinato/vscode-todo-plus,2026-07,4,1,TypeScript,998,239,104,2017-08-19T02:33:14Z,2026-07-17T22:15:28Z,False,False,success,4
105379569,actix/actix-web,2025-09,11,3,Rust,24829,1887,191,2017-09-30T15:30:02Z,2026-09-17T15:19:41Z,False,False,success,362
105379569,actix/actix-web,2025-10,19,5,Rust,24829,1887,191,2017-09-30T15:30:02Z,2026-09-17T15:19:41Z,False,False,success,362
105379569,actix/actix-web,2025-11,20,4,Rust,24829,1887,191,2017-09-30T15:30:02Z,2026-09-17T15:19:41Z,False,False,success,362
105379569,actix/actix-web,2025-12,18,3,Rust,24829,1887,191,2017-09-30T15:30:02Z,2026-09-17T15:19:41Z,False,False,success,362
105379569,actix/actix-web,2026-01,29,3,Rust,24829,1887,191,2017-09-30T15:30:02Z,2026-09-17T15:19:41Z,False,False,success,362
105379569,actix/actix-web,2026-02,57,12,Rust,24829,1887,191,2017-09-30T15:30:02Z,2026-09-17T15:19:41Z,False,False,success,362
105379569,actix/actix-web,2026-03,26,4,Rust,24829,1887,191,2017-09-30T15:30:02Z,2026-09-17T15:19:41Z,False,False,success,362
105379569,actix/actix-web,2026-04,44,4,Rust,24829,1887,191,2017-09-30T15:30:02Z,2026-09-17T15:19:41Z,False,False,success,362
105379569,actix/actix-web,2026-05,22,4,Rust,24829,1887,191,2017-09-30T15:30:02Z,2026-09-17T15:19:41Z,False,False,success,362
105379569,actix/actix-web,2026-06,30,2,Rust,24829,1887,191,2017-09-30T15:30:02Z,2026-09-17T15:19:41Z,False,False,success,362
105379569,actix/actix-web,2026-07,17,3,Rust,24829,1887,191,2017-09-30T15:30:02Z,2026-09-17T15:19:41Z,False,False,success,362
105379569,actix/actix-web,2026-08,36,5,Rust,24829,1887,191,2017-09-30T15:30:02Z,2026-09-17T15:19:41Z,False,False,success,362
105379569,actix/actix-web,2026-09,33,3,Rust,24829,1887,191,2017-09-30T15:30:02Z,2026-09-17T15:19:41Z,False,False,success,362
106024057,pyg-team/pytorch_geometric,2025-09,8,4,Python,24085,4054,1337,2017-10-06T16:03:03Z,2026-09-01T23:22:42Z,False,False,success,118
106024057,pyg-team/pytorch_geometric,2025-10,13,6,Python,24085,4054,1337,2017-10-06T16:03:03Z,2026-09-01T23:22:42Z,False,False,success,118
106024057,pyg-team/pytorch_geometric,2025-11,8,6,Python,24085,4054,1337,2017-10-06T16:03:03Z,2026-09-01T23:22:42Z,False,False,success,118
106024057,pyg-team/pytorch_geometric,2025-12,7,4,Python,24085,4054,1337,2017-10-06T16:03:03Z,2026-09-01T23:22:42Z,False,False,success,118
106024057,pyg-team/pytorch_geometric,2026-01,5,5,Python,24085,4054,1337,2017-10-06T16:03:03Z,2026-09-01T23:22:42Z,False,False,success,118
106024057,pyg-team/pytorch_geometric,2026-02,22,9,Python,24085,4054,1337,2017-10-06T16:03:03Z,2026-09-01T23:22:42Z,False,False,success,118
106024057,pyg-team/pytorch_geometric,2026-03,19,11,Python,24085,4054,1337,2017-10-06T16:03:03Z,2026-09-01T23:22:42Z,False,False,success,118
106024057,pyg-team/pytorch_geometric,2026-04,10,5,Python,24085,4054,1337,2017-10-06T16:03:03Z,2026-09-01T23:22:42Z,False,False,success,118
106024057,pyg-team/pytorch_geometric,2026-05,2,1,Python,24085,4054,1337,2017-10-06T16:03:03Z,2026-09-01T23:22:42Z,False,False,success,118
106024057,pyg-team/pytorch_geometric,2026-06,14,5,Python,24085,4054,1337,2017-10-06T16:03:03Z,2026-09-01T23:22:42Z,False,False,success,118
106024057,pyg-team/pytorch_geometric,2026-07,6,3,Python,24085,4054,1337,2017-10-06T16:03:03Z,2026-09-01T23:22:42Z,False,False,success,118
106024057,pyg-team/pytorch_geometric,2026-08,3,1,Python,24085,4054,1337,2017-10-06T16:03:03Z,2026-09-01T23:22:42Z,False,False,success,118
106024057,pyg-team/pytorch_geometric,2026-09,1,1,Python,24085,4054,1337,2017-10-06T16:03:03Z,2026-09-01T23:22:42Z,False,False,success,118
117372806,yangshun/front-end-interview-handbook,2025-09,2,1,JavaScript,44012,5929,11,2018-01-13T19:40:08Z,2026-08-13T08:25:31Z,False,False,success,44
117372806,yangshun/front-end-interview-handbook,2025-10,2,2,JavaScript,44012,5929,11,2018-01-13T19:40:08Z,2026-08-13T08:25:31Z,False,False,success,44
117372806,yangshun/front-end-interview-handbook,2025-11,2,2,JavaScript,44012,5929,11,2018-01-13T19:40:08Z,2026-08-13T08:25:31Z,False,False,success,44
117372806,yangshun/front-end-interview-handbook,2026-02,2,1,JavaScript,44012,5929,11,2018-01-13T19:40:08Z,2026-08-13T08:25:31Z,False,False,success,44
117372806,yangshun/front-end-interview-handbook,2026-03,8,4,JavaScript,44012,5929,11,2018-01-13T19:40:08Z,2026-08-13T08:25:31Z,False,False,success,44
117372806,yangshun/front-end-interview-handbook,2026-04,15,2,JavaScript,44012,5929,11,2018-01-13T19:40:08Z,2026-08-13T08:25:31Z,False,False,success,44
117372806,yangshun/front-end-interview-handbook,2026-05,4,2,JavaScript,44012,5929,11,2018-01-13T19:40:08Z,2026-08-13T08:25:31Z,False,False,success,44
117372806,yangshun/front-end-interview-handbook,2026-08,9,2,JavaScript,44012,5929,11,2018-01-13T19:40:08Z,2026-08-13T08:25:31Z,False,False,success,44
118820677,labex-labs/python-cheatsheet,2025-10,7,1,Vue,4959,1341,23,2018-01-24T20:53:03Z,2026-07-01T08:14:51Z,False,False,success,81
118820677,labex-labs/python-cheatsheet,2025-11,35,1,Vue,4959,1341,23,2018-01-24T20:53:03Z,2026-07-01T08:14:51Z,False,False,success,81
118820677,labex-labs/python-cheatsheet,2025-12,27,2,Vue,4959,1341,23,2018-01-24T20:53:03Z,2026-07-01T08:14:51Z,False,False,success,81
118820677,labex-labs/python-cheatsheet,2026-03,2,1,Vue,4959,1341,23,2018-01-24T20:53:03Z,2026-07-01T08:14:51Z,False,False,success,81
118820677,labex-labs/python-cheatsheet,2026-04,2,1,Vue,4959,1341,23,2018-01-24T20:53:03Z,2026-07-01T08:14:51Z,False,False,success,81
118820677,labex-labs/python-cheatsheet,2026-05,4,1,Vue,4959,1341,23,2018-01-24T20:53:03Z,2026-07-01T08:14:51Z,False,False,success,81
118820677,labex-labs/python-cheatsheet,2026-06,3,2,Vue,4959,1341,23,2018-01-24T20:53:03Z,2026-07-01T08:14:51Z,False,False,success,81
118820677,labex-labs/python-cheatsheet,2026-07,1,1,Vue,4959,1341,23,2018-01-24T20:53:03Z,2026-07-01T08:14:51Z,False,False,success,81
120896210,argoproj/argo-cd,2025-09,72,33,Go,24178,7852,4368,2018-02-09T11:12:01Z,2026-09-17T15:02:26Z,False,False,success,2196
120896210,argoproj/argo-cd,2025-10,105,39,Go,24178,7852,4368,2018-02-09T11:12:01Z,2026-09-17T15:02:26Z,False,False,success,2196
120896210,argoproj/argo-cd,2025-11,113,48,Go,24178,7852,4368,2018-02-09T11:12:01Z,2026-09-17T15:02:26Z,False,False,success,2196
120896210,argoproj/argo-cd,2025-12,164,47,Go,24178,7852,4368,2018-02-09T11:12:01Z,2026-09-17T15:02:26Z,False,False,success,2196
120896210,argoproj/argo-cd,2026-01,152,53,Go,24178,7852,4368,2018-02-09T11:12:01Z,2026-09-17T15:02:26Z,False,False,success,2196
120896210,argoproj/argo-cd,2026-02,206,52,Go,24178,7852,4368,2018-02-09T11:12:01Z,2026-09-17T15:02:26Z,False,False,success,2196
120896210,argoproj/argo-cd,2026-03,195,57,Go,24178,7852,4368,2018-02-09T11:12:01Z,2026-09-17T15:02:26Z,False,False,success,2196
120896210,argoproj/argo-cd,2026-04,216,63,Go,24178,7852,4368,2018-02-09T11:12:01Z,2026-09-17T15:02:26Z,False,False,success,2196
120896210,argoproj/argo-cd,2026-05,208,61,Go,24178,7852,4368,2018-02-09T11:12:01Z,2026-09-17T15:02:26Z,False,False,success,2196
120896210,argoproj/argo-cd,2026-06,206,60,Go,24178,7852,4368,2018-02-09T11:12:01Z,2026-09-17T15:02:26Z,False,False,success,2196
120896210,argoproj/argo-cd,2026-07,205,55,Go,24178,7852,4368,2018-02-09T11:12:01Z,2026-09-17T15:02:26Z,False,False,success,2196
120896210,argoproj/argo-cd,2026-08,179,46,Go,24178,7852,4368,2018-02-09T11:12:01Z,2026-09-17T15:02:26Z,False,False,success,2196
120896210,argoproj/argo-cd,2026-09,175,65,Go,24178,7852,4368,2018-02-09T11:12:01Z,2026-09-17T15:02:26Z,False,False,success,2196
123458551,jackfrued/Python-100-Days,2025-12,4,1,Jupyter Notebook,186563,55751,716,2018-03-01T16:05:52Z,2026-07-29T15:18:29Z,False,False,success,10
123458551,jackfrued/Python-100-Days,2026-01,1,1,Jupyter Notebook,186563,55751,716,2018-03-01T16:05:52Z,2026-07-29T15:18:29Z,False,False,success,10
123458551,jackfrued/Python-100-Days,2026-02,2,1,Jupyter Notebook,186563,55751,716,2018-03-01T16:05:52Z,2026-07-29T15:18:29Z,False,False,success,10
123458551,jackfrued/Python-100-Days,2026-04,2,1,Jupyter Notebook,186563,55751,716,2018-03-01T16:05:52Z,2026-07-29T15:18:29Z,False,False,success,10
123458551,jackfrued/Python-100-Days,2026-07,1,1,Jupyter Notebook,186563,55751,716,2018-03-01T16:05:52Z,2026-07-29T15:18:29Z,False,False,success,10
126577260,trekhleb/javascript-algorithms,2025-10,1,1,JavaScript,196756,31031,406,2018-03-24T07:47:04Z,2026-07-26T02:43:08Z,False,False,success,33
126577260,trekhleb/javascript-algorithms,2025-11,7,1,JavaScript,196756,31031,406,2018-03-24T07:47:04Z,2026-07-26T02:43:08Z,False,False,success,33
126577260,trekhleb/javascript-algorithms,2026-01,4,1,JavaScript,196756,31031,406,2018-03-24T07:47:04Z,2026-07-26T02:43:08Z,False,False,success,33
126577260,trekhleb/javascript-algorithms,2026-02,2,1,JavaScript,196756,31031,406,2018-03-24T07:47:04Z,2026-07-26T02:43:08Z,False,False,success,33
126577260,trekhleb/javascript-algorithms,2026-05,5,4,JavaScript,196756,31031,406,2018-03-24T07:47:04Z,2026-07-26T02:43:08Z,False,False,success,33
126577260,trekhleb/javascript-algorithms,2026-06,11,6,JavaScript,196756,31031,406,2018-03-24T07:47:04Z,2026-07-26T02:43:08Z,False,False,success,33
126577260,trekhleb/javascript-algorithms,2026-07,3,1,JavaScript,196756,31031,406,2018-03-24T07:47:04Z,2026-07-26T02:43:08Z,False,False,success,33
127769231,DIYgod/RSSHub,2025-09,86,20,TypeScript,46230,10215,348,2018-04-02T14:43:21Z,2026-09-17T17:22:10Z,False,False,success,2592
127769231,DIYgod/RSSHub,2025-10,176,35,TypeScript,46230,10215,348,2018-04-02T14:43:21Z,2026-09-17T17:22:10Z,False,False,success,2592
127769231,DIYgod/RSSHub,2025-11,163,24,TypeScript,46230,10215,348,2018-04-02T14:43:21Z,2026-09-17T17:22:10Z,False,False,success,2592
127769231,DIYgod/RSSHub,2025-12,168,27,TypeScript,46230,10215,348,2018-04-02T14:43:21Z,2026-09-17T17:22:10Z,False,False,success,2592
127769231,DIYgod/RSSHub,2026-01,186,31,TypeScript,46230,10215,348,2018-04-02T14:43:21Z,2026-09-17T17:22:10Z,False,False,success,2592
127769231,DIYgod/RSSHub,2026-02,199,35,TypeScript,46230,10215,348,2018-04-02T14:43:21Z,2026-09-17T17:22:10Z,False,False,success,2592
127769231,DIYgod/RSSHub,2026-03,253,37,TypeScript,46230,10215,348,2018-04-02T14:43:21Z,2026-09-17T17:22:10Z,False,False,success,2592
127769231,DIYgod/RSSHub,2026-04,261,27,TypeScript,46230,10215,348,2018-04-02T14:43:21Z,2026-09-17T17:22:10Z,False,False,success,2592
127769231,DIYgod/RSSHub,2026-05,232,25,TypeScript,46230,10215,348,2018-04-02T14:43:21Z,2026-09-17T17:22:10Z,False,False,success,2592
127769231,DIYgod/RSSHub,2026-06,209,16,TypeScript,46230,10215,348,2018-04-02T14:43:21Z,2026-09-17T17:22:10Z,False,False,success,2592
127769231,DIYgod/RSSHub,2026-07,280,34,TypeScript,46230,10215,348,2018-04-02T14:43:21Z,2026-09-17T17:22:10Z,False,False,success,2592
127769231,DIYgod/RSSHub,2026-08,199,20,TypeScript,46230,10215,348,2018-04-02T14:43:21Z,2026-09-17T17:22:10Z,False,False,success,2592
127769231,DIYgod/RSSHub,2026-09,180,20,TypeScript,46230,10215,348,2018-04-02T14:43:21Z,2026-09-17T17:22:10Z,False,False,success,2592
132750724,codecrafters-io/build-your-own-x,2025-10,2,2,Markdown,547866,51526,643,2018-05-09T12:03:18Z,2026-07-14T19:25:58Z,False,False,success,21
132750724,codecrafters-io/build-your-own-x,2025-12,3,2,Markdown,547866,51526,643,2018-05-09T12:03:18Z,2026-07-14T19:25:58Z,False,False,success,21
132750724,codecrafters-io/build-your-own-x,2026-02,11,2,Markdown,547866,51526,643,2018-05-09T12:03:18Z,2026-07-14T19:25:58Z,False,False,success,21
132750724,codecrafters-io/build-your-own-x,2026-06,3,2,Markdown,547866,51526,643,2018-05-09T12:03:18Z,2026-07-14T19:25:58Z,False,False,success,21
132750724,codecrafters-io/build-your-own-x,2026-07,2,2,Markdown,547866,51526,643,2018-05-09T12:03:18Z,2026-07-14T19:25:58Z,False,False,success,21
144026869,sudheerj/angular-interview-questions,2025-10,1,1,,4941,2197,7,2018-08-08T14:39:19Z,2026-04-27T16:54:11Z,False,False,success,9
144026869,sudheerj/angular-interview-questions,2025-11,3,1,,4941,2197,7,2018-08-08T14:39:19Z,2026-04-27T16:54:11Z,False,False,success,9
144026869,sudheerj/angular-interview-questions,2025-12,3,1,,4941,2197,7,2018-08-08T14:39:19Z,2026-04-27T16:54:11Z,False,False,success,9
144026869,sudheerj/angular-interview-questions,2026-03,1,1,,4941,2197,7,2018-08-08T14:39:19Z,2026-04-27T16:54:11Z,False,False,success,9
144026869,sudheerj/angular-interview-questions,2026-04,1,1,,4941,2197,7,2018-08-08T14:39:19Z,2026-04-27T16:54:11Z,False,False,success,9
144329209,CrowCpp/Crow,2025-09,7,5,C++,4978,557,83,2018-08-10T20:26:16Z,2026-09-16T10:59:10Z,False,False,success,136
144329209,CrowCpp/Crow,2025-10,16,4,C++,4978,557,83,2018-08-10T20:26:16Z,2026-09-16T10:59:10Z,False,False,success,136
144329209,CrowCpp/Crow,2025-11,2,2,C++,4978,557,83,2018-08-10T20:26:16Z,2026-09-16T10:59:10Z,False,False,success,136
144329209,CrowCpp/Crow,2025-12,11,2,C++,4978,557,83,2018-08-10T20:26:16Z,2026-09-16T10:59:10Z,False,False,success,136
144329209,CrowCpp/Crow,2026-01,5,3,C++,4978,557,83,2018-08-10T20:26:16Z,2026-09-16T10:59:10Z,False,False,success,136
144329209,CrowCpp/Crow,2026-02,11,5,C++,4978,557,83,2018-08-10T20:26:16Z,2026-09-16T10:59:10Z,False,False,success,136
144329209,CrowCpp/Crow,2026-03,15,6,C++,4978,557,83,2018-08-10T20:26:16Z,2026-09-16T10:59:10Z,False,False,success,136
144329209,CrowCpp/Crow,2026-04,12,5,C++,4978,557,83,2018-08-10T20:26:16Z,2026-09-16T10:59:10Z,False,False,success,136
144329209,CrowCpp/Crow,2026-05,6,2,C++,4978,557,83,2018-08-10T20:26:16Z,2026-09-16T10:59:10Z,False,False,success,136
144329209,CrowCpp/Crow,2026-06,7,3,C++,4978,557,83,2018-08-10T20:26:16Z,2026-09-16T10:59:10Z,False,False,success,136
144329209,CrowCpp/Crow,2026-07,6,4,C++,4978,557,83,2018-08-10T20:26:16Z,2026-09-16T10:59:10Z,False,False,success,136
144329209,CrowCpp/Crow,2026-08,22,6,C++,4978,557,83,2018-08-10T20:26:16Z,2026-09-16T10:59:10Z,False,False,success,136
144329209,CrowCpp/Crow,2026-09,16,4,C++,4978,557,83,2018-08-10T20:26:16Z,2026-09-16T10:59:10Z,False,False,success,136
156768326,ThreeDotsLabs/watermill,2025-10,3,3,Go,9896,506,81,2018-11-08T21:01:09Z,2026-08-25T13:50:46Z,False,False,success,20
156768326,ThreeDotsLabs/watermill,2025-11,3,3,Go,9896,506,81,2018-11-08T21:01:09Z,2026-08-25T13:50:46Z,False,False,success,20
156768326,ThreeDotsLabs/watermill,2026-01,2,2,Go,9896,506,81,2018-11-08T21:01:09Z,2026-08-25T13:50:46Z,False,False,success,20
156768326,ThreeDotsLabs/watermill,2026-04,1,1,Go,9896,506,81,2018-11-08T21:01:09Z,2026-08-25T13:50:46Z,False,False,success,20
156768326,ThreeDotsLabs/watermill,2026-05,9,5,Go,9896,506,81,2018-11-08T21:01:09Z,2026-08-25T13:50:46Z,False,False,success,20
156768326,ThreeDotsLabs/watermill,2026-08,2,2,Go,9896,506,81,2018-11-08T21:01:09Z,2026-08-25T13:50:46Z,False,False,success,20
157318000,vercel/ncc,2025-10,5,2,JavaScript,9839,324,221,2018-11-13T04:00:21Z,2026-08-13T03:20:10Z,False,False,success,30
157318000,vercel/ncc,2025-11,1,1,JavaScript,9839,324,221,2018-11-13T04:00:21Z,2026-08-13T03:20:10Z,False,False,success,30
157318000,vercel/ncc,2026-02,1,1,JavaScript,9839,324,221,2018-11-13T04:00:21Z,2026-08-13T03:20:10Z,False,False,success,30
157318000,vercel/ncc,2026-03,1,1,JavaScript,9839,324,221,2018-11-13T04:00:21Z,2026-08-13T03:20:10Z,False,False,success,30
157318000,vercel/ncc,2026-04,1,1,JavaScript,9839,324,221,2018-11-13T04:00:21Z,2026-08-13T03:20:10Z,False,False,success,30
157318000,vercel/ncc,2026-05,10,3,JavaScript,9839,324,221,2018-11-13T04:00:21Z,2026-08-13T03:20:10Z,False,False,success,30
157318000,vercel/ncc,2026-06,7,4,JavaScript,9839,324,221,2018-11-13T04:00:21Z,2026-08-13T03:20:10Z,False,False,success,30
157318000,vercel/ncc,2026-07,1,1,JavaScript,9839,324,221,2018-11-13T04:00:21Z,2026-08-13T03:20:10Z,False,False,success,30
157318000,vercel/ncc,2026-08,3,2,JavaScript,9839,324,221,2018-11-13T04:00:21Z,2026-08-13T03:20:10Z,False,False,success,30
159981830,spicetify/cli,2025-09,6,6,JavaScript,24535,937,12,2018-12-01T19:55:18Z,2026-09-17T00:46:57Z,False,False,success,124
159981830,spicetify/cli,2025-10,4,2,JavaScript,24535,937,12,2018-12-01T19:55:18Z,2026-09-17T00:46:57Z,False,False,success,124
159981830,spicetify/cli,2025-11,12,7,JavaScript,24535,937,12,2018-12-01T19:55:18Z,2026-09-17T00:46:57Z,False,False,success,124
159981830,spicetify/cli,2025-12,12,6,JavaScript,24535,937,12,2018-12-01T19:55:18Z,2026-09-17T00:46:57Z,False,False,success,124
159981830,spicetify/cli,2026-01,8,5,JavaScript,24535,937,12,2018-12-01T19:55:18Z,2026-09-17T00:46:57Z,False,False,success,124
159981830,spicetify/cli,2026-02,6,3,JavaScript,24535,937,12,2018-12-01T19:55:18Z,2026-09-17T00:46:57Z,False,False,success,124
159981830,spicetify/cli,2026-03,24,8,JavaScript,24535,937,12,2018-12-01T19:55:18Z,2026-09-17T00:46:57Z,False,False,success,124
159981830,spicetify/cli,2026-04,14,9,JavaScript,24535,937,12,2018-12-01T19:55:18Z,2026-09-17T00:46:57Z,False,False,success,124
159981830,spicetify/cli,2026-05,1,1,JavaScript,24535,937,12,2018-12-01T19:55:18Z,2026-09-17T00:46:57Z,False,False,success,124
159981830,spicetify/cli,2026-06,2,1,JavaScript,24535,937,12,2018-12-01T19:55:18Z,2026-09-17T00:46:57Z,False,False,success,124
159981830,spicetify/cli,2026-07,16,7,JavaScript,24535,937,12,2018-12-01T19:55:18Z,2026-09-17T00:46:57Z,False,False,success,124
159981830,spicetify/cli,2026-08,9,7,JavaScript,24535,937,12,2018-12-01T19:55:18Z,2026-09-17T00:46:57Z,False,False,success,124
159981830,spicetify/cli,2026-09,10,4,JavaScript,24535,937,12,2018-12-01T19:55:18Z,2026-09-17T00:46:57Z,False,False,success,124
160875594,TH3xACE/SUDO_KILLER,2025-10,1,1,Shell,2482,259,1,2018-12-07T21:08:02Z,2026-03-11T14:40:44Z,False,False,success,2
160875594,TH3xACE/SUDO_KILLER,2026-03,1,1,Shell,2482,259,1,2018-12-07T21:08:02Z,2026-03-11T14:40:44Z,False,False,success,2
162613268,ethereum-lists/chains,2025-09,11,10,Kotlin,9828,8150,95,2018-12-20T17:53:10Z,2026-09-16T18:24:32Z,False,False,success,563
162613268,ethereum-lists/chains,2025-10,19,18,Kotlin,9828,8150,95,2018-12-20T17:53:10Z,2026-09-16T18:24:32Z,False,False,success,563
162613268,ethereum-lists/chains,2025-11,11,10,Kotlin,9828,8150,95,2018-12-20T17:53:10Z,2026-09-16T18:24:32Z,False,False,success,563
162613268,ethereum-lists/chains,2025-12,67,62,Kotlin,9828,8150,95,2018-12-20T17:53:10Z,2026-09-16T18:24:32Z,False,False,success,563
162613268,ethereum-lists/chains,2026-01,55,43,Kotlin,9828,8150,95,2018-12-20T17:53:10Z,2026-09-16T18:24:32Z,False,False,success,563
162613268,ethereum-lists/chains,2026-02,14,13,Kotlin,9828,8150,95,2018-12-20T17:53:10Z,2026-09-16T18:24:32Z,False,False,success,563
162613268,ethereum-lists/chains,2026-03,50,45,Kotlin,9828,8150,95,2018-12-20T17:53:10Z,2026-09-16T18:24:32Z,False,False,success,563
162613268,ethereum-lists/chains,2026-04,54,45,Kotlin,9828,8150,95,2018-12-20T17:53:10Z,2026-09-16T18:24:32Z,False,False,success,563
162613268,ethereum-lists/chains,2026-05,74,58,Kotlin,9828,8150,95,2018-12-20T17:53:10Z,2026-09-16T18:24:32Z,False,False,success,563
162613268,ethereum-lists/chains,2026-06,26,23,Kotlin,9828,8150,95,2018-12-20T17:53:10Z,2026-09-16T18:24:32Z,False,False,success,563
162613268,ethereum-lists/chains,2026-07,27,21,Kotlin,9828,8150,95,2018-12-20T17:53:10Z,2026-09-16T18:24:32Z,False,False,success,563
162613268,ethereum-lists/chains,2026-08,107,85,Kotlin,9828,8150,95,2018-12-20T17:53:10Z,2026-09-16T18:24:32Z,False,False,success,563
162613268,ethereum-lists/chains,2026-09,48,37,Kotlin,9828,8150,95,2018-12-20T17:53:10Z,2026-09-16T18:24:32Z,False,False,success,563
162998479,sherlock-project/sherlock,2025-09,27,2,Python,91988,10834,347,2018-12-24T14:30:48Z,2026-09-17T05:17:52Z,False,False,success,279
162998479,sherlock-project/sherlock,2025-10,198,29,Python,91988,10834,347,2018-12-24T14:30:48Z,2026-09-17T05:17:52Z,False,False,success,279
162998479,sherlock-project/sherlock,2025-11,1,1,Python,91988,10834,347,2018-12-24T14:30:48Z,2026-09-17T05:17:52Z,False,False,success,279
162998479,sherlock-project/sherlock,2025-12,2,1,Python,91988,10834,347,2018-12-24T14:30:48Z,2026-09-17T05:17:52Z,False,False,success,279
162998479,sherlock-project/sherlock,2026-01,4,3,Python,91988,10834,347,2018-12-24T14:30:48Z,2026-09-17T05:17:52Z,False,False,success,279
162998479,sherlock-project/sherlock,2026-02,4,4,Python,91988,10834,347,2018-12-24T14:30:48Z,2026-09-17T05:17:52Z,False,False,success,279
162998479,sherlock-project/sherlock,2026-03,6,3,Python,91988,10834,347,2018-12-24T14:30:48Z,2026-09-17T05:17:52Z,False,False,success,279
162998479,sherlock-project/sherlock,2026-04,17,3,Python,91988,10834,347,2018-12-24T14:30:48Z,2026-09-17T05:17:52Z,False,False,success,279
162998479,sherlock-project/sherlock,2026-05,10,2,Python,91988,10834,347,2018-12-24T14:30:48Z,2026-09-17T05:17:52Z,False,False,success,279
162998479,sherlock-project/sherlock,2026-08,3,1,Python,91988,10834,347,2018-12-24T14:30:48Z,2026-09-17T05:17:52Z,False,False,success,279
162998479,sherlock-project/sherlock,2026-09,7,3,Python,91988,10834,347,2018-12-24T14:30:48Z,2026-09-17T05:17:52Z,False,False,success,279
173228436,NationalSecurityAgency/ghidra,2025-09,88,7,Java,78363,8674,1962,2019-03-01T03:27:48Z,2026-09-17T12:45:32Z,False,False,success,2869
173228436,NationalSecurityAgency/ghidra,2025-10,124,13,Java,78363,8674,1962,2019-03-01T03:27:48Z,2026-09-17T12:45:32Z,False,False,success,2869
173228436,NationalSecurityAgency/ghidra,2025-11,152,22,Java,78363,8674,1962,2019-03-01T03:27:48Z,2026-09-17T12:45:32Z,False,False,success,2869
173228436,NationalSecurityAgency/ghidra,2025-12,238,20,Java,78363,8674,1962,2019-03-01T03:27:48Z,2026-09-17T12:45:32Z,False,False,success,2869
173228436,NationalSecurityAgency/ghidra,2026-01,242,15,Java,78363,8674,1962,2019-03-01T03:27:48Z,2026-09-17T12:45:32Z,False,False,success,2869
173228436,NationalSecurityAgency/ghidra,2026-02,304,20,Java,78363,8674,1962,2019-03-01T03:27:48Z,2026-09-17T12:45:32Z,False,False,success,2869
173228436,NationalSecurityAgency/ghidra,2026-03,247,26,Java,78363,8674,1962,2019-03-01T03:27:48Z,2026-09-17T12:45:32Z,False,False,success,2869
173228436,NationalSecurityAgency/ghidra,2026-04,270,22,Java,78363,8674,1962,2019-03-01T03:27:48Z,2026-09-17T12:45:32Z,False,False,success,2869
173228436,NationalSecurityAgency/ghidra,2026-05,274,23,Java,78363,8674,1962,2019-03-01T03:27:48Z,2026-09-17T12:45:32Z,False,False,success,2869
173228436,NationalSecurityAgency/ghidra,2026-06,336,31,Java,78363,8674,1962,2019-03-01T03:27:48Z,2026-09-17T12:45:32Z,False,False,success,2869
173228436,NationalSecurityAgency/ghidra,2026-07,244,30,Java,78363,8674,1962,2019-03-01T03:27:48Z,2026-09-17T12:45:32Z,False,False,success,2869
173228436,NationalSecurityAgency/ghidra,2026-08,187,21,Java,78363,8674,1962,2019-03-01T03:27:48Z,2026-09-17T12:45:32Z,False,False,success,2869
173228436,NationalSecurityAgency/ghidra,2026-09,163,16,Java,78363,8674,1962,2019-03-01T03:27:48Z,2026-09-17T12:45:32Z,False,False,success,2869
175405157,JanDeDobbeleer/oh-my-posh,2025-09,29,3,Go,23471,2784,8,2019-03-13T11:13:31Z,2026-09-17T14:36:45Z,False,False,success,955
175405157,JanDeDobbeleer/oh-my-posh,2025-10,69,10,Go,23471,2784,8,2019-03-13T11:13:31Z,2026-09-17T14:36:45Z,False,False,success,955
175405157,JanDeDobbeleer/oh-my-posh,2025-11,55,8,Go,23471,2784,8,2019-03-13T11:13:31Z,2026-09-17T14:36:45Z,False,False,success,955
175405157,JanDeDobbeleer/oh-my-posh,2025-12,94,12,Go,23471,2784,8,2019-03-13T11:13:31Z,2026-09-17T14:36:45Z,False,False,success,955
175405157,JanDeDobbeleer/oh-my-posh,2026-01,67,12,Go,23471,2784,8,2019-03-13T11:13:31Z,2026-09-17T14:36:45Z,False,False,success,955
175405157,JanDeDobbeleer/oh-my-posh,2026-02,70,13,Go,23471,2784,8,2019-03-13T11:13:31Z,2026-09-17T14:36:45Z,False,False,success,955
175405157,JanDeDobbeleer/oh-my-posh,2026-03,63,15,Go,23471,2784,8,2019-03-13T11:13:31Z,2026-09-17T14:36:45Z,False,False,success,955
175405157,JanDeDobbeleer/oh-my-posh,2026-04,46,6,Go,23471,2784,8,2019-03-13T11:13:31Z,2026-09-17T14:36:45Z,False,False,success,955
175405157,JanDeDobbeleer/oh-my-posh,2026-05,48,7,Go,23471,2784,8,2019-03-13T11:13:31Z,2026-09-17T14:36:45Z,False,False,success,955
175405157,JanDeDobbeleer/oh-my-posh,2026-06,53,14,Go,23471,2784,8,2019-03-13T11:13:31Z,2026-09-17T14:36:45Z,False,False,success,955
175405157,JanDeDobbeleer/oh-my-posh,2026-07,206,21,Go,23471,2784,8,2019-03-13T11:13:31Z,2026-09-17T14:36:45Z,False,False,success,955
175405157,JanDeDobbeleer/oh-my-posh,2026-08,116,15,Go,23471,2784,8,2019-03-13T11:13:31Z,2026-09-17T14:36:45Z,False,False,success,955
175405157,JanDeDobbeleer/oh-my-posh,2026-09,39,7,Go,23471,2784,8,2019-03-13T11:13:31Z,2026-09-17T14:36:45Z,False,False,success,955
188700274,9001/copyparty,2025-09,70,8,Python,46720,1903,251,2019-05-26T15:28:33Z,2026-09-16T22:38:35Z,False,False,success,778
188700274,9001/copyparty,2025-10,111,25,Python,46720,1903,251,2019-05-26T15:28:33Z,2026-09-16T22:38:35Z,False,False,success,778
188700274,9001/copyparty,2025-11,33,8,Python,46720,1903,251,2019-05-26T15:28:33Z,2026-09-16T22:38:35Z,False,False,success,778
188700274,9001/copyparty,2025-12,82,8,Python,46720,1903,251,2019-05-26T15:28:33Z,2026-09-16T22:38:35Z,False,False,success,778
188700274,9001/copyparty,2026-01,117,16,Python,46720,1903,251,2019-05-26T15:28:33Z,2026-09-16T22:38:35Z,False,False,success,778
188700274,9001/copyparty,2026-02,68,9,Python,46720,1903,251,2019-05-26T15:28:33Z,2026-09-16T22:38:35Z,False,False,success,778
188700274,9001/copyparty,2026-03,56,8,Python,46720,1903,251,2019-05-26T15:28:33Z,2026-09-16T22:38:35Z,False,False,success,778
188700274,9001/copyparty,2026-04,41,8,Python,46720,1903,251,2019-05-26T15:28:33Z,2026-09-16T22:38:35Z,False,False,success,778
188700274,9001/copyparty,2026-05,36,8,Python,46720,1903,251,2019-05-26T15:28:33Z,2026-09-16T22:38:35Z,False,False,success,778
188700274,9001/copyparty,2026-06,16,2,Python,46720,1903,251,2019-05-26T15:28:33Z,2026-09-16T22:38:35Z,False,False,success,778
188700274,9001/copyparty,2026-07,62,9,Python,46720,1903,251,2019-05-26T15:28:33Z,2026-09-16T22:38:35Z,False,False,success,778
188700274,9001/copyparty,2026-08,45,5,Python,46720,1903,251,2019-05-26T15:28:33Z,2026-09-16T22:38:35Z,False,False,success,778
188700274,9001/copyparty,2026-09,41,1,Python,46720,1903,251,2019-05-26T15:28:33Z,2026-09-16T22:38:35Z,False,False,success,778
188936134,sampsyo/cs6120,2025-09,4,3,HTML,997,229,21,2019-05-28T02:03:15Z,2026-01-10T00:49:22Z,False,False,success,108
188936134,sampsyo/cs6120,2025-10,8,3,HTML,997,229,21,2019-05-28T02:03:15Z,2026-01-10T00:49:22Z,False,False,success,108
188936134,sampsyo/cs6120,2025-11,19,7,HTML,997,229,21,2019-05-28T02:03:15Z,2026-01-10T00:49:22Z,False,False,success,108
188936134,sampsyo/cs6120,2025-12,71,12,HTML,997,229,21,2019-05-28T02:03:15Z,2026-01-10T00:49:22Z,False,False,success,108
188936134,sampsyo/cs6120,2026-01,6,2,HTML,997,229,21,2019-05-28T02:03:15Z,2026-01-10T00:49:22Z,False,False,success,108
192925833,prisma/orm,2025-10,186,1,TypeScript,47614,2537,2636,2019-06-20T13:33:47Z,2026-09-17T18:06:32Z,False,False,success,8256
192925833,prisma/orm,2025-11,679,2,TypeScript,47614,2537,2636,2019-06-20T13:33:47Z,2026-09-17T18:06:32Z,False,False,success,8256
192925833,prisma/orm,2025-12,470,5,TypeScript,47614,2537,2636,2019-06-20T13:33:47Z,2026-09-17T18:06:32Z,False,False,success,8256
192925833,prisma/orm,2026-01,700,5,TypeScript,47614,2537,2636,2019-06-20T13:33:47Z,2026-09-17T18:06:32Z,False,False,success,8256
192925833,prisma/orm,2026-02,614,6,TypeScript,47614,2537,2636,2019-06-20T13:33:47Z,2026-09-17T18:06:32Z,False,False,success,8256
192925833,prisma/orm,2026-03,708,4,TypeScript,47614,2537,2636,2019-06-20T13:33:47Z,2026-09-17T18:06:32Z,False,False,success,8256
192925833,prisma/orm,2026-04,1942,6,TypeScript,47614,2537,2636,2019-06-20T13:33:47Z,2026-09-17T18:06:32Z,False,False,success,8256
192925833,prisma/orm,2026-05,2007,14,TypeScript,47614,2537,2636,2019-06-20T13:33:47Z,2026-09-17T18:06:32Z,False,False,success,8256
192925833,prisma/orm,2026-06,578,6,TypeScript,47614,2537,2636,2019-06-20T13:33:47Z,2026-09-17T18:06:32Z,False,False,success,8256
192925833,prisma/orm,2026-07,143,6,TypeScript,47614,2537,2636,2019-06-20T13:33:47Z,2026-09-17T18:06:32Z,False,False,success,8256
192925833,prisma/orm,2026-08,170,7,TypeScript,47614,2537,2636,2019-06-20T13:33:47Z,2026-09-17T18:06:32Z,False,False,success,8256
192925833,prisma/orm,2026-09,59,2,TypeScript,47614,2537,2636,2019-06-20T13:33:47Z,2026-09-17T18:06:32Z,False,False,success,8256
193215554,n8n-io/n8n,2025-09,195,41,TypeScript,204985,60738,1190,2019-06-22T09:24:21Z,2026-09-17T18:17:15Z,False,False,success,9055
193215554,n8n-io/n8n,2025-10,518,63,TypeScript,204985,60738,1190,2019-06-22T09:24:21Z,2026-09-17T18:17:15Z,False,False,success,9055
193215554,n8n-io/n8n,2025-11,385,54,TypeScript,204985,60738,1190,2019-06-22T09:24:21Z,2026-09-17T18:17:15Z,False,False,success,9055
193215554,n8n-io/n8n,2025-12,497,52,TypeScript,204985,60738,1190,2019-06-22T09:24:21Z,2026-09-17T18:17:15Z,False,False,success,9055
193215554,n8n-io/n8n,2026-01,531,74,TypeScript,204985,60738,1190,2019-06-22T09:24:21Z,2026-09-17T18:17:15Z,False,False,success,9055
193215554,n8n-io/n8n,2026-02,527,62,TypeScript,204985,60738,1190,2019-06-22T09:24:21Z,2026-09-17T18:17:15Z,False,False,success,9055
193215554,n8n-io/n8n,2026-03,542,71,TypeScript,204985,60738,1190,2019-06-22T09:24:21Z,2026-09-17T18:17:15Z,False,False,success,9055
193215554,n8n-io/n8n,2026-04,710,90,TypeScript,204985,60738,1190,2019-06-22T09:24:21Z,2026-09-17T18:17:15Z,False,False,success,9055
193215554,n8n-io/n8n,2026-05,833,89,TypeScript,204985,60738,1190,2019-06-22T09:24:21Z,2026-09-17T18:17:15Z,False,False,success,9055
193215554,n8n-io/n8n,2026-06,1177,120,TypeScript,204985,60738,1190,2019-06-22T09:24:21Z,2026-09-17T18:17:15Z,False,False,success,9055
193215554,n8n-io/n8n,2026-07,1150,109,TypeScript,204985,60738,1190,2019-06-22T09:24:21Z,2026-09-17T18:17:15Z,False,False,success,9055
193215554,n8n-io/n8n,2026-08,1116,112,TypeScript,204985,60738,1190,2019-06-22T09:24:21Z,2026-09-17T18:17:15Z,False,False,success,9055
193215554,n8n-io/n8n,2026-09,874,108,TypeScript,204985,60738,1190,2019-06-22T09:24:21Z,2026-09-17T18:17:15Z,False,False,success,9055
196753133,artiebits/pdf-to-printer,2025-09,3,1,TypeScript,499,148,8,2019-07-13T18:20:35Z,2026-09-10T00:56:01Z,False,False,success,38
196753133,artiebits/pdf-to-printer,2025-10,4,2,TypeScript,499,148,8,2019-07-13T18:20:35Z,2026-09-10T00:56:01Z,False,False,success,38
196753133,artiebits/pdf-to-printer,2025-11,5,1,TypeScript,499,148,8,2019-07-13T18:20:35Z,2026-09-10T00:56:01Z,False,False,success,38
196753133,artiebits/pdf-to-printer,2026-01,5,1,TypeScript,499,148,8,2019-07-13T18:20:35Z,2026-09-10T00:56:01Z,False,False,success,38
196753133,artiebits/pdf-to-printer,2026-02,7,3,TypeScript,499,148,8,2019-07-13T18:20:35Z,2026-09-10T00:56:01Z,False,False,success,38
196753133,artiebits/pdf-to-printer,2026-03,4,1,TypeScript,499,148,8,2019-07-13T18:20:35Z,2026-09-10T00:56:01Z,False,False,success,38
196753133,artiebits/pdf-to-printer,2026-04,8,2,TypeScript,499,148,8,2019-07-13T18:20:35Z,2026-09-10T00:56:01Z,False,False,success,38
196753133,artiebits/pdf-to-printer,2026-08,2,2,TypeScript,499,148,8,2019-07-13T18:20:35Z,2026-09-10T00:56:01Z,False,False,success,38
212613049,cli/cli,2025-09,50,8,Go,46309,9039,1086,2019-10-03T15:24:53Z,2026-09-15T14:24:34Z,False,False,success,1838
212613049,cli/cli,2025-10,119,12,Go,46309,9039,1086,2019-10-03T15:24:53Z,2026-09-15T14:24:34Z,False,False,success,1838
212613049,cli/cli,2025-11,50,5,Go,46309,9039,1086,2019-10-03T15:24:53Z,2026-09-15T14:24:34Z,False,False,success,1838
212613049,cli/cli,2025-12,84,13,Go,46309,9039,1086,2019-10-03T15:24:53Z,2026-09-15T14:24:34Z,False,False,success,1838
212613049,cli/cli,2026-01,104,9,Go,46309,9039,1086,2019-10-03T15:24:53Z,2026-09-15T14:24:34Z,False,False,success,1838
212613049,cli/cli,2026-02,115,13,Go,46309,9039,1086,2019-10-03T15:24:53Z,2026-09-15T14:24:34Z,False,False,success,1838
212613049,cli/cli,2026-03,190,16,Go,46309,9039,1086,2019-10-03T15:24:53Z,2026-09-15T14:24:34Z,False,False,success,1838
212613049,cli/cli,2026-04,181,18,Go,46309,9039,1086,2019-10-03T15:24:53Z,2026-09-15T14:24:34Z,False,False,success,1838
212613049,cli/cli,2026-05,126,15,Go,46309,9039,1086,2019-10-03T15:24:53Z,2026-09-15T14:24:34Z,False,False,success,1838
212613049,cli/cli,2026-06,137,16,Go,46309,9039,1086,2019-10-03T15:24:53Z,2026-09-15T14:24:34Z,False,False,success,1838
212613049,cli/cli,2026-07,198,24,Go,46309,9039,1086,2019-10-03T15:24:53Z,2026-09-15T14:24:34Z,False,False,success,1838
212613049,cli/cli,2026-08,294,13,Go,46309,9039,1086,2019-10-03T15:24:53Z,2026-09-15T14:24:34Z,False,False,success,1838
212613049,cli/cli,2026-09,190,9,Go,46309,9039,1086,2019-10-03T15:24:53Z,2026-09-15T14:24:34Z,False,False,success,1838
215608265,kadenzipfel/smart-contract-vulnerabilities,2025-11,1,1,,2496,332,24,2019-10-16T17:41:22Z,2026-02-08T19:41:47Z,False,False,success,5
215608265,kadenzipfel/smart-contract-vulnerabilities,2026-02,4,1,,2496,332,24,2019-10-16T17:41:22Z,2026-02-08T19:41:47Z,False,False,success,5
216210734,ripperhe/Bob,2025-12,1,1,,9749,521,108,2019-10-19T13:28:07Z,2025-12-30T13:26:12Z,False,False,success,1
222751131,Asabeneh/30-Days-Of-Python,2025-09,4,1,Python,73989,13513,211,2019-11-19T17:24:16Z,2026-09-10T08:44:30Z,False,False,success,218
222751131,Asabeneh/30-Days-Of-Python,2025-10,5,4,Python,73989,13513,211,2019-11-19T17:24:16Z,2026-09-10T08:44:30Z,False,False,success,218
222751131,Asabeneh/30-Days-Of-Python,2025-11,5,4,Python,73989,13513,211,2019-11-19T17:24:16Z,2026-09-10T08:44:30Z,False,False,success,218
222751131,Asabeneh/30-Days-Of-Python,2025-12,5,5,Python,73989,13513,211,2019-11-19T17:24:16Z,2026-09-10T08:44:30Z,False,False,success,218
222751131,Asabeneh/30-Days-Of-Python,2026-01,95,3,Python,73989,13513,211,2019-11-19T17:24:16Z,2026-09-10T08:44:30Z,False,False,success,218
222751131,Asabeneh/30-Days-Of-Python,2026-03,56,4,Python,73989,13513,211,2019-11-19T17:24:16Z,2026-09-10T08:44:30Z,False,False,success,218
222751131,Asabeneh/30-Days-Of-Python,2026-04,4,2,Python,73989,13513,211,2019-11-19T17:24:16Z,2026-09-10T08:44:30Z,False,False,success,218
222751131,Asabeneh/30-Days-Of-Python,2026-05,14,1,Python,73989,13513,211,2019-11-19T17:24:16Z,2026-09-10T08:44:30Z,False,False,success,218
222751131,Asabeneh/30-Days-Of-Python,2026-06,14,2,Python,73989,13513,211,2019-11-19T17:24:16Z,2026-09-10T08:44:30Z,False,False,success,218
222751131,Asabeneh/30-Days-Of-Python,2026-07,3,1,Python,73989,13513,211,2019-11-19T17:24:16Z,2026-09-10T08:44:30Z,False,False,success,218
222751131,Asabeneh/30-Days-Of-Python,2026-08,10,3,Python,73989,13513,211,2019-11-19T17:24:16Z,2026-09-10T08:44:30Z,False,False,success,218
222751131,Asabeneh/30-Days-Of-Python,2026-09,3,2,Python,73989,13513,211,2019-11-19T17:24:16Z,2026-09-10T08:44:30Z,False,False,success,218
223636350,pycaret/pycaret,2026-04,114,1,Python,9841,1844,33,2019-11-23T18:40:48Z,2026-07-23T00:34:25Z,False,False,success,121
223636350,pycaret/pycaret,2026-05,7,1,Python,9841,1844,33,2019-11-23T18:40:48Z,2026-07-23T00:34:25Z,False,False,success,121
233102473,crytic/building-secure-contracts,2025-10,1,1,Solidity,2479,391,58,2020-01-10T17:58:29Z,2026-04-13T21:32:17Z,False,False,success,37
233102473,crytic/building-secure-contracts,2025-11,8,1,Solidity,2479,391,58,2020-01-10T17:58:29Z,2026-04-13T21:32:17Z,False,False,success,37
233102473,crytic/building-secure-contracts,2026-01,7,1,Solidity,2479,391,58,2020-01-10T17:58:29Z,2026-04-13T21:32:17Z,False,False,success,37
233102473,crytic/building-secure-contracts,2026-02,4,1,Solidity,2479,391,58,2020-01-10T17:58:29Z,2026-04-13T21:32:17Z,False,False,success,37
233102473,crytic/building-secure-contracts,2026-03,17,3,Solidity,2479,391,58,2020-01-10T17:58:29Z,2026-04-13T21:32:17Z,False,False,success,37
243950408,Anduin2017/HowToCook,2025-09,9,4,,102240,11096,465,2020-02-29T10:43:49Z,2026-09-03T14:26:56Z,False,False,success,178
243950408,Anduin2017/HowToCook,2025-10,10,4,,102240,11096,465,2020-02-29T10:43:49Z,2026-09-03T14:26:56Z,False,False,success,178
243950408,Anduin2017/HowToCook,2025-11,25,5,,102240,11096,465,2020-02-29T10:43:49Z,2026-09-03T14:26:56Z,False,False,success,178
243950408,Anduin2017/HowToCook,2025-12,8,3,,102240,11096,465,2020-02-29T10:43:49Z,2026-09-03T14:26:56Z,False,False,success,178
243950408,Anduin2017/HowToCook,2026-01,4,4,,102240,11096,465,2020-02-29T10:43:49Z,2026-09-03T14:26:56Z,False,False,success,178
243950408,Anduin2017/HowToCook,2026-02,4,3,,102240,11096,465,2020-02-29T10:43:49Z,2026-09-03T14:26:56Z,False,False,success,178
243950408,Anduin2017/HowToCook,2026-03,17,7,,102240,11096,465,2020-02-29T10:43:49Z,2026-09-03T14:26:56Z,False,False,success,178
243950408,Anduin2017/HowToCook,2026-04,6,3,,102240,11096,465,2020-02-29T10:43:49Z,2026-09-03T14:26:56Z,False,False,success,178
243950408,Anduin2017/HowToCook,2026-05,68,9,,102240,11096,465,2020-02-29T10:43:49Z,2026-09-03T14:26:56Z,False,False,success,178
243950408,Anduin2017/HowToCook,2026-06,5,5,,102240,11096,465,2020-02-29T10:43:49Z,2026-09-03T14:26:56Z,False,False,success,178
243950408,Anduin2017/HowToCook,2026-07,12,9,,102240,11096,465,2020-02-29T10:43:49Z,2026-09-03T14:26:56Z,False,False,success,178
243950408,Anduin2017/HowToCook,2026-08,7,5,,102240,11096,465,2020-02-29T10:43:49Z,2026-09-03T14:26:56Z,False,False,success,178
243950408,Anduin2017/HowToCook,2026-09,3,3,,102240,11096,465,2020-02-29T10:43:49Z,2026-09-03T14:26:56Z,False,False,success,178
250886658,Neverous/efibooteditor,2025-09,4,2,C++,499,40,9,2020-03-28T20:25:00Z,2026-09-11T05:07:08Z,False,False,success,99
250886658,Neverous/efibooteditor,2025-10,8,4,C++,499,40,9,2020-03-28T20:25:00Z,2026-09-11T05:07:08Z,False,False,success,99
250886658,Neverous/efibooteditor,2025-11,10,3,C++,499,40,9,2020-03-28T20:25:00Z,2026-09-11T05:07:08Z,False,False,success,99
250886658,Neverous/efibooteditor,2025-12,4,2,C++,499,40,9,2020-03-28T20:25:00Z,2026-09-11T05:07:08Z,False,False,success,99
250886658,Neverous/efibooteditor,2026-01,7,3,C++,499,40,9,2020-03-28T20:25:00Z,2026-09-11T05:07:08Z,False,False,success,99
250886658,Neverous/efibooteditor,2026-02,15,3,C++,499,40,9,2020-03-28T20:25:00Z,2026-09-11T05:07:08Z,False,False,success,99
250886658,Neverous/efibooteditor,2026-04,11,4,C++,499,40,9,2020-03-28T20:25:00Z,2026-09-11T05:07:08Z,False,False,success,99
250886658,Neverous/efibooteditor,2026-05,3,3,C++,499,40,9,2020-03-28T20:25:00Z,2026-09-11T05:07:08Z,False,False,success,99
250886658,Neverous/efibooteditor,2026-06,5,3,C++,499,40,9,2020-03-28T20:25:00Z,2026-09-11T05:07:08Z,False,False,success,99
250886658,Neverous/efibooteditor,2026-08,28,4,C++,499,40,9,2020-03-28T20:25:00Z,2026-09-11T05:07:08Z,False,False,success,99
250886658,Neverous/efibooteditor,2026-09,4,2,C++,499,40,9,2020-03-28T20:25:00Z,2026-09-11T05:07:08Z,False,False,success,99
257485422,vitejs/vite,2025-09,46,14,TypeScript,82860,8744,786,2020-04-21T05:03:57Z,2026-09-17T10:51:39Z,False,False,success,1240
257485422,vitejs/vite,2025-10,131,24,TypeScript,82860,8744,786,2020-04-21T05:03:57Z,2026-09-17T10:51:39Z,False,False,success,1240
257485422,vitejs/vite,2025-11,90,21,TypeScript,82860,8744,786,2020-04-21T05:03:57Z,2026-09-17T10:51:39Z,False,False,success,1240
257485422,vitejs/vite,2025-12,94,24,TypeScript,82860,8744,786,2020-04-21T05:03:57Z,2026-09-17T10:51:39Z,False,False,success,1240
257485422,vitejs/vite,2026-01,88,28,TypeScript,82860,8744,786,2020-04-21T05:03:57Z,2026-09-17T10:51:39Z,False,False,success,1240
257485422,vitejs/vite,2026-02,90,27,TypeScript,82860,8744,786,2020-04-21T05:03:57Z,2026-09-17T10:51:39Z,False,False,success,1240
257485422,vitejs/vite,2026-03,130,32,TypeScript,82860,8744,786,2020-04-21T05:03:57Z,2026-09-17T10:51:39Z,False,False,success,1240
257485422,vitejs/vite,2026-04,100,26,TypeScript,82860,8744,786,2020-04-21T05:03:57Z,2026-09-17T10:51:39Z,False,False,success,1240
257485422,vitejs/vite,2026-05,62,25,TypeScript,82860,8744,786,2020-04-21T05:03:57Z,2026-09-17T10:51:39Z,False,False,success,1240
257485422,vitejs/vite,2026-06,131,37,TypeScript,82860,8744,786,2020-04-21T05:03:57Z,2026-09-17T10:51:39Z,False,False,success,1240
257485422,vitejs/vite,2026-07,119,28,TypeScript,82860,8744,786,2020-04-21T05:03:57Z,2026-09-17T10:51:39Z,False,False,success,1240
257485422,vitejs/vite,2026-08,120,33,TypeScript,82860,8744,786,2020-04-21T05:03:57Z,2026-09-17T10:51:39Z,False,False,success,1240
257485422,vitejs/vite,2026-09,39,13,TypeScript,82860,8744,786,2020-04-21T05:03:57Z,2026-09-17T10:51:39Z,False,False,success,1240
262395224,dotnet/maui,2025-09,103,29,C#,23314,1975,3951,2020-05-08T18:11:05Z,2026-09-17T14:54:23Z,False,False,success,2313
262395224,dotnet/maui,2025-10,150,23,C#,23314,1975,3951,2020-05-08T18:11:05Z,2026-09-17T14:54:23Z,False,False,success,2313
262395224,dotnet/maui,2025-11,223,34,C#,23314,1975,3951,2020-05-08T18:11:05Z,2026-09-17T14:54:23Z,False,False,success,2313
262395224,dotnet/maui,2025-12,120,27,C#,23314,1975,3951,2020-05-08T18:11:05Z,2026-09-17T14:54:23Z,False,False,success,2313
262395224,dotnet/maui,2026-01,189,35,C#,23314,1975,3951,2020-05-08T18:11:05Z,2026-09-17T14:54:23Z,False,False,success,2313
262395224,dotnet/maui,2026-02,259,41,C#,23314,1975,3951,2020-05-08T18:11:05Z,2026-09-17T14:54:23Z,False,False,success,2313
262395224,dotnet/maui,2026-03,149,39,C#,23314,1975,3951,2020-05-08T18:11:05Z,2026-09-17T14:54:23Z,False,False,success,2313
262395224,dotnet/maui,2026-04,345,47,C#,23314,1975,3951,2020-05-08T18:11:05Z,2026-09-17T14:54:23Z,False,False,success,2313
262395224,dotnet/maui,2026-05,109,30,C#,23314,1975,3951,2020-05-08T18:11:05Z,2026-09-17T14:54:23Z,False,False,success,2313
262395224,dotnet/maui,2026-06,226,42,C#,23314,1975,3951,2020-05-08T18:11:05Z,2026-09-17T14:54:23Z,False,False,success,2313
262395224,dotnet/maui,2026-07,200,35,C#,23314,1975,3951,2020-05-08T18:11:05Z,2026-09-17T14:54:23Z,False,False,success,2313
262395224,dotnet/maui,2026-08,81,19,C#,23314,1975,3951,2020-05-08T18:11:05Z,2026-09-17T14:54:23Z,False,False,success,2313
262395224,dotnet/maui,2026-09,159,36,C#,23314,1975,3951,2020-05-08T18:11:05Z,2026-09-17T14:54:23Z,False,False,success,2313
273871859,juanfont/headscale,2025-10,30,9,Go,43920,2574,149,2020-06-21T09:21:05Z,2026-09-15T12:37:20Z,False,False,success,938
273871859,juanfont/headscale,2025-11,63,10,Go,43920,2574,149,2020-06-21T09:21:05Z,2026-09-15T12:37:20Z,False,False,success,938
273871859,juanfont/headscale,2025-12,45,9,Go,43920,2574,149,2020-06-21T09:21:05Z,2026-09-15T12:37:20Z,False,False,success,938
273871859,juanfont/headscale,2026-01,75,4,Go,43920,2574,149,2020-06-21T09:21:05Z,2026-09-15T12:37:20Z,False,False,success,938
273871859,juanfont/headscale,2026-02,123,6,Go,43920,2574,149,2020-06-21T09:21:05Z,2026-09-15T12:37:20Z,False,False,success,938
273871859,juanfont/headscale,2026-03,61,5,Go,43920,2574,149,2020-06-21T09:21:05Z,2026-09-15T12:37:20Z,False,False,success,938
273871859,juanfont/headscale,2026-04,161,5,Go,43920,2574,149,2020-06-21T09:21:05Z,2026-09-15T12:37:20Z,False,False,success,938
273871859,juanfont/headscale,2026-05,102,8,Go,43920,2574,149,2020-06-21T09:21:05Z,2026-09-15T12:37:20Z,False,False,success,938
273871859,juanfont/headscale,2026-06,168,5,Go,43920,2574,149,2020-06-21T09:21:05Z,2026-09-15T12:37:20Z,False,False,success,938
273871859,juanfont/headscale,2026-07,27,7,Go,43920,2574,149,2020-06-21T09:21:05Z,2026-09-15T12:37:20Z,False,False,success,938
273871859,juanfont/headscale,2026-08,33,6,Go,43920,2574,149,2020-06-21T09:21:05Z,2026-09-15T12:37:20Z,False,False,success,938
273871859,juanfont/headscale,2026-09,50,9,Go,43920,2574,149,2020-06-21T09:21:05Z,2026-09-15T12:37:20Z,False,False,success,938
276852180,below/HelloSilicon,2025-11,2,2,Assembly,4995,330,9,2020-07-03T08:46:11Z,2026-05-15T21:16:21Z,False,False,success,6
276852180,below/HelloSilicon,2026-03,1,1,Assembly,4995,330,9,2020-07-03T08:46:11Z,2026-05-15T21:16:21Z,False,False,success,6
276852180,below/HelloSilicon,2026-04,1,1,Assembly,4995,330,9,2020-07-03T08:46:11Z,2026-05-15T21:16:21Z,False,False,success,6
276852180,below/HelloSilicon,2026-05,2,1,Assembly,4995,330,9,2020-07-03T08:46:11Z,2026-05-15T21:16:21Z,False,False,success,6
279725533,elesiuta/picosnitch,2026-04,29,2,C,999,43,0,2020-07-15T00:49:13Z,2026-08-10T02:57:48Z,False,False,success,172
279725533,elesiuta/picosnitch,2026-05,56,1,C,999,43,0,2020-07-15T00:49:13Z,2026-08-10T02:57:48Z,False,False,success,172
279725533,elesiuta/picosnitch,2026-06,15,1,C,999,43,0,2020-07-15T00:49:13Z,2026-08-10T02:57:48Z,False,False,success,172
279725533,elesiuta/picosnitch,2026-07,46,3,C,999,43,0,2020-07-15T00:49:13Z,2026-08-10T02:57:48Z,False,False,success,172
279725533,elesiuta/picosnitch,2026-08,26,1,C,999,43,0,2020-07-15T00:49:13Z,2026-08-10T02:57:48Z,False,False,success,172
306803927,GyanD/codexffmpeg,2025-12,1,1,,2498,152,8,2020-10-24T04:18:30Z,2026-09-17T11:26:10Z,False,False,success,2
306803927,GyanD/codexffmpeg,2026-05,1,1,,2498,152,8,2020-10-24T04:18:30Z,2026-09-17T11:26:10Z,False,False,success,2
317319347,qeeqbox/social-analyzer,2025-10,3,3,JavaScript,24055,2313,28,2020-11-30T19:04:26Z,2026-01-12T21:50:25Z,False,False,success,6
317319347,qeeqbox/social-analyzer,2026-01,3,3,JavaScript,24055,2313,28,2020-11-30T19:04:26Z,2026-01-12T21:50:25Z,False,False,success,6
332526289,FirefoxCSS-Store/FirefoxCSS-Store.github.io,2025-10,1,1,JavaScript,997,83,2,2021-01-24T18:37:08Z,2026-09-12T14:44:51Z,False,False,success,193
332526289,FirefoxCSS-Store/FirefoxCSS-Store.github.io,2025-12,2,2,JavaScript,997,83,2,2021-01-24T18:37:08Z,2026-09-12T14:44:51Z,False,False,success,193
332526289,FirefoxCSS-Store/FirefoxCSS-Store.github.io,2026-01,6,3,JavaScript,997,83,2,2021-01-24T18:37:08Z,2026-09-12T14:44:51Z,False,False,success,193
332526289,FirefoxCSS-Store/FirefoxCSS-Store.github.io,2026-02,2,2,JavaScript,997,83,2,2021-01-24T18:37:08Z,2026-09-12T14:44:51Z,False,False,success,193
332526289,FirefoxCSS-Store/FirefoxCSS-Store.github.io,2026-03,5,5,JavaScript,997,83,2,2021-01-24T18:37:08Z,2026-09-12T14:44:51Z,False,False,success,193
332526289,FirefoxCSS-Store/FirefoxCSS-Store.github.io,2026-04,38,4,JavaScript,997,83,2,2021-01-24T18:37:08Z,2026-09-12T14:44:51Z,False,False,success,193
332526289,FirefoxCSS-Store/FirefoxCSS-Store.github.io,2026-05,55,3,JavaScript,997,83,2,2021-01-24T18:37:08Z,2026-09-12T14:44:51Z,False,False,success,193
332526289,FirefoxCSS-Store/FirefoxCSS-Store.github.io,2026-06,16,3,JavaScript,997,83,2,2021-01-24T18:37:08Z,2026-09-12T14:44:51Z,False,False,success,193
332526289,FirefoxCSS-Store/FirefoxCSS-Store.github.io,2026-07,21,4,JavaScript,997,83,2,2021-01-24T18:37:08Z,2026-09-12T14:44:51Z,False,False,success,193
332526289,FirefoxCSS-Store/FirefoxCSS-Store.github.io,2026-08,28,5,JavaScript,997,83,2,2021-01-24T18:37:08Z,2026-09-12T14:44:51Z,False,False,success,193
332526289,FirefoxCSS-Store/FirefoxCSS-Store.github.io,2026-09,19,3,JavaScript,997,83,2,2021-01-24T18:37:08Z,2026-09-12T14:44:51Z,False,False,success,193
336985289,likaia/js-screen-shot,2026-05,9,1,TypeScript,999,136,4,2021-02-08T06:48:45Z,2026-05-18T15:18:52Z,False,False,success,9
343965132,microsoft/ML-For-Beginners,2025-09,10,2,Jupyter Notebook,90601,22333,9,2021-03-03T01:34:05Z,2026-09-15T05:29:39Z,False,False,success,628
343965132,microsoft/ML-For-Beginners,2025-10,29,4,Jupyter Notebook,90601,22333,9,2021-03-03T01:34:05Z,2026-09-15T05:29:39Z,False,False,success,628
343965132,microsoft/ML-For-Beginners,2025-11,6,2,Jupyter Notebook,90601,22333,9,2021-03-03T01:34:05Z,2026-09-15T05:29:39Z,False,False,success,628
343965132,microsoft/ML-For-Beginners,2025-12,17,3,Jupyter Notebook,90601,22333,9,2021-03-03T01:34:05Z,2026-09-15T05:29:39Z,False,False,success,628
343965132,microsoft/ML-For-Beginners,2026-01,202,4,Jupyter Notebook,90601,22333,9,2021-03-03T01:34:05Z,2026-09-15T05:29:39Z,False,False,success,628
343965132,microsoft/ML-For-Beginners,2026-02,66,9,Jupyter Notebook,90601,22333,9,2021-03-03T01:34:05Z,2026-09-15T05:29:39Z,False,False,success,628
343965132,microsoft/ML-For-Beginners,2026-03,34,7,Jupyter Notebook,90601,22333,9,2021-03-03T01:34:05Z,2026-09-15T05:29:39Z,False,False,success,628
343965132,microsoft/ML-For-Beginners,2026-04,136,6,Jupyter Notebook,90601,22333,9,2021-03-03T01:34:05Z,2026-09-15T05:29:39Z,False,False,success,628
343965132,microsoft/ML-For-Beginners,2026-05,30,5,Jupyter Notebook,90601,22333,9,2021-03-03T01:34:05Z,2026-09-15T05:29:39Z,False,False,success,628
343965132,microsoft/ML-For-Beginners,2026-06,29,5,Jupyter Notebook,90601,22333,9,2021-03-03T01:34:05Z,2026-09-15T05:29:39Z,False,False,success,628
343965132,microsoft/ML-For-Beginners,2026-07,37,6,Jupyter Notebook,90601,22333,9,2021-03-03T01:34:05Z,2026-09-15T05:29:39Z,False,False,success,628
343965132,microsoft/ML-For-Beginners,2026-08,3,2,Jupyter Notebook,90601,22333,9,2021-03-03T01:34:05Z,2026-09-15T05:29:39Z,False,False,success,628
343965132,microsoft/ML-For-Beginners,2026-09,29,2,Jupyter Notebook,90601,22333,9,2021-03-03T01:34:05Z,2026-09-15T05:29:39Z,False,False,success,628
352429422,community-archive/obsidian-style-settings,2026-03,1,1,TypeScript,2489,179,40,2021-03-28T20:17:29Z,2026-07-13T23:32:02Z,False,False,success,6
352429422,community-archive/obsidian-style-settings,2026-07,5,2,TypeScript,2489,179,40,2021-03-28T20:17:29Z,2026-07-13T23:32:02Z,False,False,success,6
363910063,uptrace/bun,2025-09,3,2,Go,4976,306,37,2021-05-03T11:40:52Z,2026-08-21T14:17:15Z,False,False,success,97
363910063,uptrace/bun,2025-10,5,1,Go,4976,306,37,2021-05-03T11:40:52Z,2026-08-21T14:17:15Z,False,False,success,97
363910063,uptrace/bun,2025-11,6,2,Go,4976,306,37,2021-05-03T11:40:52Z,2026-08-21T14:17:15Z,False,False,success,97
363910063,uptrace/bun,2025-12,6,3,Go,4976,306,37,2021-05-03T11:40:52Z,2026-08-21T14:17:15Z,False,False,success,97
363910063,uptrace/bun,2026-01,1,1,Go,4976,306,37,2021-05-03T11:40:52Z,2026-08-21T14:17:15Z,False,False,success,97
363910063,uptrace/bun,2026-02,15,3,Go,4976,306,37,2021-05-03T11:40:52Z,2026-08-21T14:17:15Z,False,False,success,97
363910063,uptrace/bun,2026-03,7,3,Go,4976,306,37,2021-05-03T11:40:52Z,2026-08-21T14:17:15Z,False,False,success,97
363910063,uptrace/bun,2026-04,20,7,Go,4976,306,37,2021-05-03T11:40:52Z,2026-08-21T14:17:15Z,False,False,success,97
363910063,uptrace/bun,2026-05,6,5,Go,4976,306,37,2021-05-03T11:40:52Z,2026-08-21T14:17:15Z,False,False,success,97
363910063,uptrace/bun,2026-06,1,1,Go,4976,306,37,2021-05-03T11:40:52Z,2026-08-21T14:17:15Z,False,False,success,97
363910063,uptrace/bun,2026-07,11,4,Go,4976,306,37,2021-05-03T11:40:52Z,2026-08-21T14:17:15Z,False,False,success,97
363910063,uptrace/bun,2026-08,16,4,Go,4976,306,37,2021-05-03T11:40:52Z,2026-08-21T14:17:15Z,False,False,success,97
368842448,Mofiqul/vscode.nvim,2025-10,1,1,Lua,998,142,53,2021-05-19T11:16:33Z,2026-09-03T05:38:12Z,False,False,success,6
368842448,Mofiqul/vscode.nvim,2025-12,1,1,Lua,998,142,53,2021-05-19T11:16:33Z,2026-09-03T05:38:12Z,False,False,success,6
368842448,Mofiqul/vscode.nvim,2026-08,2,1,Lua,998,142,53,2021-05-19T11:16:33Z,2026-09-03T05:38:12Z,False,False,success,6
368842448,Mofiqul/vscode.nvim,2026-09,2,1,Lua,998,142,53,2021-05-19T11:16:33Z,2026-09-03T05:38:12Z,False,False,success,6
384520418,MaaAssistantArknights/MaaAssistantArknights,2025-09,98,18,C++,23312,2846,588,2021-07-09T18:26:38Z,2026-09-17T16:55:29Z,False,False,success,3744
384520418,MaaAssistantArknights/MaaAssistantArknights,2025-10,265,24,C++,23312,2846,588,2021-07-09T18:26:38Z,2026-09-17T16:55:29Z,False,False,success,3744
384520418,MaaAssistantArknights/MaaAssistantArknights,2025-11,297,23,C++,23312,2846,588,2021-07-09T18:26:38Z,2026-09-17T16:55:29Z,False,False,success,3744
384520418,MaaAssistantArknights/MaaAssistantArknights,2025-12,310,29,C++,23312,2846,588,2021-07-09T18:26:38Z,2026-09-17T16:55:29Z,False,False,success,3744
384520418,MaaAssistantArknights/MaaAssistantArknights,2026-01,409,32,C++,23312,2846,588,2021-07-09T18:26:38Z,2026-09-17T16:55:29Z,False,False,success,3744
384520418,MaaAssistantArknights/MaaAssistantArknights,2026-02,259,21,C++,23312,2846,588,2021-07-09T18:26:38Z,2026-09-17T16:55:29Z,False,False,success,3744
384520418,MaaAssistantArknights/MaaAssistantArknights,2026-03,325,23,C++,23312,2846,588,2021-07-09T18:26:38Z,2026-09-17T16:55:29Z,False,False,success,3744
384520418,MaaAssistantArknights/MaaAssistantArknights,2026-04,189,31,C++,23312,2846,588,2021-07-09T18:26:38Z,2026-09-17T16:55:29Z,False,False,success,3744
384520418,MaaAssistantArknights/MaaAssistantArknights,2026-05,463,35,C++,23312,2846,588,2021-07-09T18:26:38Z,2026-09-17T16:55:29Z,False,False,success,3744
384520418,MaaAssistantArknights/MaaAssistantArknights,2026-06,233,23,C++,23312,2846,588,2021-07-09T18:26:38Z,2026-09-17T16:55:29Z,False,False,success,3744
384520418,MaaAssistantArknights/MaaAssistantArknights,2026-07,231,17,C++,23312,2846,588,2021-07-09T18:26:38Z,2026-09-17T16:55:29Z,False,False,success,3744
384520418,MaaAssistantArknights/MaaAssistantArknights,2026-08,431,34,C++,23312,2846,588,2021-07-09T18:26:38Z,2026-09-17T16:55:29Z,False,False,success,3744
384520418,MaaAssistantArknights/MaaAssistantArknights,2026-09,234,29,C++,23312,2846,588,2021-07-09T18:26:38Z,2026-09-17T16:55:29Z,False,False,success,3744
411521053,mlt131220/Astral3D,2026-04,2,1,JavaScript,2494,493,3,2021-09-29T03:46:49Z,2026-09-14T11:11:24Z,False,False,success,13
411521053,mlt131220/Astral3D,2026-05,4,1,JavaScript,2494,493,3,2021-09-29T03:46:49Z,2026-09-14T11:11:24Z,False,False,success,13
411521053,mlt131220/Astral3D,2026-06,3,1,JavaScript,2494,493,3,2021-09-29T03:46:49Z,2026-09-14T11:11:24Z,False,False,success,13
411521053,mlt131220/Astral3D,2026-07,1,1,JavaScript,2494,493,3,2021-09-29T03:46:49Z,2026-09-14T11:11:24Z,False,False,success,13
411521053,mlt131220/Astral3D,2026-08,1,1,JavaScript,2494,493,3,2021-09-29T03:46:49Z,2026-09-14T11:11:24Z,False,False,success,13
411521053,mlt131220/Astral3D,2026-09,2,1,JavaScript,2494,493,3,2021-09-29T03:46:49Z,2026-09-14T11:11:24Z,False,False,success,13
445477700,joBr99/nspanel-lovelace-ui,2025-09,7,2,TypeScript,997,201,69,2022-01-07T10:09:15Z,2026-08-06T18:26:14Z,False,False,success,114
445477700,joBr99/nspanel-lovelace-ui,2025-10,6,2,TypeScript,997,201,69,2022-01-07T10:09:15Z,2026-08-06T18:26:14Z,False,False,success,114
445477700,joBr99/nspanel-lovelace-ui,2025-11,17,6,TypeScript,997,201,69,2022-01-07T10:09:15Z,2026-08-06T18:26:14Z,False,False,success,114
445477700,joBr99/nspanel-lovelace-ui,2025-12,16,4,TypeScript,997,201,69,2022-01-07T10:09:15Z,2026-08-06T18:26:14Z,False,False,success,114
445477700,joBr99/nspanel-lovelace-ui,2026-02,24,4,TypeScript,997,201,69,2022-01-07T10:09:15Z,2026-08-06T18:26:14Z,False,False,success,114
445477700,joBr99/nspanel-lovelace-ui,2026-03,8,3,TypeScript,997,201,69,2022-01-07T10:09:15Z,2026-08-06T18:26:14Z,False,False,success,114
445477700,joBr99/nspanel-lovelace-ui,2026-04,25,6,TypeScript,997,201,69,2022-01-07T10:09:15Z,2026-08-06T18:26:14Z,False,False,success,114
445477700,joBr99/nspanel-lovelace-ui,2026-05,2,2,TypeScript,997,201,69,2022-01-07T10:09:15Z,2026-08-06T18:26:14Z,False,False,success,114
445477700,joBr99/nspanel-lovelace-ui,2026-06,4,3,TypeScript,997,201,69,2022-01-07T10:09:15Z,2026-08-06T18:26:14Z,False,False,success,114
445477700,joBr99/nspanel-lovelace-ui,2026-07,1,1,TypeScript,997,201,69,2022-01-07T10:09:15Z,2026-08-06T18:26:14Z,False,False,success,114
445477700,joBr99/nspanel-lovelace-ui,2026-08,4,1,TypeScript,997,201,69,2022-01-07T10:09:15Z,2026-08-06T18:26:14Z,False,False,success,114
452483626,alexheretic/ab-av1,2025-11,5,2,Rust,997,69,75,2022-01-27T00:12:12Z,2026-09-07T08:31:25Z,False,False,success,49
452483626,alexheretic/ab-av1,2025-12,2,1,Rust,997,69,75,2022-01-27T00:12:12Z,2026-09-07T08:31:25Z,False,False,success,49
452483626,alexheretic/ab-av1,2026-01,7,2,Rust,997,69,75,2022-01-27T00:12:12Z,2026-09-07T08:31:25Z,False,False,success,49
452483626,alexheretic/ab-av1,2026-02,7,1,Rust,997,69,75,2022-01-27T00:12:12Z,2026-09-07T08:31:25Z,False,False,success,49
452483626,alexheretic/ab-av1,2026-03,3,1,Rust,997,69,75,2022-01-27T00:12:12Z,2026-09-07T08:31:25Z,False,False,success,49
452483626,alexheretic/ab-av1,2026-05,1,1,Rust,997,69,75,2022-01-27T00:12:12Z,2026-09-07T08:31:25Z,False,False,success,49
452483626,alexheretic/ab-av1,2026-06,6,1,Rust,997,69,75,2022-01-27T00:12:12Z,2026-09-07T08:31:25Z,False,False,success,49
452483626,alexheretic/ab-av1,2026-07,5,3,Rust,997,69,75,2022-01-27T00:12:12Z,2026-09-07T08:31:25Z,False,False,success,49
452483626,alexheretic/ab-av1,2026-08,12,3,Rust,997,69,75,2022-01-27T00:12:12Z,2026-09-07T08:31:25Z,False,False,success,49
452483626,alexheretic/ab-av1,2026-09,1,1,Rust,997,69,75,2022-01-27T00:12:12Z,2026-09-07T08:31:25Z,False,False,success,49
455229168,immich-app/immich,2025-09,72,13,TypeScript,114568,6977,742,2022-02-03T15:56:27Z,2026-09-17T18:17:11Z,False,False,success,2837
455229168,immich-app/immich,2025-10,260,64,TypeScript,114568,6977,742,2022-02-03T15:56:27Z,2026-09-17T18:17:11Z,False,False,success,2837
455229168,immich-app/immich,2025-11,205,48,TypeScript,114568,6977,742,2022-02-03T15:56:27Z,2026-09-17T18:17:11Z,False,False,success,2837
455229168,immich-app/immich,2025-12,131,40,TypeScript,114568,6977,742,2022-02-03T15:56:27Z,2026-09-17T18:17:11Z,False,False,success,2837
455229168,immich-app/immich,2026-01,265,49,TypeScript,114568,6977,742,2022-02-03T15:56:27Z,2026-09-17T18:17:11Z,False,False,success,2837
455229168,immich-app/immich,2026-02,300,61,TypeScript,114568,6977,742,2022-02-03T15:56:27Z,2026-09-17T18:17:11Z,False,False,success,2837
455229168,immich-app/immich,2026-03,258,45,TypeScript,114568,6977,742,2022-02-03T15:56:27Z,2026-09-17T18:17:11Z,False,False,success,2837
455229168,immich-app/immich,2026-04,236,49,TypeScript,114568,6977,742,2022-02-03T15:56:27Z,2026-09-17T18:17:11Z,False,False,success,2837
455229168,immich-app/immich,2026-05,215,48,TypeScript,114568,6977,742,2022-02-03T15:56:27Z,2026-09-17T18:17:11Z,False,False,success,2837
455229168,immich-app/immich,2026-06,270,42,TypeScript,114568,6977,742,2022-02-03T15:56:27Z,2026-09-17T18:17:11Z,False,False,success,2837
455229168,immich-app/immich,2026-07,262,51,TypeScript,114568,6977,742,2022-02-03T15:56:27Z,2026-09-17T18:17:11Z,False,False,success,2837
455229168,immich-app/immich,2026-08,252,51,TypeScript,114568,6977,742,2022-02-03T15:56:27Z,2026-09-17T18:17:11Z,False,False,success,2837
455229168,immich-app/immich,2026-09,111,26,TypeScript,114568,6977,742,2022-02-03T15:56:27Z,2026-09-17T18:17:11Z,False,False,success,2837
462938438,AngusJohnson/Clipper2,2025-10,9,3,C++,2485,455,28,2022-02-23T23:19:12Z,2026-04-20T01:18:06Z,False,False,success,58
462938438,AngusJohnson/Clipper2,2025-11,5,2,C++,2485,455,28,2022-02-23T23:19:12Z,2026-04-20T01:18:06Z,False,False,success,58
462938438,AngusJohnson/Clipper2,2025-12,32,1,C++,2485,455,28,2022-02-23T23:19:12Z,2026-04-20T01:18:06Z,False,False,success,58
462938438,AngusJohnson/Clipper2,2026-01,2,1,C++,2485,455,28,2022-02-23T23:19:12Z,2026-04-20T01:18:06Z,False,False,success,58
462938438,AngusJohnson/Clipper2,2026-02,4,1,C++,2485,455,28,2022-02-23T23:19:12Z,2026-04-20T01:18:06Z,False,False,success,58
462938438,AngusJohnson/Clipper2,2026-03,5,4,C++,2485,455,28,2022-02-23T23:19:12Z,2026-04-20T01:18:06Z,False,False,success,58
462938438,AngusJohnson/Clipper2,2026-04,1,1,C++,2485,455,28,2022-02-23T23:19:12Z,2026-04-20T01:18:06Z,False,False,success,58
475932672,huggingface/evaluate,2025-09,1,1,Python,2481,342,311,2022-03-30T15:08:26Z,2026-09-17T08:55:33Z,False,False,success,18
475932672,huggingface/evaluate,2025-11,13,6,Python,2481,342,311,2022-03-30T15:08:26Z,2026-09-17T08:55:33Z,False,False,success,18
475932672,huggingface/evaluate,2026-01,1,1,Python,2481,342,311,2022-03-30T15:08:26Z,2026-09-17T08:55:33Z,False,False,success,18
475932672,huggingface/evaluate,2026-03,1,1,Python,2481,342,311,2022-03-30T15:08:26Z,2026-09-17T08:55:33Z,False,False,success,18
475932672,huggingface/evaluate,2026-04,1,1,Python,2481,342,311,2022-03-30T15:08:26Z,2026-09-17T08:55:33Z,False,False,success,18
475932672,huggingface/evaluate,2026-09,1,1,Python,2481,342,311,2022-03-30T15:08:26Z,2026-09-17T08:55:33Z,False,False,success,18
488641606,agno-agi/agno,2025-09,90,27,Python,42218,5949,1474,2022-05-04T15:23:02Z,2026-09-17T14:34:38Z,False,False,success,1951
488641606,agno-agi/agno,2025-10,299,53,Python,42218,5949,1474,2022-05-04T15:23:02Z,2026-09-17T14:34:38Z,False,False,success,1951
488641606,agno-agi/agno,2025-11,155,37,Python,42218,5949,1474,2022-05-04T15:23:02Z,2026-09-17T14:34:38Z,False,False,success,1951
488641606,agno-agi/agno,2025-12,194,41,Python,42218,5949,1474,2022-05-04T15:23:02Z,2026-09-17T14:34:38Z,False,False,success,1951
488641606,agno-agi/agno,2026-01,162,43,Python,42218,5949,1474,2022-05-04T15:23:02Z,2026-09-17T14:34:38Z,False,False,success,1951
488641606,agno-agi/agno,2026-02,189,28,Python,42218,5949,1474,2022-05-04T15:23:02Z,2026-09-17T14:34:38Z,False,False,success,1951
488641606,agno-agi/agno,2026-03,117,29,Python,42218,5949,1474,2022-05-04T15:23:02Z,2026-09-17T14:34:38Z,False,False,success,1951
488641606,agno-agi/agno,2026-04,152,35,Python,42218,5949,1474,2022-05-04T15:23:02Z,2026-09-17T14:34:38Z,False,False,success,1951
488641606,agno-agi/agno,2026-05,149,45,Python,42218,5949,1474,2022-05-04T15:23:02Z,2026-09-17T14:34:38Z,False,False,success,1951
488641606,agno-agi/agno,2026-06,119,49,Python,42218,5949,1474,2022-05-04T15:23:02Z,2026-09-17T14:34:38Z,False,False,success,1951
488641606,agno-agi/agno,2026-07,165,64,Python,42218,5949,1474,2022-05-04T15:23:02Z,2026-09-17T14:34:38Z,False,False,success,1951
488641606,agno-agi/agno,2026-08,79,35,Python,42218,5949,1474,2022-05-04T15:23:02Z,2026-09-17T14:34:38Z,False,False,success,1951
488641606,agno-agi/agno,2026-09,81,34,Python,42218,5949,1474,2022-05-04T15:23:02Z,2026-09-17T14:34:38Z,False,False,success,1951
499830255,OML-Team/open-metric-learning,2025-11,4,1,Python,998,78,37,2022-06-04T13:12:25Z,2025-11-26T19:20:52Z,False,False,success,4
517572452,jeffvli/feishin,2025-09,16,6,TypeScript,9907,529,240,2022-07-25T08:02:56Z,2026-09-17T14:52:34Z,False,False,success,2328
517572452,jeffvli/feishin,2025-10,125,17,TypeScript,9907,529,240,2022-07-25T08:02:56Z,2026-09-17T14:52:34Z,False,False,success,2328
517572452,jeffvli/feishin,2025-11,618,7,TypeScript,9907,529,240,2022-07-25T08:02:56Z,2026-09-17T14:52:34Z,False,False,success,2328
517572452,jeffvli/feishin,2025-12,446,17,TypeScript,9907,529,240,2022-07-25T08:02:56Z,2026-09-17T14:52:34Z,False,False,success,2328
517572452,jeffvli/feishin,2026-01,226,19,TypeScript,9907,529,240,2022-07-25T08:02:56Z,2026-09-17T14:52:34Z,False,False,success,2328
517572452,jeffvli/feishin,2026-02,165,23,TypeScript,9907,529,240,2022-07-25T08:02:56Z,2026-09-17T14:52:34Z,False,False,success,2328
517572452,jeffvli/feishin,2026-03,132,18,TypeScript,9907,529,240,2022-07-25T08:02:56Z,2026-09-17T14:52:34Z,False,False,success,2328
517572452,jeffvli/feishin,2026-04,95,13,TypeScript,9907,529,240,2022-07-25T08:02:56Z,2026-09-17T14:52:34Z,False,False,success,2328
517572452,jeffvli/feishin,2026-05,107,15,TypeScript,9907,529,240,2022-07-25T08:02:56Z,2026-09-17T14:52:34Z,False,False,success,2328
517572452,jeffvli/feishin,2026-06,79,19,TypeScript,9907,529,240,2022-07-25T08:02:56Z,2026-09-17T14:52:34Z,False,False,success,2328
517572452,jeffvli/feishin,2026-07,153,22,TypeScript,9907,529,240,2022-07-25T08:02:56Z,2026-09-17T14:52:34Z,False,False,success,2328
517572452,jeffvli/feishin,2026-08,75,13,TypeScript,9907,529,240,2022-07-25T08:02:56Z,2026-09-17T14:52:34Z,False,False,success,2328
517572452,jeffvli/feishin,2026-09,91,18,TypeScript,9907,529,240,2022-07-25T08:02:56Z,2026-09-17T14:52:34Z,False,False,success,2328
535160981,cashubtc/nutshell,2025-10,8,3,Python,499,179,135,2022-09-11T01:26:19Z,2026-09-17T15:07:21Z,False,False,success,461
535160981,cashubtc/nutshell,2025-11,14,4,Python,499,179,135,2022-09-11T01:26:19Z,2026-09-17T15:07:21Z,False,False,success,461
535160981,cashubtc/nutshell,2025-12,7,4,Python,499,179,135,2022-09-11T01:26:19Z,2026-09-17T15:07:21Z,False,False,success,461
535160981,cashubtc/nutshell,2026-01,9,7,Python,499,179,135,2022-09-11T01:26:19Z,2026-09-17T15:07:21Z,False,False,success,461
535160981,cashubtc/nutshell,2026-02,18,4,Python,499,179,135,2022-09-11T01:26:19Z,2026-09-17T15:07:21Z,False,False,success,461
535160981,cashubtc/nutshell,2026-03,65,11,Python,499,179,135,2022-09-11T01:26:19Z,2026-09-17T15:07:21Z,False,False,success,461
535160981,cashubtc/nutshell,2026-04,23,4,Python,499,179,135,2022-09-11T01:26:19Z,2026-09-17T15:07:21Z,False,False,success,461
535160981,cashubtc/nutshell,2026-05,42,6,Python,499,179,135,2022-09-11T01:26:19Z,2026-09-17T15:07:21Z,False,False,success,461
535160981,cashubtc/nutshell,2026-06,110,5,Python,499,179,135,2022-09-11T01:26:19Z,2026-09-17T15:07:21Z,False,False,success,461
535160981,cashubtc/nutshell,2026-07,99,6,Python,499,179,135,2022-09-11T01:26:19Z,2026-09-17T15:07:21Z,False,False,success,461
535160981,cashubtc/nutshell,2026-08,26,8,Python,499,179,135,2022-09-11T01:26:19Z,2026-09-17T15:07:21Z,False,False,success,461
535160981,cashubtc/nutshell,2026-09,40,5,Python,499,179,135,2022-09-11T01:26:19Z,2026-09-17T15:07:21Z,False,False,success,461
542284380,usebruno/bruno,2025-09,29,15,JavaScript,47015,2888,1849,2022-09-27T20:51:45Z,2026-09-17T12:43:41Z,False,False,success,1641
542284380,usebruno/bruno,2025-10,99,26,JavaScript,47015,2888,1849,2022-09-27T20:51:45Z,2026-09-17T12:43:41Z,False,False,success,1641
542284380,usebruno/bruno,2025-11,128,26,JavaScript,47015,2888,1849,2022-09-27T20:51:45Z,2026-09-17T12:43:41Z,False,False,success,1641
542284380,usebruno/bruno,2025-12,205,24,JavaScript,47015,2888,1849,2022-09-27T20:51:45Z,2026-09-17T12:43:41Z,False,False,success,1641
542284380,usebruno/bruno,2026-01,173,27,JavaScript,47015,2888,1849,2022-09-27T20:51:45Z,2026-09-17T12:43:41Z,False,False,success,1641
542284380,usebruno/bruno,2026-02,136,33,JavaScript,47015,2888,1849,2022-09-27T20:51:45Z,2026-09-17T12:43:41Z,False,False,success,1641
542284380,usebruno/bruno,2026-03,104,20,JavaScript,47015,2888,1849,2022-09-27T20:51:45Z,2026-09-17T12:43:41Z,False,False,success,1641
542284380,usebruno/bruno,2026-04,70,16,JavaScript,47015,2888,1849,2022-09-27T20:51:45Z,2026-09-17T12:43:41Z,False,False,success,1641
542284380,usebruno/bruno,2026-05,85,22,JavaScript,47015,2888,1849,2022-09-27T20:51:45Z,2026-09-17T12:43:41Z,False,False,success,1641
542284380,usebruno/bruno,2026-06,98,26,JavaScript,47015,2888,1849,2022-09-27T20:51:45Z,2026-09-17T12:43:41Z,False,False,success,1641
542284380,usebruno/bruno,2026-07,317,28,JavaScript,47015,2888,1849,2022-09-27T20:51:45Z,2026-09-17T12:43:41Z,False,False,success,1641
542284380,usebruno/bruno,2026-08,125,23,JavaScript,47015,2888,1849,2022-09-27T20:51:45Z,2026-09-17T12:43:41Z,False,False,success,1641
542284380,usebruno/bruno,2026-09,72,26,JavaScript,47015,2888,1849,2022-09-27T20:51:45Z,2026-09-17T12:43:41Z,False,False,success,1641
552661142,langchain-ai/langchain,2025-09,83,10,Python,146532,24504,540,2022-10-17T02:58:36Z,2026-09-17T18:16:38Z,False,False,success,2534
552661142,langchain-ai/langchain,2025-10,347,29,Python,146532,24504,540,2022-10-17T02:58:36Z,2026-09-17T18:16:38Z,False,False,success,2534
552661142,langchain-ai/langchain,2025-11,141,34,Python,146532,24504,540,2022-10-17T02:58:36Z,2026-09-17T18:16:38Z,False,False,success,2534
552661142,langchain-ai/langchain,2025-12,199,42,Python,146532,24504,540,2022-10-17T02:58:36Z,2026-09-17T18:16:38Z,False,False,success,2534
552661142,langchain-ai/langchain,2026-01,176,49,Python,146532,24504,540,2022-10-17T02:58:36Z,2026-09-17T18:16:38Z,False,False,success,2534
552661142,langchain-ai/langchain,2026-02,200,42,Python,146532,24504,540,2022-10-17T02:58:36Z,2026-09-17T18:16:38Z,False,False,success,2534
552661142,langchain-ai/langchain,2026-03,233,31,Python,146532,24504,540,2022-10-17T02:58:36Z,2026-09-17T18:16:38Z,False,False,success,2534
552661142,langchain-ai/langchain,2026-04,201,28,Python,146532,24504,540,2022-10-17T02:58:36Z,2026-09-17T18:16:38Z,False,False,success,2534
552661142,langchain-ai/langchain,2026-05,241,17,Python,146532,24504,540,2022-10-17T02:58:36Z,2026-09-17T18:16:38Z,False,False,success,2534
552661142,langchain-ai/langchain,2026-06,278,17,Python,146532,24504,540,2022-10-17T02:58:36Z,2026-09-17T18:16:38Z,False,False,success,2534
552661142,langchain-ai/langchain,2026-07,145,24,Python,146532,24504,540,2022-10-17T02:58:36Z,2026-09-17T18:16:38Z,False,False,success,2534
552661142,langchain-ai/langchain,2026-08,193,41,Python,146532,24504,540,2022-10-17T02:58:36Z,2026-09-17T18:16:38Z,False,False,success,2534
552661142,langchain-ai/langchain,2026-09,97,15,Python,146532,24504,540,2022-10-17T02:58:36Z,2026-09-17T18:16:38Z,False,False,success,2534
555855184,triwinds/ns-emu-tools,2025-10,21,2,Rust,4956,179,19,2022-10-22T13:46:50Z,2026-09-16T04:31:39Z,False,False,success,296
555855184,triwinds/ns-emu-tools,2025-11,12,2,Rust,4956,179,19,2022-10-22T13:46:50Z,2026-09-16T04:31:39Z,False,False,success,296
555855184,triwinds/ns-emu-tools,2025-12,55,2,Rust,4956,179,19,2022-10-22T13:46:50Z,2026-09-16T04:31:39Z,False,False,success,296
555855184,triwinds/ns-emu-tools,2026-01,28,2,Rust,4956,179,19,2022-10-22T13:46:50Z,2026-09-16T04:31:39Z,False,False,success,296
555855184,triwinds/ns-emu-tools,2026-02,12,2,Rust,4956,179,19,2022-10-22T13:46:50Z,2026-09-16T04:31:39Z,False,False,success,296
555855184,triwinds/ns-emu-tools,2026-03,62,2,Rust,4956,179,19,2022-10-22T13:46:50Z,2026-09-16T04:31:39Z,False,False,success,296
555855184,triwinds/ns-emu-tools,2026-04,44,2,Rust,4956,179,19,2022-10-22T13:46:50Z,2026-09-16T04:31:39Z,False,False,success,296
555855184,triwinds/ns-emu-tools,2026-05,26,3,Rust,4956,179,19,2022-10-22T13:46:50Z,2026-09-16T04:31:39Z,False,False,success,296
555855184,triwinds/ns-emu-tools,2026-06,17,2,Rust,4956,179,19,2022-10-22T13:46:50Z,2026-09-16T04:31:39Z,False,False,success,296
555855184,triwinds/ns-emu-tools,2026-07,3,1,Rust,4956,179,19,2022-10-22T13:46:50Z,2026-09-16T04:31:39Z,False,False,success,296
555855184,triwinds/ns-emu-tools,2026-08,9,1,Rust,4956,179,19,2022-10-22T13:46:50Z,2026-09-16T04:31:39Z,False,False,success,296
555855184,triwinds/ns-emu-tools,2026-09,7,1,Rust,4956,179,19,2022-10-22T13:46:50Z,2026-09-16T04:31:39Z,False,False,success,296
593813395,scroll-tech/scroll-documentation,2025-09,1,1,MDX,701,196,88,2023-01-26T22:21:57Z,2026-07-30T00:19:00Z,False,False,success,35
593813395,scroll-tech/scroll-documentation,2025-10,30,3,MDX,701,196,88,2023-01-26T22:21:57Z,2026-07-30T00:19:00Z,False,False,success,35
593813395,scroll-tech/scroll-documentation,2025-11,2,2,MDX,701,196,88,2023-01-26T22:21:57Z,2026-07-30T00:19:00Z,False,False,success,35
593813395,scroll-tech/scroll-documentation,2026-06,2,1,MDX,701,196,88,2023-01-26T22:21:57Z,2026-07-30T00:19:00Z,False,False,success,35
609416865,nextai-translator/nextai-translator,2025-10,29,4,TypeScript,24986,1850,529,2023-03-04T05:21:09Z,2026-09-03T09:35:54Z,False,False,success,97
609416865,nextai-translator/nextai-translator,2025-11,4,3,TypeScript,24986,1850,529,2023-03-04T05:21:09Z,2026-09-03T09:35:54Z,False,False,success,97
609416865,nextai-translator/nextai-translator,2025-12,1,1,TypeScript,24986,1850,529,2023-03-04T05:21:09Z,2026-09-03T09:35:54Z,False,False,success,97
609416865,nextai-translator/nextai-translator,2026-01,3,1,TypeScript,24986,1850,529,2023-03-04T05:21:09Z,2026-09-03T09:35:54Z,False,False,success,97
609416865,nextai-translator/nextai-translator,2026-02,1,1,TypeScript,24986,1850,529,2023-03-04T05:21:09Z,2026-09-03T09:35:54Z,False,False,success,97
609416865,nextai-translator/nextai-translator,2026-03,8,3,TypeScript,24986,1850,529,2023-03-04T05:21:09Z,2026-09-03T09:35:54Z,False,False,success,97
609416865,nextai-translator/nextai-translator,2026-04,1,1,TypeScript,24986,1850,529,2023-03-04T05:21:09Z,2026-09-03T09:35:54Z,False,False,success,97
609416865,nextai-translator/nextai-translator,2026-05,4,3,TypeScript,24986,1850,529,2023-03-04T05:21:09Z,2026-09-03T09:35:54Z,False,False,success,97
609416865,nextai-translator/nextai-translator,2026-06,5,1,TypeScript,24986,1850,529,2023-03-04T05:21:09Z,2026-09-03T09:35:54Z,False,False,success,97
609416865,nextai-translator/nextai-translator,2026-07,23,3,TypeScript,24986,1850,529,2023-03-04T05:21:09Z,2026-09-03T09:35:54Z,False,False,success,97
609416865,nextai-translator/nextai-translator,2026-08,17,6,TypeScript,24986,1850,529,2023-03-04T05:21:09Z,2026-09-03T09:35:54Z,False,False,success,97
609416865,nextai-translator/nextai-translator,2026-09,1,1,TypeScript,24986,1850,529,2023-03-04T05:21:09Z,2026-09-03T09:35:54Z,False,False,success,97
615869301,mudler/LocalAI,2025-09,42,4,Go,49143,4455,168,2023-03-18T22:58:02Z,2026-09-17T06:10:52Z,False,False,success,3370
615869301,mudler/LocalAI,2025-10,237,8,Go,49143,4455,168,2023-03-18T22:58:02Z,2026-09-17T06:10:52Z,False,False,success,3370
615869301,mudler/LocalAI,2025-11,163,10,Go,49143,4455,168,2023-03-18T22:58:02Z,2026-09-17T06:10:52Z,False,False,success,3370
615869301,mudler/LocalAI,2025-12,195,12,Go,49143,4455,168,2023-03-18T22:58:02Z,2026-09-17T06:10:52Z,False,False,success,3370
615869301,mudler/LocalAI,2026-01,182,13,Go,49143,4455,168,2023-03-18T22:58:02Z,2026-09-17T06:10:52Z,False,False,success,3370
615869301,mudler/LocalAI,2026-02,179,15,Go,49143,4455,168,2023-03-18T22:58:02Z,2026-09-17T06:10:52Z,False,False,success,3370
615869301,mudler/LocalAI,2026-03,272,15,Go,49143,4455,168,2023-03-18T22:58:02Z,2026-09-17T06:10:52Z,False,False,success,3370
615869301,mudler/LocalAI,2026-04,288,22,Go,49143,4455,168,2023-03-18T22:58:02Z,2026-09-17T06:10:52Z,False,False,success,3370
615869301,mudler/LocalAI,2026-05,337,21,Go,49143,4455,168,2023-03-18T22:58:02Z,2026-09-17T06:10:52Z,False,False,success,3370
615869301,mudler/LocalAI,2026-06,365,22,Go,49143,4455,168,2023-03-18T22:58:02Z,2026-09-17T06:10:52Z,False,False,success,3370
615869301,mudler/LocalAI,2026-07,461,30,Go,49143,4455,168,2023-03-18T22:58:02Z,2026-09-17T06:10:52Z,False,False,success,3370
615869301,mudler/LocalAI,2026-08,378,27,Go,49143,4455,168,2023-03-18T22:58:02Z,2026-09-17T06:10:52Z,False,False,success,3370
615869301,mudler/LocalAI,2026-09,271,26,Go,49143,4455,168,2023-03-18T22:58:02Z,2026-09-17T06:10:52Z,False,False,success,3370
630824392,SamurAIGPT/llm-wiki-agent,2026-02,2,1,Python,3533,405,4,2023-04-21T08:31:00Z,2026-09-17T20:00:09Z,False,False,success,100
630824392,SamurAIGPT/llm-wiki-agent,2026-04,68,4,Python,3533,405,4,2023-04-21T08:31:00Z,2026-09-17T20:00:09Z,False,False,success,100
630824392,SamurAIGPT/llm-wiki-agent,2026-05,3,2,Python,3533,405,4,2023-04-21T08:31:00Z,2026-09-17T20:00:09Z,False,False,success,100
630824392,SamurAIGPT/llm-wiki-agent,2026-06,6,2,Python,3533,405,4,2023-04-21T08:31:00Z,2026-09-17T20:00:09Z,False,False,success,100
630824392,SamurAIGPT/llm-wiki-agent,2026-07,12,2,Python,3533,405,4,2023-04-21T08:31:00Z,2026-09-17T20:00:09Z,False,False,success,100
630824392,SamurAIGPT/llm-wiki-agent,2026-08,5,1,Python,3533,405,4,2023-04-21T08:31:00Z,2026-09-17T20:00:09Z,False,False,success,100
630824392,SamurAIGPT/llm-wiki-agent,2026-09,4,3,Python,3533,405,4,2023-04-21T08:31:00Z,2026-09-17T20:00:09Z,False,False,success,100
643285887,hiteshchoudhary/apihub,2026-05,4,1,JavaScript,9776,1494,72,2023-05-20T17:17:16Z,2026-05-05T07:27:42Z,False,False,success,4
643445235,lobehub/lobehub,2025-09,118,17,TypeScript,82541,15891,918,2023-05-21T07:19:12Z,2026-09-17T18:17:25Z,False,False,success,7510
643445235,lobehub/lobehub,2025-10,375,33,TypeScript,82541,15891,918,2023-05-21T07:19:12Z,2026-09-17T18:17:25Z,False,False,success,7510
643445235,lobehub/lobehub,2025-11,546,21,TypeScript,82541,15891,918,2023-05-21T07:19:12Z,2026-09-17T18:17:25Z,False,False,success,7510
643445235,lobehub/lobehub,2025-12,546,21,TypeScript,82541,15891,918,2023-05-21T07:19:12Z,2026-09-17T18:17:25Z,False,False,success,7510
643445235,lobehub/lobehub,2026-01,940,29,TypeScript,82541,15891,918,2023-05-21T07:19:12Z,2026-09-17T18:17:25Z,False,False,success,7510
643445235,lobehub/lobehub,2026-02,378,22,TypeScript,82541,15891,918,2023-05-21T07:19:12Z,2026-09-17T18:17:25Z,False,False,success,7510
643445235,lobehub/lobehub,2026-03,438,26,TypeScript,82541,15891,918,2023-05-21T07:19:12Z,2026-09-17T18:17:25Z,False,False,success,7510
643445235,lobehub/lobehub,2026-04,583,29,TypeScript,82541,15891,918,2023-05-21T07:19:12Z,2026-09-17T18:17:25Z,False,False,success,7510
643445235,lobehub/lobehub,2026-05,733,21,TypeScript,82541,15891,918,2023-05-21T07:19:12Z,2026-09-17T18:17:25Z,False,False,success,7510
643445235,lobehub/lobehub,2026-06,741,24,TypeScript,82541,15891,918,2023-05-21T07:19:12Z,2026-09-17T18:17:25Z,False,False,success,7510
643445235,lobehub/lobehub,2026-07,889,30,TypeScript,82541,15891,918,2023-05-21T07:19:12Z,2026-09-17T18:17:25Z,False,False,success,7510
643445235,lobehub/lobehub,2026-08,731,25,TypeScript,82541,15891,918,2023-05-21T07:19:12Z,2026-09-17T18:17:25Z,False,False,success,7510
643445235,lobehub/lobehub,2026-09,492,19,TypeScript,82541,15891,918,2023-05-21T07:19:12Z,2026-09-17T18:17:25Z,False,False,success,7510
646410686,hiyouga/LlamaFactory,2025-09,8,6,Python,74832,9166,1156,2023-05-28T10:09:12Z,2026-09-14T08:09:48Z,False,False,success,326
646410686,hiyouga/LlamaFactory,2025-10,35,12,Python,74832,9166,1156,2023-05-28T10:09:12Z,2026-09-14T08:09:48Z,False,False,success,326
646410686,hiyouga/LlamaFactory,2025-11,30,14,Python,74832,9166,1156,2023-05-28T10:09:12Z,2026-09-14T08:09:48Z,False,False,success,326
646410686,hiyouga/LlamaFactory,2025-12,52,16,Python,74832,9166,1156,2023-05-28T10:09:12Z,2026-09-14T08:09:48Z,False,False,success,326
646410686,hiyouga/LlamaFactory,2026-01,37,14,Python,74832,9166,1156,2023-05-28T10:09:12Z,2026-09-14T08:09:48Z,False,False,success,326
646410686,hiyouga/LlamaFactory,2026-02,25,15,Python,74832,9166,1156,2023-05-28T10:09:12Z,2026-09-14T08:09:48Z,False,False,success,326
646410686,hiyouga/LlamaFactory,2026-03,29,19,Python,74832,9166,1156,2023-05-28T10:09:12Z,2026-09-14T08:09:48Z,False,False,success,326
646410686,hiyouga/LlamaFactory,2026-04,22,8,Python,74832,9166,1156,2023-05-28T10:09:12Z,2026-09-14T08:09:48Z,False,False,success,326
646410686,hiyouga/LlamaFactory,2026-05,21,13,Python,74832,9166,1156,2023-05-28T10:09:12Z,2026-09-14T08:09:48Z,False,False,success,326
646410686,hiyouga/LlamaFactory,2026-06,22,15,Python,74832,9166,1156,2023-05-28T10:09:12Z,2026-09-14T08:09:48Z,False,False,success,326
646410686,hiyouga/LlamaFactory,2026-07,22,13,Python,74832,9166,1156,2023-05-28T10:09:12Z,2026-09-14T08:09:48Z,False,False,success,326
646410686,hiyouga/LlamaFactory,2026-08,17,11,Python,74832,9166,1156,2023-05-28T10:09:12Z,2026-09-14T08:09:48Z,False,False,success,326
646410686,hiyouga/LlamaFactory,2026-09,6,6,Python,74832,9166,1156,2023-05-28T10:09:12Z,2026-09-14T08:09:48Z,False,False,success,326
661957079,gkd-kit/gkd,2025-09,20,1,Kotlin,41961,1984,13,2023-07-04T03:59:15Z,2026-09-06T16:52:03Z,False,False,success,271
661957079,gkd-kit/gkd,2025-10,29,1,Kotlin,41961,1984,13,2023-07-04T03:59:15Z,2026-09-06T16:52:03Z,False,False,success,271
661957079,gkd-kit/gkd,2025-11,41,2,Kotlin,41961,1984,13,2023-07-04T03:59:15Z,2026-09-06T16:52:03Z,False,False,success,271
661957079,gkd-kit/gkd,2025-12,21,1,Kotlin,41961,1984,13,2023-07-04T03:59:15Z,2026-09-06T16:52:03Z,False,False,success,271
661957079,gkd-kit/gkd,2026-01,7,1,Kotlin,41961,1984,13,2023-07-04T03:59:15Z,2026-09-06T16:52:03Z,False,False,success,271
661957079,gkd-kit/gkd,2026-02,10,2,Kotlin,41961,1984,13,2023-07-04T03:59:15Z,2026-09-06T16:52:03Z,False,False,success,271
661957079,gkd-kit/gkd,2026-03,25,4,Kotlin,41961,1984,13,2023-07-04T03:59:15Z,2026-09-06T16:52:03Z,False,False,success,271
661957079,gkd-kit/gkd,2026-04,45,2,Kotlin,41961,1984,13,2023-07-04T03:59:15Z,2026-09-06T16:52:03Z,False,False,success,271
661957079,gkd-kit/gkd,2026-05,12,2,Kotlin,41961,1984,13,2023-07-04T03:59:15Z,2026-09-06T16:52:03Z,False,False,success,271
661957079,gkd-kit/gkd,2026-06,6,1,Kotlin,41961,1984,13,2023-07-04T03:59:15Z,2026-09-06T16:52:03Z,False,False,success,271
661957079,gkd-kit/gkd,2026-07,6,2,Kotlin,41961,1984,13,2023-07-04T03:59:15Z,2026-09-06T16:52:03Z,False,False,success,271
661957079,gkd-kit/gkd,2026-08,37,1,Kotlin,41961,1984,13,2023-07-04T03:59:15Z,2026-09-06T16:52:03Z,False,False,success,271
661957079,gkd-kit/gkd,2026-09,12,1,Kotlin,41961,1984,13,2023-07-04T03:59:15Z,2026-09-06T16:52:03Z,False,False,success,271
666299222,openinterpreter/openinterpreter,2025-09,153,20,Rust,68364,5882,1,2023-07-14T07:10:44Z,2026-09-15T06:55:59Z,False,False,success,9498
666299222,openinterpreter/openinterpreter,2025-10,391,48,Rust,68364,5882,1,2023-07-14T07:10:44Z,2026-09-15T06:55:59Z,False,False,success,9498
666299222,openinterpreter/openinterpreter,2025-11,377,68,Rust,68364,5882,1,2023-07-14T07:10:44Z,2026-09-15T06:55:59Z,False,False,success,9498
666299222,openinterpreter/openinterpreter,2025-12,427,67,Rust,68364,5882,1,2023-07-14T07:10:44Z,2026-09-15T06:55:59Z,False,False,success,9498
666299222,openinterpreter/openinterpreter,2026-01,642,75,Rust,68364,5882,1,2023-07-14T07:10:44Z,2026-09-15T06:55:59Z,False,False,success,9498
666299222,openinterpreter/openinterpreter,2026-02,888,71,Rust,68364,5882,1,2023-07-14T07:10:44Z,2026-09-15T06:55:59Z,False,False,success,9498
666299222,openinterpreter/openinterpreter,2026-03,848,74,Rust,68364,5882,1,2023-07-14T07:10:44Z,2026-09-15T06:55:59Z,False,False,success,9498
666299222,openinterpreter/openinterpreter,2026-04,1073,88,Rust,68364,5882,1,2023-07-14T07:10:44Z,2026-09-15T06:55:59Z,False,False,success,9498
666299222,openinterpreter/openinterpreter,2026-05,939,86,Rust,68364,5882,1,2023-07-14T07:10:44Z,2026-09-15T06:55:59Z,False,False,success,9498
666299222,openinterpreter/openinterpreter,2026-06,1022,98,Rust,68364,5882,1,2023-07-14T07:10:44Z,2026-09-15T06:55:59Z,False,False,success,9498
666299222,openinterpreter/openinterpreter,2026-07,1047,121,Rust,68364,5882,1,2023-07-14T07:10:44Z,2026-09-15T06:55:59Z,False,False,success,9498
666299222,openinterpreter/openinterpreter,2026-08,1308,155,Rust,68364,5882,1,2023-07-14T07:10:44Z,2026-09-15T06:55:59Z,False,False,success,9498
666299222,openinterpreter/openinterpreter,2026-09,383,66,Rust,68364,5882,1,2023-07-14T07:10:44Z,2026-09-15T06:55:59Z,False,False,success,9498
669982264,ColdWindScholar/MIO-KITCHEN-SOURCE,2025-10,21,3,Python,499,99,28,2023-07-24T03:12:53Z,2026-09-09T18:06:27Z,False,False,success,1223
669982264,ColdWindScholar/MIO-KITCHEN-SOURCE,2025-11,72,1,Python,499,99,28,2023-07-24T03:12:53Z,2026-09-09T18:06:27Z,False,False,success,1223
669982264,ColdWindScholar/MIO-KITCHEN-SOURCE,2025-12,110,2,Python,499,99,28,2023-07-24T03:12:53Z,2026-09-09T18:06:27Z,False,False,success,1223
669982264,ColdWindScholar/MIO-KITCHEN-SOURCE,2026-01,141,1,Python,499,99,28,2023-07-24T03:12:53Z,2026-09-09T18:06:27Z,False,False,success,1223
669982264,ColdWindScholar/MIO-KITCHEN-SOURCE,2026-02,22,1,Python,499,99,28,2023-07-24T03:12:53Z,2026-09-09T18:06:27Z,False,False,success,1223
669982264,ColdWindScholar/MIO-KITCHEN-SOURCE,2026-03,18,2,Python,499,99,28,2023-07-24T03:12:53Z,2026-09-09T18:06:27Z,False,False,success,1223
669982264,ColdWindScholar/MIO-KITCHEN-SOURCE,2026-04,14,1,Python,499,99,28,2023-07-24T03:12:53Z,2026-09-09T18:06:27Z,False,False,success,1223
669982264,ColdWindScholar/MIO-KITCHEN-SOURCE,2026-06,10,1,Python,499,99,28,2023-07-24T03:12:53Z,2026-09-09T18:06:27Z,False,False,success,1223
669982264,ColdWindScholar/MIO-KITCHEN-SOURCE,2026-07,17,1,Python,499,99,28,2023-07-24T03:12:53Z,2026-09-09T18:06:27Z,False,False,success,1223
669982264,ColdWindScholar/MIO-KITCHEN-SOURCE,2026-08,610,1,Python,499,99,28,2023-07-24T03:12:53Z,2026-09-09T18:06:27Z,False,False,success,1223
669982264,ColdWindScholar/MIO-KITCHEN-SOURCE,2026-09,188,1,Python,499,99,28,2023-07-24T03:12:53Z,2026-09-09T18:06:27Z,False,False,success,1223
671832156,eza-community/eza,2025-10,3,1,Rust,23296,522,452,2023-07-28T08:35:55Z,2026-08-06T19:53:22Z,False,False,success,44
671832156,eza-community/eza,2025-12,4,2,Rust,23296,522,452,2023-07-28T08:35:55Z,2026-08-06T19:53:22Z,False,False,success,44
671832156,eza-community/eza,2026-01,10,5,Rust,23296,522,452,2023-07-28T08:35:55Z,2026-08-06T19:53:22Z,False,False,success,44
671832156,eza-community/eza,2026-02,1,1,Rust,23296,522,452,2023-07-28T08:35:55Z,2026-08-06T19:53:22Z,False,False,success,44
671832156,eza-community/eza,2026-03,13,2,Rust,23296,522,452,2023-07-28T08:35:55Z,2026-08-06T19:53:22Z,False,False,success,44
671832156,eza-community/eza,2026-04,2,1,Rust,23296,522,452,2023-07-28T08:35:55Z,2026-08-06T19:53:22Z,False,False,success,44
671832156,eza-community/eza,2026-05,1,1,Rust,23296,522,452,2023-07-28T08:35:55Z,2026-08-06T19:53:22Z,False,False,success,44
671832156,eza-community/eza,2026-07,10,1,Rust,23296,522,452,2023-07-28T08:35:55Z,2026-08-06T19:53:22Z,False,False,success,44
676672661,langchain-ai/langgraph,2025-09,27,10,Python,41838,7064,793,2023-08-09T18:33:12Z,2026-09-17T15:33:41Z,False,False,success,798
676672661,langchain-ai/langgraph,2025-10,45,11,Python,41838,7064,793,2023-08-09T18:33:12Z,2026-09-17T15:33:41Z,False,False,success,798
676672661,langchain-ai/langgraph,2025-11,48,20,Python,41838,7064,793,2023-08-09T18:33:12Z,2026-09-17T15:33:41Z,False,False,success,798
676672661,langchain-ai/langgraph,2025-12,30,11,Python,41838,7064,793,2023-08-09T18:33:12Z,2026-09-17T15:33:41Z,False,False,success,798
676672661,langchain-ai/langgraph,2026-01,35,10,Python,41838,7064,793,2023-08-09T18:33:12Z,2026-09-17T15:33:41Z,False,False,success,798
676672661,langchain-ai/langgraph,2026-02,85,10,Python,41838,7064,793,2023-08-09T18:33:12Z,2026-09-17T15:33:41Z,False,False,success,798
676672661,langchain-ai/langgraph,2026-03,131,12,Python,41838,7064,793,2023-08-09T18:33:12Z,2026-09-17T15:33:41Z,False,False,success,798
676672661,langchain-ai/langgraph,2026-04,107,16,Python,41838,7064,793,2023-08-09T18:33:12Z,2026-09-17T15:33:41Z,False,False,success,798
676672661,langchain-ai/langgraph,2026-05,122,13,Python,41838,7064,793,2023-08-09T18:33:12Z,2026-09-17T15:33:41Z,False,False,success,798
676672661,langchain-ai/langgraph,2026-06,70,11,Python,41838,7064,793,2023-08-09T18:33:12Z,2026-09-17T15:33:41Z,False,False,success,798
676672661,langchain-ai/langgraph,2026-07,35,8,Python,41838,7064,793,2023-08-09T18:33:12Z,2026-09-17T15:33:41Z,False,False,success,798
676672661,langchain-ai/langgraph,2026-08,36,9,Python,41838,7064,793,2023-08-09T18:33:12Z,2026-09-17T15:33:41Z,False,False,success,798
676672661,langchain-ai/langgraph,2026-09,27,6,Python,41838,7064,793,2023-08-09T18:33:12Z,2026-09-17T15:33:41Z,False,False,success,798
700183290,synctv-org/synctv,2025-09,4,2,Rust,2489,244,21,2023-10-04T05:32:46Z,2026-09-16T06:45:35Z,False,False,success,72
700183290,synctv-org/synctv,2025-10,7,1,Rust,2489,244,21,2023-10-04T05:32:46Z,2026-09-16T06:45:35Z,False,False,success,72
700183290,synctv-org/synctv,2026-08,59,3,Rust,2489,244,21,2023-10-04T05:32:46Z,2026-09-16T06:45:35Z,False,False,success,72
700183290,synctv-org/synctv,2026-09,2,1,Rust,2489,244,21,2023-10-04T05:32:46Z,2026-09-16T06:45:35Z,False,False,success,72
707667804,simondankelmann/Bluetooth-LE-Spam,2025-10,2,2,Kotlin,4932,397,8,2023-10-20T11:54:26Z,2026-08-09T13:54:11Z,False,False,success,20
707667804,simondankelmann/Bluetooth-LE-Spam,2026-08,18,2,Kotlin,4932,397,8,2023-10-20T11:54:26Z,2026-08-09T13:54:11Z,False,False,success,20
718741813,abi/screenshot-to-code,2025-10,1,1,Python,79131,9659,145,2023-11-14T17:53:32Z,2026-09-09T17:27:34Z,False,False,success,556
718741813,abi/screenshot-to-code,2026-01,119,2,Python,79131,9659,145,2023-11-14T17:53:32Z,2026-09-09T17:27:34Z,False,False,success,556
718741813,abi/screenshot-to-code,2026-02,234,2,Python,79131,9659,145,2023-11-14T17:53:32Z,2026-09-09T17:27:34Z,False,False,success,556
718741813,abi/screenshot-to-code,2026-03,38,2,Python,79131,9659,145,2023-11-14T17:53:32Z,2026-09-09T17:27:34Z,False,False,success,556
718741813,abi/screenshot-to-code,2026-05,25,1,Python,79131,9659,145,2023-11-14T17:53:32Z,2026-09-09T17:27:34Z,False,False,success,556
718741813,abi/screenshot-to-code,2026-06,79,1,Python,79131,9659,145,2023-11-14T17:53:32Z,2026-09-09T17:27:34Z,False,False,success,556
718741813,abi/screenshot-to-code,2026-07,60,1,Python,79131,9659,145,2023-11-14T17:53:32Z,2026-09-09T17:27:34Z,False,False,success,556
738733003,danielmiessler/Fabric,2025-09,19,3,Go,43948,4261,72,2024-01-03T23:18:31Z,2026-09-07T19:17:46Z,False,False,success,910
738733003,danielmiessler/Fabric,2025-10,24,9,Go,43948,4261,72,2024-01-03T23:18:31Z,2026-09-07T19:17:46Z,False,False,success,910
738733003,danielmiessler/Fabric,2025-11,74,5,Go,43948,4261,72,2024-01-03T23:18:31Z,2026-09-07T19:17:46Z,False,False,success,910
738733003,danielmiessler/Fabric,2025-12,138,10,Go,43948,4261,72,2024-01-03T23:18:31Z,2026-09-07T19:17:46Z,False,False,success,910
738733003,danielmiessler/Fabric,2026-01,209,9,Go,43948,4261,72,2024-01-03T23:18:31Z,2026-09-07T19:17:46Z,False,False,success,910
738733003,danielmiessler/Fabric,2026-02,157,8,Go,43948,4261,72,2024-01-03T23:18:31Z,2026-09-07T19:17:46Z,False,False,success,910
738733003,danielmiessler/Fabric,2026-03,89,10,Go,43948,4261,72,2024-01-03T23:18:31Z,2026-09-07T19:17:46Z,False,False,success,910
738733003,danielmiessler/Fabric,2026-04,65,8,Go,43948,4261,72,2024-01-03T23:18:31Z,2026-09-07T19:17:46Z,False,False,success,910
738733003,danielmiessler/Fabric,2026-05,11,2,Go,43948,4261,72,2024-01-03T23:18:31Z,2026-09-07T19:17:46Z,False,False,success,910
738733003,danielmiessler/Fabric,2026-06,10,3,Go,43948,4261,72,2024-01-03T23:18:31Z,2026-09-07T19:17:46Z,False,False,success,910
738733003,danielmiessler/Fabric,2026-07,62,4,Go,43948,4261,72,2024-01-03T23:18:31Z,2026-09-07T19:17:46Z,False,False,success,910
738733003,danielmiessler/Fabric,2026-08,33,6,Go,43948,4261,72,2024-01-03T23:18:31Z,2026-09-07T19:17:46Z,False,False,success,910
738733003,danielmiessler/Fabric,2026-09,19,3,Go,43948,4261,72,2024-01-03T23:18:31Z,2026-09-07T19:17:46Z,False,False,success,910
771302083,OpenHands/OpenHands,2025-09,71,16,TypeScript,88307,11597,811,2024-03-13T03:33:31Z,2026-09-17T17:59:03Z,False,False,success,3064
771302083,OpenHands/OpenHands,2025-10,185,38,TypeScript,88307,11597,811,2024-03-13T03:33:31Z,2026-09-17T17:59:03Z,False,False,success,3064
771302083,OpenHands/OpenHands,2025-11,138,25,TypeScript,88307,11597,811,2024-03-13T03:33:31Z,2026-09-17T17:59:03Z,False,False,success,3064
771302083,OpenHands/OpenHands,2025-12,186,35,TypeScript,88307,11597,811,2024-03-13T03:33:31Z,2026-09-17T17:59:03Z,False,False,success,3064
771302083,OpenHands/OpenHands,2026-01,186,26,TypeScript,88307,11597,811,2024-03-13T03:33:31Z,2026-09-17T17:59:03Z,False,False,success,3064
771302083,OpenHands/OpenHands,2026-02,148,29,TypeScript,88307,11597,811,2024-03-13T03:33:31Z,2026-09-17T17:59:03Z,False,False,success,3064
771302083,OpenHands/OpenHands,2026-03,276,42,TypeScript,88307,11597,811,2024-03-13T03:33:31Z,2026-09-17T17:59:03Z,False,False,success,3064
771302083,OpenHands/OpenHands,2026-04,318,29,TypeScript,88307,11597,811,2024-03-13T03:33:31Z,2026-09-17T17:59:03Z,False,False,success,3064
771302083,OpenHands/OpenHands,2026-05,565,32,TypeScript,88307,11597,811,2024-03-13T03:33:31Z,2026-09-17T17:59:03Z,False,False,success,3064
771302083,OpenHands/OpenHands,2026-06,408,47,TypeScript,88307,11597,811,2024-03-13T03:33:31Z,2026-09-17T17:59:03Z,False,False,success,3064
771302083,OpenHands/OpenHands,2026-07,258,37,TypeScript,88307,11597,811,2024-03-13T03:33:31Z,2026-09-17T17:59:03Z,False,False,success,3064
771302083,OpenHands/OpenHands,2026-08,179,47,TypeScript,88307,11597,811,2024-03-13T03:33:31Z,2026-09-17T17:59:03Z,False,False,success,3064
771302083,OpenHands/OpenHands,2026-09,146,30,TypeScript,88307,11597,811,2024-03-13T03:33:31Z,2026-09-17T17:59:03Z,False,False,success,3064
787076358,firecrawl/firecrawl,2025-09,61,9,TypeScript,181611,9833,638,2024-04-15T21:02:29Z,2026-09-17T18:17:23Z,False,False,success,2108
787076358,firecrawl/firecrawl,2025-10,224,18,TypeScript,181611,9833,638,2024-04-15T21:02:29Z,2026-09-17T18:17:23Z,False,False,success,2108
787076358,firecrawl/firecrawl,2025-11,74,11,TypeScript,181611,9833,638,2024-04-15T21:02:29Z,2026-09-17T18:17:23Z,False,False,success,2108
787076358,firecrawl/firecrawl,2025-12,166,16,TypeScript,181611,9833,638,2024-04-15T21:02:29Z,2026-09-17T18:17:23Z,False,False,success,2108
787076358,firecrawl/firecrawl,2026-01,100,13,TypeScript,181611,9833,638,2024-04-15T21:02:29Z,2026-09-17T18:17:23Z,False,False,success,2108
787076358,firecrawl/firecrawl,2026-02,136,13,TypeScript,181611,9833,638,2024-04-15T21:02:29Z,2026-09-17T18:17:23Z,False,False,success,2108
787076358,firecrawl/firecrawl,2026-03,202,18,TypeScript,181611,9833,638,2024-04-15T21:02:29Z,2026-09-17T18:17:23Z,False,False,success,2108
787076358,firecrawl/firecrawl,2026-04,191,16,TypeScript,181611,9833,638,2024-04-15T21:02:29Z,2026-09-17T18:17:23Z,False,False,success,2108
787076358,firecrawl/firecrawl,2026-05,201,17,TypeScript,181611,9833,638,2024-04-15T21:02:29Z,2026-09-17T18:17:23Z,False,False,success,2108
787076358,firecrawl/firecrawl,2026-06,284,21,TypeScript,181611,9833,638,2024-04-15T21:02:29Z,2026-09-17T18:17:23Z,False,False,success,2108
787076358,firecrawl/firecrawl,2026-07,181,21,TypeScript,181611,9833,638,2024-04-15T21:02:29Z,2026-09-17T18:17:23Z,False,False,success,2108
787076358,firecrawl/firecrawl,2026-08,180,26,TypeScript,181611,9833,638,2024-04-15T21:02:29Z,2026-09-17T18:17:23Z,False,False,success,2108
787076358,firecrawl/firecrawl,2026-09,108,19,TypeScript,181611,9833,638,2024-04-15T21:02:29Z,2026-09-17T18:17:23Z,False,False,success,2108
793375104,Shubhamsaboo/awesome-llm-apps,2025-09,3,1,Python,138652,20373,17,2024-04-29T05:30:25Z,2026-09-16T04:08:39Z,False,False,success,510
793375104,Shubhamsaboo/awesome-llm-apps,2025-10,23,3,Python,138652,20373,17,2024-04-29T05:30:25Z,2026-09-16T04:08:39Z,False,False,success,510
793375104,Shubhamsaboo/awesome-llm-apps,2025-11,52,6,Python,138652,20373,17,2024-04-29T05:30:25Z,2026-09-16T04:08:39Z,False,False,success,510
793375104,Shubhamsaboo/awesome-llm-apps,2025-12,16,2,Python,138652,20373,17,2024-04-29T05:30:25Z,2026-09-16T04:08:39Z,False,False,success,510
793375104,Shubhamsaboo/awesome-llm-apps,2026-01,31,9,Python,138652,20373,17,2024-04-29T05:30:25Z,2026-09-16T04:08:39Z,False,False,success,510
793375104,Shubhamsaboo/awesome-llm-apps,2026-02,68,9,Python,138652,20373,17,2024-04-29T05:30:25Z,2026-09-16T04:08:39Z,False,False,success,510
793375104,Shubhamsaboo/awesome-llm-apps,2026-03,22,5,Python,138652,20373,17,2024-04-29T05:30:25Z,2026-09-16T04:08:39Z,False,False,success,510
793375104,Shubhamsaboo/awesome-llm-apps,2026-04,18,5,Python,138652,20373,17,2024-04-29T05:30:25Z,2026-09-16T04:08:39Z,False,False,success,510
793375104,Shubhamsaboo/awesome-llm-apps,2026-05,29,5,Python,138652,20373,17,2024-04-29T05:30:25Z,2026-09-16T04:08:39Z,False,False,success,510
793375104,Shubhamsaboo/awesome-llm-apps,2026-06,23,3,Python,138652,20373,17,2024-04-29T05:30:25Z,2026-09-16T04:08:39Z,False,False,success,510
793375104,Shubhamsaboo/awesome-llm-apps,2026-07,121,12,Python,138652,20373,17,2024-04-29T05:30:25Z,2026-09-16T04:08:39Z,False,False,success,510
793375104,Shubhamsaboo/awesome-llm-apps,2026-08,56,14,Python,138652,20373,17,2024-04-29T05:30:25Z,2026-09-16T04:08:39Z,False,False,success,510
793375104,Shubhamsaboo/awesome-llm-apps,2026-09,48,7,Python,138652,20373,17,2024-04-29T05:30:25Z,2026-09-16T04:08:39Z,False,False,success,510
822604462,666ghj/BettaFish,2025-09,1,1,Python,42245,7615,6,2024-07-01T13:11:38Z,2026-09-16T03:33:01Z,False,False,success,605
822604462,666ghj/BettaFish,2025-10,38,3,Python,42245,7615,6,2024-07-01T13:11:38Z,2026-09-16T03:33:01Z,False,False,success,605
822604462,666ghj/BettaFish,2025-11,323,17,Python,42245,7615,6,2024-07-01T13:11:38Z,2026-09-16T03:33:01Z,False,False,success,605
822604462,666ghj/BettaFish,2025-12,162,4,Python,42245,7615,6,2024-07-01T13:11:38Z,2026-09-16T03:33:01Z,False,False,success,605
822604462,666ghj/BettaFish,2026-01,10,6,Python,42245,7615,6,2024-07-01T13:11:38Z,2026-09-16T03:33:01Z,False,False,success,605
822604462,666ghj/BettaFish,2026-02,4,2,Python,42245,7615,6,2024-07-01T13:11:38Z,2026-09-16T03:33:01Z,False,False,success,605
822604462,666ghj/BettaFish,2026-03,27,5,Python,42245,7615,6,2024-07-01T13:11:38Z,2026-09-16T03:33:01Z,False,False,success,605
822604462,666ghj/BettaFish,2026-04,2,0,Python,42245,7615,6,2024-07-01T13:11:38Z,2026-09-16T03:33:01Z,False,False,success,605
822604462,666ghj/BettaFish,2026-05,5,3,Python,42245,7615,6,2024-07-01T13:11:38Z,2026-09-16T03:33:01Z,False,False,success,605
822604462,666ghj/BettaFish,2026-07,22,4,Python,42245,7615,6,2024-07-01T13:11:38Z,2026-09-16T03:33:01Z,False,False,success,605
822604462,666ghj/BettaFish,2026-08,7,2,Python,42245,7615,6,2024-07-01T13:11:38Z,2026-09-16T03:33:01Z,False,False,success,605
822604462,666ghj/BettaFish,2026-09,4,2,Python,42245,7615,6,2024-07-01T13:11:38Z,2026-09-16T03:33:01Z,False,False,success,605
823430322,QwenAudio/CosyVoice,2025-09,6,1,Python,23661,2689,698,2024-07-03T02:59:22Z,2026-05-25T18:15:40Z,False,False,success,110
823430322,QwenAudio/CosyVoice,2025-10,14,3,Python,23661,2689,698,2024-07-03T02:59:22Z,2026-05-25T18:15:40Z,False,False,success,110
823430322,QwenAudio/CosyVoice,2025-11,1,1,Python,23661,2689,698,2024-07-03T02:59:22Z,2026-05-25T18:15:40Z,False,False,success,110
823430322,QwenAudio/CosyVoice,2025-12,66,6,Python,23661,2689,698,2024-07-03T02:59:22Z,2026-05-25T18:15:40Z,False,False,success,110
823430322,QwenAudio/CosyVoice,2026-01,11,2,Python,23661,2689,698,2024-07-03T02:59:22Z,2026-05-25T18:15:40Z,False,False,success,110
823430322,QwenAudio/CosyVoice,2026-02,5,1,Python,23661,2689,698,2024-07-03T02:59:22Z,2026-05-25T18:15:40Z,False,False,success,110
823430322,QwenAudio/CosyVoice,2026-03,6,2,Python,23661,2689,698,2024-07-03T02:59:22Z,2026-05-25T18:15:40Z,False,False,success,110
823430322,QwenAudio/CosyVoice,2026-05,1,1,Python,23661,2689,698,2024-07-03T02:59:22Z,2026-05-25T18:15:40Z,False,False,success,110
839909855,ViggoZ/producthunt-daily-hot,2025-09,12,1,Python,1000,137,2,2024-08-08T15:12:26Z,2026-09-17T12:25:45Z,False,False,success,363
839909855,ViggoZ/producthunt-daily-hot,2025-10,31,1,Python,1000,137,2,2024-08-08T15:12:26Z,2026-09-17T12:25:45Z,False,False,success,363
839909855,ViggoZ/producthunt-daily-hot,2025-11,30,1,Python,1000,137,2,2024-08-08T15:12:26Z,2026-09-17T12:25:45Z,False,False,success,363
839909855,ViggoZ/producthunt-daily-hot,2025-12,31,1,Python,1000,137,2,2024-08-08T15:12:26Z,2026-09-17T12:25:45Z,False,False,success,363
839909855,ViggoZ/producthunt-daily-hot,2026-01,31,1,Python,1000,137,2,2024-08-08T15:12:26Z,2026-09-17T12:25:45Z,False,False,success,363
839909855,ViggoZ/producthunt-daily-hot,2026-02,28,1,Python,1000,137,2,2024-08-08T15:12:26Z,2026-09-17T12:25:45Z,False,False,success,363
839909855,ViggoZ/producthunt-daily-hot,2026-03,31,1,Python,1000,137,2,2024-08-08T15:12:26Z,2026-09-17T12:25:45Z,False,False,success,363
839909855,ViggoZ/producthunt-daily-hot,2026-04,29,1,Python,1000,137,2,2024-08-08T15:12:26Z,2026-09-17T12:25:45Z,False,False,success,363
839909855,ViggoZ/producthunt-daily-hot,2026-05,30,1,Python,1000,137,2,2024-08-08T15:12:26Z,2026-09-17T12:25:45Z,False,False,success,363
839909855,ViggoZ/producthunt-daily-hot,2026-06,30,1,Python,1000,137,2,2024-08-08T15:12:26Z,2026-09-17T12:25:45Z,False,False,success,363
839909855,ViggoZ/producthunt-daily-hot,2026-07,31,1,Python,1000,137,2,2024-08-08T15:12:26Z,2026-09-17T12:25:45Z,False,False,success,363
839909855,ViggoZ/producthunt-daily-hot,2026-08,31,1,Python,1000,137,2,2024-08-08T15:12:26Z,2026-09-17T12:25:45Z,False,False,success,363
839909855,ViggoZ/producthunt-daily-hot,2026-09,18,1,Python,1000,137,2,2024-08-08T15:12:26Z,2026-09-17T12:25:45Z,False,False,success,363
896924279,moeru-ai/airi,2025-09,31,13,TypeScript,49216,4886,224,2024-12-01T16:33:36Z,2026-09-17T18:13:56Z,False,False,success,2884
896924279,moeru-ai/airi,2025-10,207,16,TypeScript,49216,4886,224,2024-12-01T16:33:36Z,2026-09-17T18:13:56Z,False,False,success,2884
896924279,moeru-ai/airi,2025-11,173,20,TypeScript,49216,4886,224,2024-12-01T16:33:36Z,2026-09-17T18:13:56Z,False,False,success,2884
896924279,moeru-ai/airi,2025-12,232,14,TypeScript,49216,4886,224,2024-12-01T16:33:36Z,2026-09-17T18:13:56Z,False,False,success,2884
896924279,moeru-ai/airi,2026-01,286,23,TypeScript,49216,4886,224,2024-12-01T16:33:36Z,2026-09-17T18:13:56Z,False,False,success,2884
896924279,moeru-ai/airi,2026-02,300,17,TypeScript,49216,4886,224,2024-12-01T16:33:36Z,2026-09-17T18:13:56Z,False,False,success,2884
896924279,moeru-ai/airi,2026-03,573,61,TypeScript,49216,4886,224,2024-12-01T16:33:36Z,2026-09-17T18:13:56Z,False,False,success,2884
896924279,moeru-ai/airi,2026-04,328,32,TypeScript,49216,4886,224,2024-12-01T16:33:36Z,2026-09-17T18:13:56Z,False,False,success,2884
896924279,moeru-ai/airi,2026-05,191,34,TypeScript,49216,4886,224,2024-12-01T16:33:36Z,2026-09-17T18:13:56Z,False,False,success,2884
896924279,moeru-ai/airi,2026-06,124,22,TypeScript,49216,4886,224,2024-12-01T16:33:36Z,2026-09-17T18:13:56Z,False,False,success,2884
896924279,moeru-ai/airi,2026-07,116,29,TypeScript,49216,4886,224,2024-12-01T16:33:36Z,2026-09-17T18:13:56Z,False,False,success,2884
896924279,moeru-ai/airi,2026-08,223,27,TypeScript,49216,4886,224,2024-12-01T16:33:36Z,2026-09-17T18:13:56Z,False,False,success,2884
896924279,moeru-ai/airi,2026-09,100,26,TypeScript,49216,4886,224,2024-12-01T16:33:36Z,2026-09-17T18:13:56Z,False,False,success,2884
908040880,Exorust/TorchLeet,2025-12,1,1,Jupyter Notebook,2491,307,2,2024-12-25T00:38:20Z,2026-09-15T17:26:55Z,False,False,success,61
908040880,Exorust/TorchLeet,2026-01,5,2,Jupyter Notebook,2491,307,2,2024-12-25T00:38:20Z,2026-09-15T17:26:55Z,False,False,success,61
908040880,Exorust/TorchLeet,2026-06,36,2,Jupyter Notebook,2491,307,2,2024-12-25T00:38:20Z,2026-09-15T17:26:55Z,False,False,success,61
908040880,Exorust/TorchLeet,2026-08,13,2,Jupyter Notebook,2491,307,2,2024-12-25T00:38:20Z,2026-09-15T17:26:55Z,False,False,success,61
908040880,Exorust/TorchLeet,2026-09,6,2,Jupyter Notebook,2491,307,2,2024-12-25T00:38:20Z,2026-09-15T17:26:55Z,False,False,success,61
942867788,elder-plinius/CL4R1T4S,2025-09,4,1,,49974,10269,127,2025-03-04T20:03:16Z,2026-09-10T02:00:11Z,False,False,success,37
942867788,elder-plinius/CL4R1T4S,2025-10,4,1,,49974,10269,127,2025-03-04T20:03:16Z,2026-09-10T02:00:11Z,False,False,success,37
942867788,elder-plinius/CL4R1T4S,2025-11,3,1,,49974,10269,127,2025-03-04T20:03:16Z,2026-09-10T02:00:11Z,False,False,success,37
942867788,elder-plinius/CL4R1T4S,2026-02,4,1,,49974,10269,127,2025-03-04T20:03:16Z,2026-09-10T02:00:11Z,False,False,success,37
942867788,elder-plinius/CL4R1T4S,2026-04,6,1,,49974,10269,127,2025-03-04T20:03:16Z,2026-09-10T02:00:11Z,False,False,success,37
942867788,elder-plinius/CL4R1T4S,2026-06,4,1,,49974,10269,127,2025-03-04T20:03:16Z,2026-09-10T02:00:11Z,False,False,success,37
942867788,elder-plinius/CL4R1T4S,2026-07,4,1,,49974,10269,127,2025-03-04T20:03:16Z,2026-09-10T02:00:11Z,False,False,success,37
942867788,elder-plinius/CL4R1T4S,2026-08,3,1,,49974,10269,127,2025-03-04T20:03:16Z,2026-09-10T02:00:11Z,False,False,success,37
942867788,elder-plinius/CL4R1T4S,2026-09,5,1,,49974,10269,127,2025-03-04T20:03:16Z,2026-09-10T02:00:11Z,False,False,success,37
943398999,x1xhlol/system-prompts-and-models-of-ai-tools,2025-09,9,1,,143692,34821,162,2025-03-05T16:38:29Z,2026-08-11T13:01:09Z,False,False,success,166
943398999,x1xhlol/system-prompts-and-models-of-ai-tools,2025-10,24,1,,143692,34821,162,2025-03-05T16:38:29Z,2026-08-11T13:01:09Z,False,False,success,166
943398999,x1xhlol/system-prompts-and-models-of-ai-tools,2025-11,31,2,,143692,34821,162,2025-03-05T16:38:29Z,2026-08-11T13:01:09Z,False,False,success,166
943398999,x1xhlol/system-prompts-and-models-of-ai-tools,2025-12,14,3,,143692,34821,162,2025-03-05T16:38:29Z,2026-08-11T13:01:09Z,False,False,success,166
943398999,x1xhlol/system-prompts-and-models-of-ai-tools,2026-01,41,2,,143692,34821,162,2025-03-05T16:38:29Z,2026-08-11T13:01:09Z,False,False,success,166
943398999,x1xhlol/system-prompts-and-models-of-ai-tools,2026-02,5,2,,143692,34821,162,2025-03-05T16:38:29Z,2026-08-11T13:01:09Z,False,False,success,166
943398999,x1xhlol/system-prompts-and-models-of-ai-tools,2026-03,12,2,,143692,34821,162,2025-03-05T16:38:29Z,2026-08-11T13:01:09Z,False,False,success,166
943398999,x1xhlol/system-prompts-and-models-of-ai-tools,2026-04,3,2,,143692,34821,162,2025-03-05T16:38:29Z,2026-08-11T13:01:09Z,False,False,success,166
943398999,x1xhlol/system-prompts-and-models-of-ai-tools,2026-05,6,2,,143692,34821,162,2025-03-05T16:38:29Z,2026-08-11T13:01:09Z,False,False,success,166
943398999,x1xhlol/system-prompts-and-models-of-ai-tools,2026-06,4,3,,143692,34821,162,2025-03-05T16:38:29Z,2026-08-11T13:01:09Z,False,False,success,166
943398999,x1xhlol/system-prompts-and-models-of-ai-tools,2026-07,12,3,,143692,34821,162,2025-03-05T16:38:29Z,2026-08-11T13:01:09Z,False,False,success,166
943398999,x1xhlol/system-prompts-and-models-of-ai-tools,2026-08,5,1,,143692,34821,162,2025-03-05T16:38:29Z,2026-08-11T13:01:09Z,False,False,success,166
952238700,awslabs/mcp,2025-09,42,19,Python,9703,1763,248,2025-03-21T00:39:00Z,2026-09-17T17:51:15Z,False,False,success,1092
952238700,awslabs/mcp,2025-10,108,47,Python,9703,1763,248,2025-03-21T00:39:00Z,2026-09-17T17:51:15Z,False,False,success,1092
952238700,awslabs/mcp,2025-11,135,46,Python,9703,1763,248,2025-03-21T00:39:00Z,2026-09-17T17:51:15Z,False,False,success,1092
952238700,awslabs/mcp,2025-12,98,30,Python,9703,1763,248,2025-03-21T00:39:00Z,2026-09-17T17:51:15Z,False,False,success,1092
952238700,awslabs/mcp,2026-01,98,27,Python,9703,1763,248,2025-03-21T00:39:00Z,2026-09-17T17:51:15Z,False,False,success,1092
952238700,awslabs/mcp,2026-02,81,33,Python,9703,1763,248,2025-03-21T00:39:00Z,2026-09-17T17:51:15Z,False,False,success,1092
952238700,awslabs/mcp,2026-03,106,34,Python,9703,1763,248,2025-03-21T00:39:00Z,2026-09-17T17:51:15Z,False,False,success,1092
952238700,awslabs/mcp,2026-04,77,34,Python,9703,1763,248,2025-03-21T00:39:00Z,2026-09-17T17:51:15Z,False,False,success,1092
952238700,awslabs/mcp,2026-05,68,30,Python,9703,1763,248,2025-03-21T00:39:00Z,2026-09-17T17:51:15Z,False,False,success,1092
952238700,awslabs/mcp,2026-06,64,28,Python,9703,1763,248,2025-03-21T00:39:00Z,2026-09-17T17:51:15Z,False,False,success,1092
952238700,awslabs/mcp,2026-07,75,46,Python,9703,1763,248,2025-03-21T00:39:00Z,2026-09-17T17:51:15Z,False,False,success,1092
952238700,awslabs/mcp,2026-08,109,37,Python,9703,1763,248,2025-03-21T00:39:00Z,2026-09-17T17:51:15Z,False,False,success,1092
952238700,awslabs/mcp,2026-09,31,24,Python,9703,1763,248,2025-03-21T00:39:00Z,2026-09-17T17:51:15Z,False,False,success,1092
972519099,going-doer/Paper2Code,2025-12,3,1,Python,4958,685,16,2025-04-25T07:58:12Z,2026-03-25T01:00:05Z,False,False,success,5
972519099,going-doer/Paper2Code,2026-03,2,1,Python,4958,685,16,2025-04-25T07:58:12Z,2026-03-25T01:00:05Z,False,False,success,5
975734319,anomalyco/opencode,2025-09,178,20,TypeScript,208133,27347,5865,2025-04-30T20:08:00Z,2026-09-17T17:18:16Z,False,False,success,13024
975734319,anomalyco/opencode,2025-10,708,66,TypeScript,208133,27347,5865,2025-04-30T20:08:00Z,2026-09-17T17:18:16Z,False,False,success,13024
975734319,anomalyco/opencode,2025-11,1050,117,TypeScript,208133,27347,5865,2025-04-30T20:08:00Z,2026-09-17T17:18:16Z,False,False,success,13024
975734319,anomalyco/opencode,2025-12,1873,183,TypeScript,208133,27347,5865,2025-04-30T20:08:00Z,2026-09-17T17:18:16Z,False,False,success,13024
975734319,anomalyco/opencode,2026-01,2080,244,TypeScript,208133,27347,5865,2025-04-30T20:08:00Z,2026-09-17T17:18:16Z,False,False,success,13024
975734319,anomalyco/opencode,2026-02,1172,159,TypeScript,208133,27347,5865,2025-04-30T20:08:00Z,2026-09-17T17:18:16Z,False,False,success,13024
975734319,anomalyco/opencode,2026-03,962,89,TypeScript,208133,27347,5865,2025-04-30T20:08:00Z,2026-09-17T17:18:16Z,False,False,success,13024
975734319,anomalyco/opencode,2026-04,1306,78,TypeScript,208133,27347,5865,2025-04-30T20:08:00Z,2026-09-17T17:18:16Z,False,False,success,13024
975734319,anomalyco/opencode,2026-05,1572,74,TypeScript,208133,27347,5865,2025-04-30T20:08:00Z,2026-09-17T17:18:16Z,False,False,success,13024
975734319,anomalyco/opencode,2026-06,1049,65,TypeScript,208133,27347,5865,2025-04-30T20:08:00Z,2026-09-17T17:18:16Z,False,False,success,13024
975734319,anomalyco/opencode,2026-07,594,34,TypeScript,208133,27347,5865,2025-04-30T20:08:00Z,2026-09-17T17:18:16Z,False,False,success,13024
975734319,anomalyco/opencode,2026-08,346,37,TypeScript,208133,27347,5865,2025-04-30T20:08:00Z,2026-09-17T17:18:16Z,False,False,success,13024
975734319,anomalyco/opencode,2026-09,134,25,TypeScript,208133,27347,5865,2025-04-30T20:08:00Z,2026-09-17T17:18:16Z,False,False,success,13024
976568879,zama-ai/fhevm,2025-09,52,12,Rust,24816,1779,125,2025-05-02T10:48:20Z,2026-09-17T17:35:41Z,False,False,success,1098
976568879,zama-ai/fhevm,2025-10,186,19,Rust,24816,1779,125,2025-05-02T10:48:20Z,2026-09-17T17:35:41Z,False,False,success,1098
976568879,zama-ai/fhevm,2025-11,101,21,Rust,24816,1779,125,2025-05-02T10:48:20Z,2026-09-17T17:35:41Z,False,False,success,1098
976568879,zama-ai/fhevm,2025-12,97,14,Rust,24816,1779,125,2025-05-02T10:48:20Z,2026-09-17T17:35:41Z,False,False,success,1098
976568879,zama-ai/fhevm,2026-01,72,11,Rust,24816,1779,125,2025-05-02T10:48:20Z,2026-09-17T17:35:41Z,False,False,success,1098
976568879,zama-ai/fhevm,2026-02,57,13,Rust,24816,1779,125,2025-05-02T10:48:20Z,2026-09-17T17:35:41Z,False,False,success,1098
976568879,zama-ai/fhevm,2026-03,65,13,Rust,24816,1779,125,2025-05-02T10:48:20Z,2026-09-17T17:35:41Z,False,False,success,1098
976568879,zama-ai/fhevm,2026-04,52,18,Rust,24816,1779,125,2025-05-02T10:48:20Z,2026-09-17T17:35:41Z,False,False,success,1098
976568879,zama-ai/fhevm,2026-05,74,18,Rust,24816,1779,125,2025-05-02T10:48:20Z,2026-09-17T17:35:41Z,False,False,success,1098
976568879,zama-ai/fhevm,2026-06,64,22,Rust,24816,1779,125,2025-05-02T10:48:20Z,2026-09-17T17:35:41Z,False,False,success,1098
976568879,zama-ai/fhevm,2026-07,115,22,Rust,24816,1779,125,2025-05-02T10:48:20Z,2026-09-17T17:35:41Z,False,False,success,1098
976568879,zama-ai/fhevm,2026-08,60,17,Rust,24816,1779,125,2025-05-02T10:48:20Z,2026-09-17T17:35:41Z,False,False,success,1098
976568879,zama-ai/fhevm,2026-09,103,19,Rust,24816,1779,125,2025-05-02T10:48:20Z,2026-09-17T17:35:41Z,False,False,success,1098
979115477,bytedance/deer-flow,2025-09,6,5,Python,82585,11394,883,2025-05-07T02:50:19Z,2026-09-17T14:40:26Z,False,False,success,2910
979115477,bytedance/deer-flow,2025-10,49,4,Python,82585,11394,883,2025-05-07T02:50:19Z,2026-09-17T14:40:26Z,False,False,success,2910
979115477,bytedance/deer-flow,2025-11,21,8,Python,82585,11394,883,2025-05-07T02:50:19Z,2026-09-17T14:40:26Z,False,False,success,2910
979115477,bytedance/deer-flow,2025-12,31,10,Python,82585,11394,883,2025-05-07T02:50:19Z,2026-09-17T14:40:26Z,False,False,success,2910
979115477,bytedance/deer-flow,2026-01,568,12,Python,82585,11394,883,2025-05-07T02:50:19Z,2026-09-17T14:40:26Z,False,False,success,2910
979115477,bytedance/deer-flow,2026-02,406,16,Python,82585,11394,883,2025-05-07T02:50:19Z,2026-09-17T14:40:26Z,False,False,success,2910
979115477,bytedance/deer-flow,2026-03,226,89,Python,82585,11394,883,2025-05-07T02:50:19Z,2026-09-17T14:40:26Z,False,False,success,2910
979115477,bytedance/deer-flow,2026-04,264,88,Python,82585,11394,883,2025-05-07T02:50:19Z,2026-09-17T14:40:26Z,False,False,success,2910
979115477,bytedance/deer-flow,2026-05,168,41,Python,82585,11394,883,2025-05-07T02:50:19Z,2026-09-17T14:40:26Z,False,False,success,2910
979115477,bytedance/deer-flow,2026-06,219,47,Python,82585,11394,883,2025-05-07T02:50:19Z,2026-09-17T14:40:26Z,False,False,success,2910
979115477,bytedance/deer-flow,2026-07,478,80,Python,82585,11394,883,2025-05-07T02:50:19Z,2026-09-17T14:40:26Z,False,False,success,2910
979115477,bytedance/deer-flow,2026-08,198,74,Python,82585,11394,883,2025-05-07T02:50:19Z,2026-09-17T14:40:26Z,False,False,success,2910
979115477,bytedance/deer-flow,2026-09,276,89,Python,82585,11394,883,2025-05-07T02:50:19Z,2026-09-17T14:40:26Z,False,False,success,2910
1006496207,SuperClaude-Org/SuperClaude_Framework,2025-09,15,3,Python,23897,1999,72,2025-06-22T12:03:53Z,2026-09-15T03:10:21Z,False,False,success,96
1006496207,SuperClaude-Org/SuperClaude_Framework,2025-10,31,7,Python,23897,1999,72,2025-06-22T12:03:53Z,2026-09-15T03:10:21Z,False,False,success,96
1006496207,SuperClaude-Org/SuperClaude_Framework,2025-11,31,4,Python,23897,1999,72,2025-06-22T12:03:53Z,2026-09-15T03:10:21Z,False,False,success,96
1006496207,SuperClaude-Org/SuperClaude_Framework,2025-12,4,1,Python,23897,1999,72,2025-06-22T12:03:53Z,2026-09-15T03:10:21Z,False,False,success,96
1006496207,SuperClaude-Org/SuperClaude_Framework,2026-01,6,3,Python,23897,1999,72,2025-06-22T12:03:53Z,2026-09-15T03:10:21Z,False,False,success,96
1006496207,SuperClaude-Org/SuperClaude_Framework,2026-02,2,2,Python,23897,1999,72,2025-06-22T12:03:53Z,2026-09-15T03:10:21Z,False,False,success,96
1006496207,SuperClaude-Org/SuperClaude_Framework,2026-03,3,2,Python,23897,1999,72,2025-06-22T12:03:53Z,2026-09-15T03:10:21Z,False,False,success,96
1006496207,SuperClaude-Org/SuperClaude_Framework,2026-04,1,1,Python,23897,1999,72,2025-06-22T12:03:53Z,2026-09-15T03:10:21Z,False,False,success,96
1006496207,SuperClaude-Org/SuperClaude_Framework,2026-07,1,1,Python,23897,1999,72,2025-06-22T12:03:53Z,2026-09-15T03:10:21Z,False,False,success,96
1006496207,SuperClaude-Org/SuperClaude_Framework,2026-08,1,1,Python,23897,1999,72,2025-06-22T12:03:53Z,2026-09-15T03:10:21Z,False,False,success,96
1006496207,SuperClaude-Org/SuperClaude_Framework,2026-09,1,1,Python,23897,1999,72,2025-06-22T12:03:53Z,2026-09-15T03:10:21Z,False,False,success,96
1010681419,shareAI-lab/learn-claude-code,2026-02,7,2,Python,77046,12392,52,2025-06-29T15:34:15Z,2026-08-26T16:38:22Z,False,False,success,233
1010681419,shareAI-lab/learn-claude-code,2026-03,56,15,Python,77046,12392,52,2025-06-29T15:34:15Z,2026-08-26T16:38:22Z,False,False,success,233
1010681419,shareAI-lab/learn-claude-code,2026-04,11,8,Python,77046,12392,52,2025-06-29T15:34:15Z,2026-08-26T16:38:22Z,False,False,success,233
1010681419,shareAI-lab/learn-claude-code,2026-05,37,7,Python,77046,12392,52,2025-06-29T15:34:15Z,2026-08-26T16:38:22Z,False,False,success,233
1010681419,shareAI-lab/learn-claude-code,2026-06,43,9,Python,77046,12392,52,2025-06-29T15:34:15Z,2026-08-26T16:38:22Z,False,False,success,233
1010681419,shareAI-lab/learn-claude-code,2026-07,30,4,Python,77046,12392,52,2025-06-29T15:34:15Z,2026-08-26T16:38:22Z,False,False,success,233
1010681419,shareAI-lab/learn-claude-code,2026-08,49,7,Python,77046,12392,52,2025-06-29T15:34:15Z,2026-08-26T16:38:22Z,False,False,success,233
1023456048,Kodezi/Chronos,2025-11,2,1,Java,4945,210,1,2025-07-21T07:34:10Z,2025-11-12T09:53:44Z,False,False,success,2
1046423290,PicoTrex/Awesome-Nano-Banana-images,2025-09,14,3,,23724,2398,23,2025-08-28T17:03:09Z,2026-09-03T10:48:55Z,False,False,success,20
1046423290,PicoTrex/Awesome-Nano-Banana-images,2025-11,2,1,,23724,2398,23,2025-08-28T17:03:09Z,2026-09-03T10:48:55Z,False,False,success,20
1046423290,PicoTrex/Awesome-Nano-Banana-images,2025-12,1,1,,23724,2398,23,2025-08-28T17:03:09Z,2026-09-03T10:48:55Z,False,False,success,20
1046423290,PicoTrex/Awesome-Nano-Banana-images,2026-08,1,1,,23724,2398,23,2025-08-28T17:03:09Z,2026-09-03T10:48:55Z,False,False,success,20
1046423290,PicoTrex/Awesome-Nano-Banana-images,2026-09,2,1,,23724,2398,23,2025-08-28T17:03:09Z,2026-09-03T10:48:55Z,False,False,success,20
1079456184,K-Dense-AI/scientific-agent-skills,2025-10,118,3,Python,45358,4113,12,2025-10-19T20:54:15Z,2026-09-14T09:27:38Z,False,False,success,731
1079456184,K-Dense-AI/scientific-agent-skills,2025-11,48,3,Python,45358,4113,12,2025-10-19T20:54:15Z,2026-09-14T09:27:38Z,False,False,success,731
1079456184,K-Dense-AI/scientific-agent-skills,2025-12,22,3,Python,45358,4113,12,2025-10-19T20:54:15Z,2026-09-14T09:27:38Z,False,False,success,731
1079456184,K-Dense-AI/scientific-agent-skills,2026-01,47,9,Python,45358,4113,12,2025-10-19T20:54:15Z,2026-09-14T09:27:38Z,False,False,success,731
1079456184,K-Dense-AI/scientific-agent-skills,2026-02,87,7,Python,45358,4113,12,2025-10-19T20:54:15Z,2026-09-14T09:27:38Z,False,False,success,731
1079456184,K-Dense-AI/scientific-agent-skills,2026-03,61,14,Python,45358,4113,12,2025-10-19T20:54:15Z,2026-09-14T09:27:38Z,False,False,success,731
1079456184,K-Dense-AI/scientific-agent-skills,2026-04,62,12,Python,45358,4113,12,2025-10-19T20:54:15Z,2026-09-14T09:27:38Z,False,False,success,731
1079456184,K-Dense-AI/scientific-agent-skills,2026-05,65,7,Python,45358,4113,12,2025-10-19T20:54:15Z,2026-09-14T09:27:38Z,False,False,success,731
1079456184,K-Dense-AI/scientific-agent-skills,2026-06,34,5,Python,45358,4113,12,2025-10-19T20:54:15Z,2026-09-14T09:27:38Z,False,False,success,731
1079456184,K-Dense-AI/scientific-agent-skills,2026-07,123,6,Python,45358,4113,12,2025-10-19T20:54:15Z,2026-09-14T09:27:38Z,False,False,success,731
1079456184,K-Dense-AI/scientific-agent-skills,2026-08,36,7,Python,45358,4113,12,2025-10-19T20:54:15Z,2026-09-14T09:27:38Z,False,False,success,731
1079456184,K-Dense-AI/scientific-agent-skills,2026-09,28,13,Python,45358,4113,12,2025-10-19T20:54:15Z,2026-09-14T09:27:38Z,False,False,success,731
1092047360,luongnv89/claude-howto,2025-11,10,1,Python,41536,5097,30,2025-11-07T22:59:34Z,2026-09-06T09:04:15Z,False,False,success,247
1092047360,luongnv89/claude-howto,2025-12,29,2,Python,41536,5097,30,2025-11-07T22:59:34Z,2026-09-06T09:04:15Z,False,False,success,247
1092047360,luongnv89/claude-howto,2026-01,52,1,Python,41536,5097,30,2025-11-07T22:59:34Z,2026-09-06T09:04:15Z,False,False,success,247
1092047360,luongnv89/claude-howto,2026-02,8,1,Python,41536,5097,30,2025-11-07T22:59:34Z,2026-09-06T09:04:15Z,False,False,success,247
1092047360,luongnv89/claude-howto,2026-03,28,2,Python,41536,5097,30,2025-11-07T22:59:34Z,2026-09-06T09:04:15Z,False,False,success,247
1092047360,luongnv89/claude-howto,2026-04,67,14,Python,41536,5097,30,2025-11-07T22:59:34Z,2026-09-06T09:04:15Z,False,False,success,247
1092047360,luongnv89/claude-howto,2026-05,23,8,Python,41536,5097,30,2025-11-07T22:59:34Z,2026-09-06T09:04:15Z,False,False,success,247
1092047360,luongnv89/claude-howto,2026-06,9,1,Python,41536,5097,30,2025-11-07T22:59:34Z,2026-09-06T09:04:15Z,False,False,success,247
1092047360,luongnv89/claude-howto,2026-07,12,2,Python,41536,5097,30,2025-11-07T22:59:34Z,2026-09-06T09:04:15Z,False,False,success,247
1092047360,luongnv89/claude-howto,2026-08,7,2,Python,41536,5097,30,2025-11-07T22:59:34Z,2026-09-06T09:04:15Z,False,False,success,247
1092047360,luongnv89/claude-howto,2026-09,2,1,Python,41536,5097,30,2025-11-07T22:59:34Z,2026-09-06T09:04:15Z,False,False,success,247
1103012935,openclaw/openclaw,2025-11,288,2,TypeScript,389979,81976,7614,2025-11-24T10:16:47Z,2026-09-17T18:18:05Z,False,False,success,96186
1103012935,openclaw/openclaw,2025-12,2148,10,TypeScript,389979,81976,7614,2025-11-24T10:16:47Z,2026-09-17T18:18:05Z,False,False,success,96186
1103012935,openclaw/openclaw,2026-01,6071,291,TypeScript,389979,81976,7614,2025-11-24T10:16:47Z,2026-09-17T18:18:05Z,False,False,success,96186
1103012935,openclaw/openclaw,2026-02,6948,518,TypeScript,389979,81976,7614,2025-11-24T10:16:47Z,2026-09-17T18:18:05Z,False,False,success,96186
1103012935,openclaw/openclaw,2026-03,8823,569,TypeScript,389979,81976,7614,2025-11-24T10:16:47Z,2026-09-17T18:18:05Z,False,False,success,96186
1103012935,openclaw/openclaw,2026-04,14570,580,TypeScript,389979,81976,7614,2025-11-24T10:16:47Z,2026-09-17T18:18:05Z,False,False,success,96186
1103012935,openclaw/openclaw,2026-05,16871,492,TypeScript,389979,81976,7614,2025-11-24T10:16:47Z,2026-09-17T18:18:05Z,False,False,success,96186
1103012935,openclaw/openclaw,2026-06,7081,367,TypeScript,389979,81976,7614,2025-11-24T10:16:47Z,2026-09-17T18:18:05Z,False,False,success,96186
1103012935,openclaw/openclaw,2026-07,11845,507,TypeScript,389979,81976,7614,2025-11-24T10:16:47Z,2026-09-17T18:18:05Z,False,False,success,96186
1103012935,openclaw/openclaw,2026-08,11047,354,TypeScript,389979,81976,7614,2025-11-24T10:16:47Z,2026-09-17T18:18:05Z,False,False,success,96186
1103012935,openclaw/openclaw,2026-09,10485,338,TypeScript,389979,81976,7614,2025-11-24T10:16:47Z,2026-09-17T18:18:05Z,False,False,success,96186
1127184239,kyksj-1/StrategyRealizationHelp,2026-01,2,1,Python,499,252,0,2026-01-03T11:06:18Z,2026-01-06T04:22:06Z,False,False,success,2
1136590548,affaan-m/ECC,2026-01,78,15,JavaScript,261117,39069,225,2026-01-18T00:51:51Z,2026-09-17T18:04:07Z,False,False,success,2703
1136590548,affaan-m/ECC,2026-02,381,40,JavaScript,261117,39069,225,2026-01-18T00:51:51Z,2026-09-17T18:04:07Z,False,False,success,2703
1136590548,affaan-m/ECC,2026-03,576,105,JavaScript,261117,39069,225,2026-01-18T00:51:51Z,2026-09-17T18:04:07Z,False,False,success,2703
1136590548,affaan-m/ECC,2026-04,518,16,JavaScript,261117,39069,225,2026-01-18T00:51:51Z,2026-09-17T18:04:07Z,False,False,success,2703
1136590548,affaan-m/ECC,2026-05,444,34,JavaScript,261117,39069,225,2026-01-18T00:51:51Z,2026-09-17T18:04:07Z,False,False,success,2703
1136590548,affaan-m/ECC,2026-06,236,83,JavaScript,261117,39069,225,2026-01-18T00:51:51Z,2026-09-17T18:04:07Z,False,False,success,2703
1136590548,affaan-m/ECC,2026-07,106,31,JavaScript,261117,39069,225,2026-01-18T00:51:51Z,2026-09-17T18:04:07Z,False,False,success,2703
1136590548,affaan-m/ECC,2026-08,276,53,JavaScript,261117,39069,225,2026-01-18T00:51:51Z,2026-09-17T18:04:07Z,False,False,success,2703
1136590548,affaan-m/ECC,2026-09,88,19,JavaScript,261117,39069,225,2026-01-18T00:51:51Z,2026-09-17T18:04:07Z,False,False,success,2703
1139971460,rtk-ai/rtk,2026-01,88,3,Rust,80855,5123,1634,2026-01-22T16:54:16Z,2026-09-15T09:15:47Z,False,False,success,2042
1139971460,rtk-ai/rtk,2026-02,201,23,Rust,80855,5123,1634,2026-01-22T16:54:16Z,2026-09-15T09:15:47Z,False,False,success,2042
1139971460,rtk-ai/rtk,2026-03,318,39,Rust,80855,5123,1634,2026-01-22T16:54:16Z,2026-09-15T09:15:47Z,False,False,success,2042
1139971460,rtk-ai/rtk,2026-04,296,37,Rust,80855,5123,1634,2026-01-22T16:54:16Z,2026-09-15T09:15:47Z,False,False,success,2042
1139971460,rtk-ai/rtk,2026-05,205,32,Rust,80855,5123,1634,2026-01-22T16:54:16Z,2026-09-15T09:15:47Z,False,False,success,2042
1139971460,rtk-ai/rtk,2026-06,166,24,Rust,80855,5123,1634,2026-01-22T16:54:16Z,2026-09-15T09:15:47Z,False,False,success,2042
1139971460,rtk-ai/rtk,2026-07,210,27,Rust,80855,5123,1634,2026-01-22T16:54:16Z,2026-09-15T09:15:47Z,False,False,success,2042
1139971460,rtk-ai/rtk,2026-08,208,17,Rust,80855,5123,1634,2026-01-22T16:54:16Z,2026-09-15T09:15:47Z,False,False,success,2042
1139971460,rtk-ai/rtk,2026-09,350,18,Rust,80855,5123,1634,2026-01-22T16:54:16Z,2026-09-15T09:15:47Z,False,False,success,2042
1142983825,multica-ai/andrej-karpathy-skills,2026-01,20,5,,213636,21621,130,2026-01-27T03:53:13Z,2026-04-20T10:05:04Z,False,False,success,28
1142983825,multica-ai/andrej-karpathy-skills,2026-02,1,1,,213636,21621,130,2026-01-27T03:53:13Z,2026-04-20T10:05:04Z,False,False,success,28
1142983825,multica-ai/andrej-karpathy-skills,2026-04,7,3,,213636,21621,130,2026-01-27T03:53:13Z,2026-04-20T10:05:04Z,False,False,success,28
1148788086,mattpocock/skills,2026-02,10,1,Shell,264291,22291,501,2026-02-03T11:15:53Z,2026-09-17T11:11:14Z,False,False,success,472
1148788086,mattpocock/skills,2026-03,11,1,Shell,264291,22291,501,2026-02-03T11:15:53Z,2026-09-17T11:11:14Z,False,False,success,472
1148788086,mattpocock/skills,2026-04,42,2,Shell,264291,22291,501,2026-02-03T11:15:53Z,2026-09-17T11:11:14Z,False,False,success,472
1148788086,mattpocock/skills,2026-05,27,1,Shell,264291,22291,501,2026-02-03T11:15:53Z,2026-09-17T11:11:14Z,False,False,success,472
1148788086,mattpocock/skills,2026-06,71,2,Shell,264291,22291,501,2026-02-03T11:15:53Z,2026-09-17T11:11:14Z,False,False,success,472
1148788086,mattpocock/skills,2026-07,181,2,Shell,264291,22291,501,2026-02-03T11:15:53Z,2026-09-17T11:11:14Z,False,False,success,472
1148788086,mattpocock/skills,2026-08,115,3,Shell,264291,22291,501,2026-02-03T11:15:53Z,2026-09-17T11:11:14Z,False,False,success,472
1148788086,mattpocock/skills,2026-09,15,2,Shell,264291,22291,501,2026-02-03T11:15:53Z,2026-09-17T11:11:14Z,False,False,success,472
1162099055,Leonxlnx/taste-skill,2026-02,32,1,JavaScript,87931,5981,67,2026-02-19T21:44:05Z,2026-09-16T15:01:43Z,False,False,success,157
1162099055,Leonxlnx/taste-skill,2026-03,21,1,JavaScript,87931,5981,67,2026-02-19T21:44:05Z,2026-09-16T15:01:43Z,False,False,success,157
1162099055,Leonxlnx/taste-skill,2026-04,28,2,JavaScript,87931,5981,67,2026-02-19T21:44:05Z,2026-09-16T15:01:43Z,False,False,success,157
1162099055,Leonxlnx/taste-skill,2026-05,17,2,JavaScript,87931,5981,67,2026-02-19T21:44:05Z,2026-09-16T15:01:43Z,False,False,success,157
1162099055,Leonxlnx/taste-skill,2026-06,33,4,JavaScript,87931,5981,67,2026-02-19T21:44:05Z,2026-09-16T15:01:43Z,False,False,success,157
1162099055,Leonxlnx/taste-skill,2026-07,13,1,JavaScript,87931,5981,67,2026-02-19T21:44:05Z,2026-09-16T15:01:43Z,False,False,success,157
1162099055,Leonxlnx/taste-skill,2026-08,10,1,JavaScript,87931,5981,67,2026-02-19T21:44:05Z,2026-09-16T15:01:43Z,False,False,success,157
1162099055,Leonxlnx/taste-skill,2026-09,3,1,JavaScript,87931,5981,67,2026-02-19T21:44:05Z,2026-09-16T15:01:43Z,False,False,success,157
1165277268,Panniantong/Agent-Reach,2026-02,129,3,Python,82822,7234,144,2026-02-24T02:10:24Z,2026-09-15T16:16:24Z,False,False,success,376
1165277268,Panniantong/Agent-Reach,2026-03,111,15,Python,82822,7234,144,2026-02-24T02:10:24Z,2026-09-15T16:16:24Z,False,False,success,376
1165277268,Panniantong/Agent-Reach,2026-04,9,7,Python,82822,7234,144,2026-02-24T02:10:24Z,2026-09-15T16:16:24Z,False,False,success,376
1165277268,Panniantong/Agent-Reach,2026-06,55,10,Python,82822,7234,144,2026-02-24T02:10:24Z,2026-09-15T16:16:24Z,False,False,success,376
1165277268,Panniantong/Agent-Reach,2026-07,30,1,Python,82822,7234,144,2026-02-24T02:10:24Z,2026-09-15T16:16:24Z,False,False,success,376
1165277268,Panniantong/Agent-Reach,2026-08,40,8,Python,82822,7234,144,2026-02-24T02:10:24Z,2026-09-15T16:16:24Z,False,False,success,376
1165277268,Panniantong/Agent-Reach,2026-09,2,2,Python,82822,7234,144,2026-02-24T02:10:24Z,2026-09-15T16:16:24Z,False,False,success,376
1166102148,DeusData/codebase-memory-mcp,2026-02,40,2,C,43655,3551,595,2026-02-24T22:01:00Z,2026-09-16T20:11:21Z,False,False,success,3038
1166102148,DeusData/codebase-memory-mcp,2026-03,332,11,C,43655,3551,595,2026-02-24T22:01:00Z,2026-09-16T20:11:21Z,False,False,success,3038
1166102148,DeusData/codebase-memory-mcp,2026-04,107,4,C,43655,3551,595,2026-02-24T22:01:00Z,2026-09-16T20:11:21Z,False,False,success,3038
1166102148,DeusData/codebase-memory-mcp,2026-05,217,25,C,43655,3551,595,2026-02-24T22:01:00Z,2026-09-16T20:11:21Z,False,False,success,3038
1166102148,DeusData/codebase-memory-mcp,2026-06,427,34,C,43655,3551,595,2026-02-24T22:01:00Z,2026-09-16T20:11:21Z,False,False,success,3038
1166102148,DeusData/codebase-memory-mcp,2026-07,886,51,C,43655,3551,595,2026-02-24T22:01:00Z,2026-09-16T20:11:21Z,False,False,success,3038
1166102148,DeusData/codebase-memory-mcp,2026-08,682,51,C,43655,3551,595,2026-02-24T22:01:00Z,2026-09-16T20:11:21Z,False,False,success,3038
1166102148,DeusData/codebase-memory-mcp,2026-09,347,22,C,43655,3551,595,2026-02-24T22:01:00Z,2026-09-16T20:11:21Z,False,False,success,3038
1167300963,Imbad0202/academic-research-skills,2026-02,10,1,Python,48513,3771,35,2026-02-26T06:31:01Z,2026-09-16T03:18:59Z,False,False,success,779
1167300963,Imbad0202/academic-research-skills,2026-03,52,1,Python,48513,3771,35,2026-02-26T06:31:01Z,2026-09-16T03:18:59Z,False,False,success,779
1167300963,Imbad0202/academic-research-skills,2026-04,279,1,Python,48513,3771,35,2026-02-26T06:31:01Z,2026-09-16T03:18:59Z,False,False,success,779
1167300963,Imbad0202/academic-research-skills,2026-05,120,9,Python,48513,3771,35,2026-02-26T06:31:01Z,2026-09-16T03:18:59Z,False,False,success,779
1167300963,Imbad0202/academic-research-skills,2026-06,100,5,Python,48513,3771,35,2026-02-26T06:31:01Z,2026-09-16T03:18:59Z,False,False,success,779
1167300963,Imbad0202/academic-research-skills,2026-07,75,2,Python,48513,3771,35,2026-02-26T06:31:01Z,2026-09-16T03:18:59Z,False,False,success,779
1167300963,Imbad0202/academic-research-skills,2026-08,114,6,Python,48513,3771,35,2026-02-26T06:31:01Z,2026-09-16T03:18:59Z,False,False,success,779
1167300963,Imbad0202/academic-research-skills,2026-09,29,3,Python,48513,3771,35,2026-02-26T06:31:01Z,2026-09-16T03:18:59Z,False,False,success,779
1171376163,nitrocloudofficial/nitrostack,2026-03,5,2,TypeScript,2492,1431,223,2026-03-03T06:51:16Z,2026-09-07T12:09:59Z,False,False,success,293
1171376163,nitrocloudofficial/nitrostack,2026-04,12,3,TypeScript,2492,1431,223,2026-03-03T06:51:16Z,2026-09-07T12:09:59Z,False,False,success,293
1171376163,nitrocloudofficial/nitrostack,2026-06,7,3,TypeScript,2492,1431,223,2026-03-03T06:51:16Z,2026-09-07T12:09:59Z,False,False,success,293
1171376163,nitrocloudofficial/nitrostack,2026-07,211,66,TypeScript,2492,1431,223,2026-03-03T06:51:16Z,2026-09-07T12:09:59Z,False,False,success,293
1171376163,nitrocloudofficial/nitrostack,2026-08,14,3,TypeScript,2492,1431,223,2026-03-03T06:51:16Z,2026-09-07T12:09:59Z,False,False,success,293
1171376163,nitrocloudofficial/nitrostack,2026-09,44,3,TypeScript,2492,1431,223,2026-03-03T06:51:16Z,2026-09-07T12:09:59Z,False,False,success,293
1193239504,Stanshy/AgentHub,2026-03,49,1,TypeScript,200,23,1,2026-03-27T02:35:14Z,2026-04-09T02:06:43Z,False,False,success,62
1193239504,Stanshy/AgentHub,2026-04,13,1,TypeScript,200,23,1,2026-03-27T02:35:14Z,2026-04-09T02:06:43Z,False,False,success,62
1200597263,Graphify-Labs/graphify,2026-04,240,11,Python,118951,11503,1384,2026-04-03T15:49:07Z,2026-09-16T19:41:40Z,False,False,success,1810
1200597263,Graphify-Labs/graphify,2026-05,362,52,Python,118951,11503,1384,2026-04-03T15:49:07Z,2026-09-16T19:41:40Z,False,False,success,1810
1200597263,Graphify-Labs/graphify,2026-06,310,49,Python,118951,11503,1384,2026-04-03T15:49:07Z,2026-09-16T19:41:40Z,False,False,success,1810
1200597263,Graphify-Labs/graphify,2026-07,416,80,Python,118951,11503,1384,2026-04-03T15:49:07Z,2026-09-16T19:41:40Z,False,False,success,1810
1200597263,Graphify-Labs/graphify,2026-08,301,60,Python,118951,11503,1384,2026-04-03T15:49:07Z,2026-09-16T19:41:40Z,False,False,success,1810
1200597263,Graphify-Labs/graphify,2026-09,181,33,Python,118951,11503,1384,2026-04-03T15:49:07Z,2026-09-16T19:41:40Z,False,False,success,1810
1211925923,cloudflare/cloudflare-os,2025-11,49,1,TypeScript,9958,1208,122,2026-04-15T22:22:53Z,2026-09-17T18:08:21Z,False,False,success,750
1211925923,cloudflare/cloudflare-os,2025-12,16,1,TypeScript,9958,1208,122,2026-04-15T22:22:53Z,2026-09-17T18:08:21Z,False,False,success,750
1211925923,cloudflare/cloudflare-os,2026-01,15,1,TypeScript,9958,1208,122,2026-04-15T22:22:53Z,2026-09-17T18:08:21Z,False,False,success,750
1211925923,cloudflare/cloudflare-os,2026-02,65,2,TypeScript,9958,1208,122,2026-04-15T22:22:53Z,2026-09-17T18:08:21Z,False,False,success,750
1211925923,cloudflare/cloudflare-os,2026-03,44,3,TypeScript,9958,1208,122,2026-04-15T22:22:53Z,2026-09-17T18:08:21Z,False,False,success,750
1211925923,cloudflare/cloudflare-os,2026-04,42,4,TypeScript,9958,1208,122,2026-04-15T22:22:53Z,2026-09-17T18:08:21Z,False,False,success,750
1211925923,cloudflare/cloudflare-os,2026-05,48,3,TypeScript,9958,1208,122,2026-04-15T22:22:53Z,2026-09-17T18:08:21Z,False,False,success,750
1211925923,cloudflare/cloudflare-os,2026-06,101,9,TypeScript,9958,1208,122,2026-04-15T22:22:53Z,2026-09-17T18:08:21Z,False,False,success,750
1211925923,cloudflare/cloudflare-os,2026-07,112,9,TypeScript,9958,1208,122,2026-04-15T22:22:53Z,2026-09-17T18:08:21Z,False,False,success,750
1211925923,cloudflare/cloudflare-os,2026-08,191,16,TypeScript,9958,1208,122,2026-04-15T22:22:53Z,2026-09-17T18:08:21Z,False,False,success,750
1211925923,cloudflare/cloudflare-os,2026-09,67,11,TypeScript,9958,1208,122,2026-04-15T22:22:53Z,2026-09-17T18:08:21Z,False,False,success,750
1266797999,DietrichGebert/ponytail,2026-06,155,41,JavaScript,141227,7570,274,2026-06-12T00:52:37Z,2026-09-14T14:34:56Z,False,False,success,224
1266797999,DietrichGebert/ponytail,2026-07,51,27,JavaScript,141227,7570,274,2026-06-12T00:52:37Z,2026-09-14T14:34:56Z,False,False,success,224
1266797999,DietrichGebert/ponytail,2026-08,4,4,JavaScript,141227,7570,274,2026-06-12T00:52:37Z,2026-09-14T14:34:56Z,False,False,success,224
1266797999,DietrichGebert/ponytail,2026-09,14,1,JavaScript,141227,7570,274,2026-06-12T00:52:37Z,2026-09-14T14:34:56Z,False,False,success,224
1338671045,DenisSergeevitch/desktop-fly,2026-08,13,4,Swift,996,77,7,2026-08-18T17:29:17Z,2026-09-05T19:50:05Z,False,False,success,14
1338671045,DenisSergeevitch/desktop-fly,2026-09,1,1,Swift,996,77,7,2026-08-18T17:29:17Z,2026-09-05T19:50:05Z,False,False,success,14
