repo_id,repo_name,owner,full_name,description,html_url,language,topics,license,created_at,updated_at,pushed_at,stars,forks,watchers,open_issues,size_kb,default_branch,is_fork,archived,repository_age_days,repository_age_years,days_since_update,days_since_push,contributors_count,total_contributions,top_contributor_contributions,top_contributor_share,commits_365d,active_months,peak_monthly_commits,mean_monthly_commits,monthly_commit_std,activity_consistency,status,collected_commits,fork_star_ratio,issues_per_star,commits_per_active_month,language_normalized,log1p_stars,log1p_forks,log1p_open_issues,log1p_size_kb,log1p_commits_365d,log1p_contributors_count,log1p_total_contributions,log1p_peak_monthly_commits
192904,pymc,pymc-devs,pymc-devs/pymc,Bayesian Modeling and Probabilistic Programming in Python,https://github.com/pymc-devs/pymc,Python,bayesian-inference|mcmc|probabilistic-programming|pytensor|python|statistical-analysis|variational-inference,NOASSERTION,2009-05-05 09:43:50+00:00,2026-09-17 02:27:02+00:00,2026-09-14 17:31:40+00:00,9754,2301,9754,503,546029,main,False,False,6345,17.371663244353183,1,3,328.0,7558.0,1028.0,0.1360148187351151,280.0,13.0,48.0,21.53846153846154,13.220031420886668,1.0,success,280,0.2359032191921263,0.0515685872462579,21.53846153846154,python,9.185535253057212,7.741533589281828,6.222576268071369,13.210429198272562,5.638354669333745,5.796057750765372,8.930494185292178,3.8918202981106265
374228,RestSharp,restsharp,restsharp/RestSharp,Simple REST and HTTP API Client for .NET,https://github.com/restsharp/RestSharp,C#,No topics specified,Apache-2.0,2009-11-16 02:01:45+00:00,2026-09-16 20:48:34+00:00,2026-09-07 22:42:25+00:00,9824,2299,9824,37,41466,dev,False,False,6150,16.83778234086242,1,10,266.0,2048.0,758.0,0.3701171875,61.0,7.0,20.0,8.714285714285714,6.317021600783229,0.5384615384615384,success,61,0.2340187296416938,0.0037662866449511,8.714285714285714,c#,9.192685436737461,7.7406644019172415,3.6375861597263857,10.632653209172005,4.127134385045092,5.58724865840025,7.6251071482389,3.044522437723423
443962,FluentValidation,FluentValidation,FluentValidation/FluentValidation,A popular .NET validation library for building strongly-typed validation rules.,https://github.com/FluentValidation/FluentValidation,C#,No topics specified,Apache-2.0,2009-12-20 19:17:03+00:00,2026-09-16 20:51:25+00:00,2026-09-09 12:55:43+00:00,9752,1276,9752,3,20025,main,False,False,6115,16.7419575633128,1,9,268.0,2452.0,2056.0,0.8384991843393148,27.0,10.0,6.0,2.7,1.5670212364724212,0.7692307692307693,success,27,0.13084495488105,0.0003076292042657,2.7,c#,9.185330208972015,7.152268856032539,1.3862943611198906,9.904786708267748,3.332204510175204,5.594711379601839,7.8050670442584895,1.9459101490553132
519832,mitmproxy,mitmproxy,mitmproxy/mitmproxy,An interactive TLS-capable intercepting HTTP proxy for penetration testers and software developers.,https://github.com/mitmproxy/mitmproxy,Python,debugging|http|http2|man-in-the-middle|mitmproxy|proxy|python|security|ssl|tls|websocket,MIT,2010-02-16 04:10:13+00:00,2026-09-17 16:23:40+00:00,2026-09-10 06:52:11+00:00,45078,4730,45078,491,69290,main,False,False,6058,16.58590006844627,1,8,406.0,10847.0,4021.0,0.3707015764727574,210.0,12.0,32.0,17.5,8.979775255337053,0.9230769230769232,success,210,0.1049292337725719,0.0108922312436221,17.5,python,10.716171785121514,8.461891875631148,6.198478716492308,11.146070306614268,5.351858133476067,6.008813185442595,9.291736010180177,3.4965075614664802
747698,sinon,sinonjs,sinonjs/sinon,"Test spies, stubs and mocks for JavaScript.",https://github.com/sinonjs/sinon,JavaScript,javascript|sinon|stub|stubs|tdd|test-driven-development|test-spies|unit-testing,NOASSERTION,2010-06-29 21:15:32+00:00,2026-09-15 07:01:23+00:00,2026-09-10 22:36:25+00:00,9758,807,9758,66,45948,main,False,False,5924,16.21902806297057,3,7,337.0,3617.0,995.0,0.2750898534697263,80.0,8.0,16.0,10.0,5.95219047314276,0.6153846153846154,success,80,0.0827013732322197,0.0067636810821889,10.0,javascript,9.18594521514146,6.694562058521095,4.204692619390966,10.735287364761383,4.394449154672439,5.823045895483019,8.193676665955241,2.833213344056216
843222,scikit-learn,scikit-learn,scikit-learn/scikit-learn,scikit-learn: machine learning in Python,https://github.com/scikit-learn/scikit-learn,Python,data-analysis|data-science|machine-learning|python|statistics,BSD-3-Clause,2010-08-17 09:43:38+00:00,2026-09-17 17:49:05+00:00,2026-09-17 17:17:26+00:00,67283,27419,67283,2160,187485,main,False,False,5876,16.087611225188226,0,0,407.0,24683.0,2579.0,0.1044848681278612,1150.0,13.0,198.0,88.46153846153847,39.13356484446437,1.0,success,1150,0.4075175007059732,0.0321032058618075,88.46153846153847,python,11.116677745911673,10.219027953116305,7.6783263565068856,12.141459454938241,7.048386408721883,6.0112671744041615,10.113910539440958,5.293304824724492
902930,freegeoip,fiorix,fiorix/freegeoip,IP geolocation web server,https://github.com/fiorix/freegeoip,Go,freegeoip|geolocation|go|ip-database,NOASSERTION,2010-09-11 03:56:27+00:00,2026-09-16 11:57:42+00:00,2022-08-27 01:14:26+00:00,4933,771,4933,5,4288,master,False,False,5851,16.019164955509925,2,1483,18.0,360.0,335.0,0.9305555555555556,0.0,0.0,0.0,0.0,0.0,0.0,zero_commits,0,0.1562943442124467,0.0010135819987837,,go,8.503905297089302,6.648984550024776,1.791759469228055,8.36380888451688,0.0,2.9444389791664403,5.8888779583328805,0.0
995750,Vundle.vim,VundleVim,VundleVim/Vundle.vim,"Vundle, the plug-in manager for Vim",https://github.com/VundleVim/Vundle.vim,Vim Script,No topics specified,MIT,2010-10-17 23:17:53+00:00,2026-09-17 06:58:29+00:00,2024-07-30 05:53:03+00:00,23918,2530,23918,204,948,master,False,False,5814,15.917864476386036,1,780,58.0,623.0,452.0,0.7255216693418941,0.0,0.0,0.0,0.0,0.0,0.0,zero_commits,0,0.1057780750898904,0.0085291412325445,,vim script,10.082428401170604,7.836369760545124,5.3230099791384085,6.855408798609928,0.0,4.07753744390572,6.436150368369428,0.0
1147858,lein-ring,weavejester,weavejester/lein-ring,Ring plugin for Leiningen,https://github.com/weavejester/lein-ring,Clojure,clojure|leiningen|ring|war,EPL-1.0,2010-12-07 21:33:17+00:00,2026-09-08 10:13:33+00:00,2023-05-31 23:00:07+00:00,499,99,499,47,254,master,False,False,5763,15.7782340862423,10,1205,34.0,325.0,204.0,0.6276923076923077,0.0,0.0,0.0,0.0,0.0,0.0,zero_commits,0,0.1983967935871743,0.094188376753507,,clojure,6.214608098422191,4.605170185988092,3.871201010907891,5.541263545158426,0.0,3.5553480614894135,5.786897381366708,0.0
1206546,winston,winstonjs,winstonjs/winston,A logger for just about everything.,https://github.com/winstonjs/winston,JavaScript,No topics specified,MIT,2010-12-29 18:49:51+00:00,2026-09-17 09:34:59+00:00,2026-07-20 19:12:28+00:00,24520,1848,24520,532,4429,master,False,False,5741,15.718001368925394,1,59,366.0,1579.0,616.0,0.3901203293223559,31.0,5.0,9.0,6.2,3.5637059362410923,0.3846153846153846,success,31,0.0753670473083197,0.0216965742251223,6.2,javascript,10.1072851722528,7.522400231387125,6.278521424165844,8.39615486303918,3.4657359027997265,5.905361848054571,7.365180126021013,2.302585092994046
1398630,console,symfony,symfony/console,Eases the creation of beautiful and testable command line interfaces,https://github.com/symfony/console,PHP,cli|command-line|component|console|php|symfony|symfony-component|terminal,MIT,2011-02-22 18:00:31+00:00,2026-09-16 20:50:18+00:00,2026-09-15 07:14:57+00:00,9813,265,9813,0,7695,8.2,False,False,5686,15.567419575633128,1,3,396.0,4641.0,1533.0,0.3303167420814479,378.0,13.0,62.0,29.07692307692308,16.33228672732602,1.0,success,378,0.0270049933761337,0.0,29.07692307692308,php,9.191565216649849,5.583496308781699,0.0,8.948455992345542,5.937536205082426,5.983936280687191,8.442900586834382,4.143134726391533
1630999,ShareJS,josephg,josephg/ShareJS,Collaborative editing in any app,https://github.com/josephg/ShareJS,JavaScript,No topics specified,NOASSERTION,2011-04-18 15:02:15+00:00,2026-09-14 06:58:37+00:00,2016-09-12 00:37:39+00:00,4978,454,4978,109,6186,master,False,False,5632,15.419575633127996,4,3658,58.0,1216.0,673.0,0.553453947368421,0.0,0.0,0.0,0.0,0.0,0.0,zero_commits,0,0.0912012856568903,0.0218963439132181,,javascript,8.512984346642183,6.12029741895095,4.700480365792417,8.73020559553099,0.0,4.07753744390572,7.104144092987527,0.0
1644196,julia,JuliaLang,JuliaLang/julia,The Julia Programming Language,https://github.com/JuliaLang/julia,Julia,hacktoberfest|hpc|julia|julia-language|julialang|machine-learning|numerical|programming-language|science|scientific,MIT,2011-04-21 07:01:50+00:00,2026-09-17 15:27:35+00:00,2026-09-17 17:37:49+00:00,49115,5976,49115,4707,385714,master,False,False,5629,15.411362080766596,1,0,388.0,55455.0,9974.0,0.1798575421512938,2348.0,13.0,391.0,180.6153846153846,74.12325148195004,1.0,success,2348,0.1216736231293902,0.0958363025552275,180.6153846153846,julia,10.801940126280403,8.695674048824253,8.457018468380168,12.86285403376938,7.761744984658913,5.963579343618446,10.923345192515333,5.971261839790462
1692604,pydub,jiaaro,jiaaro/pydub,Manipulate audio with a simple and easy high level interface,https://github.com/jiaaro/pydub,Python,No topics specified,MIT,2011-05-02 18:42:38+00:00,2026-09-15 10:51:44+00:00,2026-03-19 21:32:30+00:00,9793,1135,9793,421,36854,master,False,False,5617,15.378507871321013,3,182,73.0,716.0,452.0,0.6312849162011173,1.0,1.0,1.0,1.0,0.0,0.0769230769230769,success,1,0.1158991116103339,0.0429898907382824,1.0,python,9.189525232262262,7.035268599281097,6.045005314036012,10.51474657362339,0.6931471805599453,4.30406509320417,6.57507584059962,0.6931471805599453
1863329,laravel,laravel,laravel/laravel,"Laravel is a web application framework with expressive, elegant syntax. We’ve already laid the foundation for your next big idea — freeing you to create without sweating the small things.",https://github.com/laravel/laravel,Blade,framework|laravel|php,No license specified,2011-06-08 03:06:08+00:00,2026-09-17 16:15:31+00:00,2026-08-25 16:27:45+00:00,84965,25168,84965,31,11048,13.x,False,False,5581,15.279945242984258,1,24,397.0,6732.0,4713.0,0.7000891265597148,130.0,12.0,21.0,10.833333333333334,6.176691278630911,0.9230769230769232,success,130,0.2962160889778144,0.0003648561172247,10.833333333333334,blade,11.350006455451114,10.133368357503002,3.4657359027997265,9.310095205113175,4.875197323201151,5.986452005284438,8.814776088545281,3.091042453358316
2162719,ievms,xdissent,xdissent/ievms,Automated installation of the Microsoft IE App Compat virtual machines,https://github.com/xdissent/ievms,Shell,No topics specified,No license specified,2011-08-05 21:34:06+00:00,2026-09-14 14:24:31+00:00,2020-02-13 17:02:43+00:00,9763,482,9763,85,149,master,False,False,5522,15.118412046543463,4,2408,13.0,107.0,90.0,0.8411214953271028,0.0,0.0,0.0,0.0,0.0,0.0,zero_commits,0,0.0493700706749974,0.008706340264263,,shell,9.186457431512851,6.180016653652572,4.454347296253507,5.0106352940962555,0.0,2.6390573296152584,4.68213122712422,0.0
2325298,linux,torvalds,torvalds/linux,Linux kernel source tree,https://github.com/torvalds/linux,C,No topics specified,NOASSERTION,2011-09-04 22:48:12+00:00,2026-09-17 18:17:40+00:00,2026-09-17 17:12:51+00:00,249330,64888,249330,3,6360649,master,False,False,5492,15.0362765229295,0,0,0.0,0.0,0.0,0.0,90201.0,13.0,10850.0,6938.538461538462,2753.0498426104523,1.0,success,90201,0.260249468575783,1.203224642040669e-05,6938.538461538462,c,12.426536609955946,11.080433396801446,1.3862943611198906,15.665641131351974,11.409806878753901,0.0,0.0,9.292012520620208
2641405,security-bundle,symfony,symfony/security-bundle,Provides a tight integration of the Security component into the Symfony full-stack framework,https://github.com/symfony/security-bundle,PHP,component|php|symfony|symfony-component,MIT,2011-10-25 05:26:18+00:00,2026-09-16 15:45:39+00:00,2026-09-16 15:45:35+00:00,2488,27,2488,0,4880,8.2,False,False,5442,14.899383983572896,2,2,260.0,3406.0,1158.0,0.3399882560187903,226.0,13.0,54.0,17.384615384615383,13.79938683141671,1.0,success,226,0.0108520900321543,0.0,17.384615384615383,php,7.819636302367592,3.332204510175204,0.0,8.493105395887147,5.424950017481403,5.564520407322694,8.133587417660966,4.007333185232471
3072629,jsonschema,python-jsonschema,python-jsonschema/jsonschema,An implementation of the JSON Schema specification for Python,https://github.com/python-jsonschema/jsonschema,Python,json|json-schema|jsonschema|schema|validation,MIT,2011-12-30 03:37:43+00:00,2026-09-16 02:20:25+00:00,2026-09-15 11:19:35+00:00,4981,668,4981,53,3914,main,False,False,5376,14.718685831622176,2,3,109.0,3083.0,2402.0,0.7791112552708401,231.0,12.0,34.0,19.25,9.076693430779937,0.9230769230769232,success,231,0.1341096165428628,0.0106404336478618,19.25,python,8.513586695822125,6.505784060128229,3.9889840465642745,8.272570608424903,5.44673737166631,4.700480365792417,8.03398273468322,3.5553480614894135
3084583,ExifReader,mattiasw,mattiasw/ExifReader,A JavaScript Exif info parser.,https://github.com/mattiasw/ExifReader,JavaScript,No topics specified,MPL-2.0,2012-01-01 23:05:20+00:00,2026-09-14 20:48:58+00:00,2026-09-11 11:59:42+00:00,997,106,997,4,10291,main,False,False,5373,14.71047227926078,3,7,27.0,872.0,565.0,0.6479357798165137,252.0,13.0,43.0,19.384615384615383,13.919641168378238,1.0,success,252,0.1063189568706118,0.0040120361083249,19.384615384615383,javascript,6.905753276311464,4.672828834461906,1.6094379124341003,9.239122173401634,5.53338948872752,3.332204510175204,6.771935555839602,3.784189633918261
3708934,selfspy,selfspy,selfspy/selfspy,"Log everything you do on the computer, for statistics, future reference and all-around fun!",https://github.com/selfspy/selfspy,Python,No topics specified,GPL-3.0,2012-03-13 16:56:20+00:00,2026-09-16 12:38:31+00:00,2019-03-06 13:30:04+00:00,2495,230,2495,73,302,master,False,False,5301,14.513347022587268,2,2753,25.0,120.0,53.0,0.4416666666666666,0.0,0.0,0.0,0.0,0.0,0.0,zero_commits,0,0.0921843687374749,0.0292585170340681,,python,7.822444729489319,5.442417710521793,4.30406509320417,5.713732805509369,0.0,3.258096538021482,4.795790545596741,0.0
4291387,archaius,Netflix,Netflix/archaius,Library for configuration management API,https://github.com/Netflix/archaius,Java,No topics specified,Apache-2.0,2012-05-11 00:07:05+00:00,2026-09-17 13:17:28+00:00,2026-07-29 21:37:46+00:00,2497,476,2497,40,4039,2.x,False,False,5243,14.354551676933609,1,50,32.0,747.0,423.0,0.5662650602409639,4.0,2.0,2.0,2.0,0.0,0.1538461538461538,success,4,0.1906287545054064,0.0160192230676812,2.0,java,7.823245690685523,6.1675164908883415,3.713572066704308,8.303999970955196,1.6094379124341003,3.4965075614664802,6.617402977974478,1.0986122886681098
4534540,art-template,goofychris,goofychris/art-template,High performance JavaScript templating engine,https://github.com/goofychris/art-template,JavaScript,express|javascript|koa|nodejs|template-engine|webpack,MIT,2012-06-03 03:37:57+00:00,2026-09-16 20:44:38+00:00,2026-07-13 02:00:06+00:00,9846,2642,9846,93,3187,master,False,False,5220,14.291581108829568,1,67,12.0,478.0,454.0,0.9497907949790796,1.0,1.0,1.0,1.0,0.0,0.0769230769230769,success,1,0.2683323176924639,0.0094454600853138,1.0,javascript,9.194922119247803,7.879669914604289,4.543294782270004,8.067149039910106,0.6931471805599453,2.5649493574615367,6.171700597410915,0.6931471805599453
4549925,psysh,bobthecow,bobthecow/psysh,A REPL for PHP,https://github.com/bobthecow/psysh,PHP,cli|php|psysh|repl|shell,MIT,2012-06-04 17:15:35+00:00,2026-09-16 20:50:45+00:00,2026-09-10 17:36:21+00:00,9833,318,9833,9,6027,main,False,False,5218,14.286105407255304,1,7,91.0,2515.0,2028.0,0.806361829025845,364.0,13.0,102.0,28.0,25.396850198400585,1.0,success,364,0.0323400793247228,0.0009152852639072,28.0,php,9.193601047971885,5.765191102784844,2.302585092994046,8.704170559746386,5.8998973535824915,4.5217885770490405,7.830425617820331,4.634728988229636
4826737,Gamma,LancePutnam,LancePutnam/Gamma,Generic (Sound) Synthesis Library ,https://github.com/LancePutnam/Gamma,C++,No topics specified,NOASSERTION,2012-06-28 23:05:32+00:00,2026-09-12 17:45:24+00:00,2026-09-08 09:43:42+00:00,499,58,499,7,9418,master,False,False,5194,14.220396988364136,5,10,4.0,796.0,783.0,0.9836683417085428,13.0,4.0,5.0,3.25,2.0615528128088303,0.3076923076923077,success,13,0.1162324649298597,0.0140280561122244,3.25,c++,6.214608098422191,4.07753744390572,2.0794415416798357,9.150484204822817,2.6390573296152584,1.6094379124341003,6.680854678790215,1.791759469228055
5070389,EventBus,greenrobot,greenrobot/EventBus,"Event bus for Android and Java that simplifies communication between Activities, Fragments, Threads, Services, etc. Less code, better quality.",https://github.com/greenrobot/EventBus,Java,No topics specified,Apache-2.0,2012-07-16 16:55:40+00:00,2026-09-17 12:49:31+00:00,2024-02-21 18:18:34+00:00,24709,4637,24709,147,1742,master,False,False,5176,14.171115674195756,1,939,20.0,540.0,395.0,0.7314814814814815,0.0,0.0,0.0,0.0,0.0,0.0,zero_commits,0,0.1876644137763568,0.0059492492614027,,java,10.114963298982655,8.442038517815478,4.997212273764115,7.463363045520021,0.0,3.044522437723423,6.293419278846481,0.0
5192255,Paintroid,Catrobat,Catrobat/Paintroid,The standard image manipulation app for Catroid.,https://github.com/Catrobat/Paintroid,Kotlin,No topics specified,No license specified,2012-07-26 13:09:47+00:00,2026-09-09 17:34:39+00:00,2026-09-17 04:29:28+00:00,499,340,499,61,44592,develop,False,False,5167,14.146475017111568,8,1,79.0,2933.0,426.0,0.1452437777020116,1.0,1.0,1.0,1.0,0.0,0.0769230769230769,success,1,0.6813627254509018,0.1222444889779559,1.0,kotlin,6.214608098422191,5.831882477283517,4.127134385045092,10.705332175017464,0.6931471805599453,4.382026634673881,7.984121958702927,0.6931471805599453
5239185,quill,slab,slab/quill,Quill is a modern WYSIWYG editor built for compatibility and extensibility,https://github.com/slab/quill,TypeScript,editor|quill|rich-text-editor|wysiwyg,BSD-3-Clause,2012-07-30 23:23:18+00:00,2026-09-17 15:41:15+00:00,2025-07-25 06:09:23+00:00,47348,3665,47348,658,18429,main,False,False,5162,14.132785763175908,1,420,142.0,5698.0,4658.0,0.8174798174798175,0.0,0.0,0.0,0.0,0.0,0.0,zero_commits,0,0.0774055926332685,0.0138971023063276,,typescript,10.765300979067026,8.20685642839965,6.490723534502507,9.821735050663868,0.0,4.962844630259907,8.648045999835,0.0
5407827,clonezilla,stevenshiau,stevenshiau/clonezilla,"Clonezilla is a partition or disk clone tool similar to Norton Ghost®. It saves and restores only used blocks in hard drive. Two types of Clonezilla are available, Clonezilla live and Clonezilla SE (Server Edition).",https://github.com/stevenshiau/clonezilla,Shell,No topics specified,GPL-2.0,2012-08-14 03:16:22+00:00,2026-09-17 16:05:22+00:00,2026-09-09 09:22:37+00:00,999,126,999,98,11160,master,False,False,5148,14.094455852156058,1,9,10.0,3498.0,3468.0,0.9914236706689536,463.0,13.0,64.0,35.61538461538461,17.614096918559582,1.0,success,463,0.1261261261261261,0.0980980980980981,35.61538461538461,shell,6.907755278982137,4.844187086458591,4.59511985013459,9.320180837655714,6.139884552226255,2.3978952727983707,8.160232492367689,4.174387269895637
5896437,gobyexample,mmcgrana,mmcgrana/gobyexample,Go by Example,https://github.com/mmcgrana/gobyexample,Go,No topics specified,No license specified,2012-09-21 03:47:46+00:00,2026-09-17 17:46:46+00:00,2026-09-07 16:06:53+00:00,8205,1388,8205,14,7929,master,False,False,5110,13.990417522245036,0,11,147.0,1315.0,873.0,0.6638783269961978,41.0,10.0,9.0,4.1,2.5582111805799856,0.7692307692307693,success,41,0.1691651432053625,0.0017062766605728,4.1,go,9.012620873002131,7.236339342754344,2.70805020110221,8.978408314628894,3.7376696182833684,4.997212273764115,7.182352111885263,2.302585092994046
6498492,javascript,airbnb,airbnb/javascript,JavaScript Style Guide,https://github.com/airbnb/javascript,JavaScript,arrow-functions|es2015|es2016|es2017|es2018|es6|eslint|javascript|linting|naming-conventions|style-guide|style-linter|styleguide|tc39,MIT,2012-11-01 23:13:50+00:00,2026-09-17 18:05:42+00:00,2026-04-16 19:24:09+00:00,148241,26573,148241,164,3738,master,False,False,5068,13.875427789185489,0,154,401.0,1730.0,672.0,0.3884393063583815,1.0,1.0,1.0,1.0,0.0,0.0769230769230769,success,1,0.1792554016769989,0.0011063066223244,1.0,javascript,11.906601352503417,10.187688573151252,5.10594547390058,8.226573474977114,0.6931471805599453,5.996452088619021,7.456454555176209,0.6931471805599453
6766558,Hystrix,Netflix,Netflix/Hystrix,"Hystrix is a latency and fault tolerance library designed to isolate points of access to remote systems, services and 3rd party libraries, stop cascading failure and enable resilience in complex distributed systems where failure is inevitable.",https://github.com/Netflix/Hystrix,Java,No topics specified,No license specified,2012-11-19 20:14:46+00:00,2026-09-17 12:49:34+00:00,2025-12-17 03:21:02+00:00,24482,4674,24482,58,9828,master,False,False,5050,13.826146475017111,1,275,105.0,1433.0,538.0,0.3754361479413817,2.0,1.0,2.0,2.0,0.0,0.0769230769230769,success,2,0.1909157748549955,0.0023690874928518,2.0,java,10.105734278137353,8.449984441722787,4.07753744390572,9.19309247856663,1.0986122886681098,4.663439094112067,7.2682230211595655,1.0986122886681098
6975711,harp,sintaxi,sintaxi/harp,Static Web Server/Generator/Bundler,https://github.com/sintaxi/harp,JavaScript,No topics specified,No license specified,2012-12-03 02:49:07+00:00,2026-09-17 06:03:49+00:00,2026-07-06 23:35:12+00:00,4995,332,4995,44,1824,master,False,False,5037,13.790554414784394,1,73,30.0,720.0,568.0,0.7888888888888889,27.0,3.0,15.0,9.0,5.5677643628300215,0.2307692307692307,success,27,0.0664664664664664,0.0088088088088088,9.0,javascript,8.516392871245468,5.808142489980444,3.8066624897703196,7.509335266016592,3.332204510175204,3.4339872044851463,6.580639137284949,2.772588722239781
7232856,git-crypt,AGWA,AGWA/git-crypt,Transparent file encryption in git,https://github.com/AGWA/git-crypt,C++,No topics specified,GPL-3.0,2012-12-19 00:43:59+00:00,2026-09-17 14:49:10+00:00,2025-09-24 14:22:08+00:00,9917,545,9917,128,350,master,False,False,5021,13.74674880219028,1,359,16.0,204.0,185.0,0.9068627450980392,11.0,1.0,11.0,11.0,0.0,0.0769230769230769,success,11,0.054956135928204,0.0129071291721286,11.0,c++,9.202106567049078,6.302618975744905,4.859812404361672,5.860786223465865,2.4849066497880004,2.833213344056216,5.3230099791384085,2.4849066497880004
8162715,saleor,saleor,saleor/saleor,"Saleor Core: the high performance, composable, headless commerce API.",https://github.com/saleor/saleor,Python,cart|checkout|commerce|composable|e-commerce|ecommerce|graphql|headless|headless-commerce|multichannel|oms|order-management|payments|pim|python|shop|shopping-cart|store,BSD-3-Clause,2013-02-12 16:46:39+00:00,2026-09-17 15:17:11+00:00,2026-09-17 15:16:44+00:00,23339,6122,23339,272,246602,main,False,False,4965,13.593429158110885,1,1,260.0,18763.0,3814.0,0.2032723978041891,499.0,13.0,62.0,38.38461538461539,15.808955592419029,1.0,success,499,0.2623077252667209,0.0116543125241012,38.38461538461539,python,10.057923905840546,8.719807451477955,5.60947179518496,12.415535035088505,6.214608098422191,5.564520407322694,9.839695419448349,4.143134726391533
8473240,scriptcs,scriptcs,scriptcs/scriptcs,"Write C# apps with a text editor, nuget and the power of Roslyn!",https://github.com/scriptcs/scriptcs,C#,csx|roslyn|scriptcs,NOASSERTION,2013-02-28 06:27:22+00:00,2026-09-12 02:20:15+00:00,2023-07-17 12:31:57+00:00,2482,363,2482,169,24989,dev,False,False,4950,13.5523613963039,6,1159,61.0,1929.0,574.0,0.2975635044064282,0.0,0.0,0.0,0.0,0.0,0.0,zero_commits,0,0.1462530217566478,0.0680902497985495,,c#,7.817222785508166,5.8971538676367405,5.135798437050262,10.126231023828998,0.0,4.127134385045092,7.5652752818989315,0.0
8552709,node-google-spreadsheet,theoephraim,theoephraim/node-google-spreadsheet,Google Sheets API wrapper for Javascript / Typescript,https://github.com/theoephraim/node-google-spreadsheet,TypeScript,google|google-sheets|google-sheets-api-v4|google-spreadsheets|nodejs|typescript,MIT,2013-03-04 09:53:48+00:00,2026-09-16 11:08:03+00:00,2026-09-04 16:54:04+00:00,2493,389,2493,39,1648,main,False,False,4946,13.541409993155373,2,13,51.0,314.0,202.0,0.643312101910828,23.0,4.0,18.0,5.75,8.180260794538684,0.3076923076923077,success,23,0.1560369033293221,0.0156438026474127,5.75,typescript,7.821643126239982,5.966146739123692,3.6888794541139363,7.407924322559599,3.1780538303479458,3.9512437185814275,5.752572638825633,2.9444389791664403
8780829,dash.vim,joseotaviorf,joseotaviorf/dash.vim,Search Dash.app from Vim,https://github.com/joseotaviorf/dash.vim,Vim script,No topics specified,MIT,2013-03-14 17:12:10+00:00,2026-09-01 14:22:20+00:00,2022-11-21 15:17:11+00:00,997,59,997,10,76,master,False,False,4935,13.51129363449692,17,1397,15.0,128.0,113.0,0.8828125,0.0,0.0,0.0,0.0,0.0,0.0,zero_commits,0,0.0591775325977933,0.0100300902708124,,vim script,6.905753276311464,4.0943445622221,2.3978952727983707,4.343805421853684,0.0,2.772588722239781,4.859812404361672,0.0
9009498,wasabi,wasabifx,wasabifx/wasabi,An HTTP Framework,https://github.com/wasabifx/wasabi,Kotlin,No topics specified,No license specified,2013-03-25 15:37:06+00:00,2026-09-01 14:36:57+00:00,2019-11-08 08:43:54+00:00,499,55,499,20,17659,master,False,False,4925,13.4839151266256,17,2506,18.0,513.0,320.0,0.6237816764132553,0.0,0.0,0.0,0.0,0.0,0.0,zero_commits,0,0.1102204408817635,0.0400801603206412,,kotlin,6.214608098422191,4.02535169073515,3.044522437723423,9.77905747415795,0.0,2.9444389791664403,6.2422232654551655,0.0
9603240,pure,pure-css,pure-css/pure,"A set of small, responsive CSS modules that you can use in every web project.",https://github.com/pure-css/pure,JavaScript,css|html|pure,NOASSERTION,2013-04-22 16:16:39+00:00,2026-09-17 05:04:42+00:00,2026-02-14 03:48:55+00:00,23722,2404,23722,31,8552,main,False,False,4897,13.4072553045859,1,216,71.0,979.0,295.0,0.3013278855975485,0.0,0.0,0.0,0.0,0.0,0.0,zero_commits,0,0.1013405277801197,0.0013068038108085,,javascript,10.074200320662365,7.785305182539862,3.4657359027997265,9.054037377580782,0.0,4.276666119016055,6.887552571664617,0.0
9764362,reform,trailblazer,trailblazer/reform,Form objects decoupled from models.,https://github.com/trailblazer/reform,Ruby,No topics specified,MIT,2013-04-30 05:02:35+00:00,2026-09-05 19:41:17+00:00,2025-08-25 12:50:07+00:00,2487,180,2487,41,1931,master,False,False,4889,13.385352498288844,12,389,66.0,1364.0,1095.0,0.8027859237536656,0.0,0.0,0.0,0.0,0.0,0.0,zero_commits,0,0.0723763570566948,0.0164857257740249,,ruby,7.81923445385907,5.198497031265826,3.7376696182833684,7.566311014772463,0.0,4.204692619390966,7.21890970761906,0.0
9994688,Scoop,ScoopInstaller,ScoopInstaller/Scoop,A command-line installer for Windows.,https://github.com/ScoopInstaller/Scoop,PowerShell,installer|powershell|scoop|windows,NOASSERTION,2013-05-11 03:52:15+00:00,2026-09-17 16:46:24+00:00,2026-09-15 14:36:17+00:00,24665,1536,24665,525,14761,master,False,False,4878,13.35523613963039,0,3,400.0,10092.0,6052.0,0.5996829171621086,0.0,0.0,0.0,0.0,0.0,0.0,zero_commits,0,0.0622744780052706,0.0212852219744577,,powershell,10.113181056125933,7.337587743538596,6.26530121273771,9.599811590329997,0.0,5.993961427306569,9.219597393238859,0.0
10054176,openvpn-install,Nyr,Nyr/openvpn-install,"OpenVPN road warrior installer for Ubuntu, Debian, AlmaLinux, Rocky Linux, CentOS and Fedora",https://github.com/Nyr/openvpn-install,Shell,"almalinux, bash, centos, debian, fedora, openvpn, rockylinux, shell, ubuntu, vpn",MIT,2013-05-14 12:03:29+00:00,2026-09-17 13:50:07+00:00,2026-09-16 16:00:49+00:00,20640,5071,20640,0,190,master,False,False,4875,13.347022587268992,1,2,11.0,220.0,208.0,0.9454545454545454,10.0,6.0,5.0,1.6666666666666667,1.632993161855452,0.4615384615384615,success,10,0.245687984496124,0.0,1.6666666666666667,shell,9.935034668034257,8.531490496117062,0.0,5.25227342804663,2.3978952727983707,2.4849066497880004,5.3981627015177525,1.791759469228055
10270250,react,react,react/react,The library for web and native user interfaces.,https://github.com/react/react,JavaScript,declarative|frontend|javascript|library|react|ui,MIT,2013-05-24 16:15:54+00:00,2026-09-17 17:39:16+00:00,2026-09-17 16:33:43+00:00,250539,51372,250539,1375,1092184,main,False,False,4865,13.319644079397673,0,1,411.0,18182.0,1939.0,0.1066439335606644,811.0,13.0,164.0,62.38461538461539,36.39491370493608,1.0,success,811,0.2050459209943362,0.0054881675108466,62.38461538461539,javascript,12.431373867398182,10.846868021600375,7.226936018493289,13.903690834857484,6.699500340161678,6.021023349349527,9.808242370619395,5.10594547390058
10637255,pidcat,JakeWharton,JakeWharton/pidcat,Colored logcat script which only shows log entries for a specific application package.,https://github.com/JakeWharton/pidcat,Python,No topics specified,Apache-2.0,2013-06-12 05:59:37+00:00,2026-09-14 03:14:00+00:00,2024-05-10 13:57:53+00:00,4955,517,4955,67,3852,master,False,False,4846,13.267624914442164,4,861,30.0,135.0,88.0,0.6518518518518519,0.0,0.0,0.0,0.0,0.0,0.0,zero_commits,0,0.1043390514631685,0.0135216952573158,,python,8.508354242749032,6.249975242259483,4.219507705176107,8.256607344626158,0.0,3.4339872044851463,4.912654885736052,0.0
10865436,frontend-dev-bookmarks,dypsilon,dypsilon/frontend-dev-bookmarks,Manually curated collection of resources for frontend web developers.,https://github.com/dypsilon/frontend-dev-bookmarks,,awesome|awesome-list|frontend|list,No license specified,2013-06-22 13:23:55+00:00,2026-09-17 15:35:36+00:00,2024-05-21 10:56:58+00:00,47518,5138,47518,134,1048,master,False,False,4836,13.240246406570842,1,850,94.0,131.0,11.0,0.0839694656488549,0.0,0.0,0.0,0.0,0.0,0.0,zero_commits,0,0.1081274464413485,0.0028199840060608,,unknown,10.76888491004406,8.54461378699223,4.90527477843843,6.955592608396297,0.0,4.553876891600541,4.882801922586371,0.0
12085960,structlog,hynek,hynek/structlog,"Simple, powerful, and fast logging for Python.",https://github.com/hynek/structlog,Python,logging|python|structured-logging,NOASSERTION,2013-08-13 15:55:58+00:00,2026-09-16 07:56:54+00:00,2026-09-05 12:54:41+00:00,4952,298,4952,38,6645,main,False,False,4784,13.097878165639973,2,13,138.0,1897.0,1595.0,0.8408012651555087,162.0,13.0,63.0,12.461538461538462,16.455067024148846,1.0,success,162,0.0601777059773828,0.0076736672051696,12.461538461538462,python,8.507748732588238,5.700443573390687,3.6635616461296463,8.801770448914539,5.093750200806762,4.9344739331306915,7.5485559791698735,4.1588830833596715
12526570,RATreeView,Augustyniak,Augustyniak/RATreeView,Library providing easy-to-use interface for displaying tree structures on iOS and tvOS.,https://github.com/Augustyniak/RATreeView,Objective-C,No topics specified,MIT,2013-09-01 20:46:42+00:00,2026-09-15 11:50:50+00:00,2019-12-10 14:38:27+00:00,2479,446,2479,105,5428,master,False,False,4764,13.043121149897331,3,2474,8.0,98.0,89.0,0.9081632653061223,0.0,0.0,0.0,0.0,0.0,0.0,zero_commits,0,0.1799112545381202,0.0423557886244453,,objective-c,7.8160138391590275,6.102558594613569,4.663439094112067,8.599510233905452,0.0,2.1972245773362196,4.59511985013459,0.0
12715951,TACTIC,Southpaw-TACTIC,Southpaw-TACTIC/TACTIC,Open source remote collaboration platform used for configuring and deploying enterprise Workflow solutions.,https://github.com/Southpaw-TACTIC/TACTIC,JavaScript,digital-assets|remote-collaboration|vfx|visual-effects|web-platform|workflow|workflow-automation|workflow-engine,NOASSERTION,2013-09-10 00:06:41+00:00,2026-09-01 14:35:04+00:00,2026-05-24 01:24:56+00:00,499,170,499,30,184238,5.0,False,False,4756,13.021218343600276,17,117,38.0,6312.0,2627.0,0.416191381495564,23.0,4.0,8.0,5.75,2.0615528128088303,0.3076923076923077,success,23,0.3406813627254509,0.0601202404809619,5.75,javascript,6.214608098422191,5.14166355650266,3.4339872044851463,12.123989106776841,3.1780538303479458,3.6635616461296463,8.750366278367625,2.1972245773362196
12895187,laravel.io,laravelio,laravelio/laravel.io,The Laravel.io Community Portal.,https://github.com/laravelio/laravel.io,PHP,community|forums|laravel|php,MIT,2013-09-17 12:57:48+00:00,2026-09-17 06:43:06+00:00,2026-09-15 18:39:56+00:00,2499,660,2499,12,30971,main,False,False,4749,13.00205338809035,1,2,114.0,2369.0,1333.0,0.5626846770789362,148.0,13.0,24.0,11.384615384615383,5.737863445837389,1.0,success,148,0.2641056422569027,0.0048019207683073,11.384615384615383,php,7.824046010856292,6.493753839851686,2.5649493574615367,10.340838849506614,5.003946305945459,4.74493212836325,7.7706452341291765,3.2188758248682006
13115100,libeatmydata,stewartsmith,stewartsmith/libeatmydata,libeatmydata - because fsync() should be a no-op,https://github.com/stewartsmith/libeatmydata,C,No topics specified,GPL-3.0,2013-09-26 06:54:47+00:00,2026-09-01 14:35:24+00:00,2024-05-13 07:58:47+00:00,499,20,499,14,607,master,False,False,4740,12.97741273100616,17,858,15.0,162.0,127.0,0.7839506172839507,0.0,0.0,0.0,0.0,0.0,0.0,zero_commits,0,0.0400801603206412,0.0280561122244488,,c,6.214608098422191,3.044522437723423,2.70805020110221,6.410174881966167,0.0,2.772588722239781,5.093750200806762,0.0
13491895,free-programming-books,EbookFoundation,EbookFoundation/free-programming-books,:books: Freely available programming books,https://github.com/EbookFoundation/free-programming-books,Python,books|education|hacktoberfest|list|resource,CC-BY-4.0,2013-10-11 06:50:37+00:00,2026-09-17 17:56:49+00:00,2026-09-15 15:54:40+00:00,397043,66787,397043,81,21870,main,False,False,4725,12.936344969199178,0,3,430.0,5874.0,1542.0,0.2625127681307456,614.0,13.0,436.0,47.23076923076923,117.09551218709868,1.0,success,614,0.1682109998161408,0.0002040081301017,47.23076923076923,python,12.891802384762256,11.109278702668847,4.406719247264253,9.992916837362552,6.421622267806518,6.066108090103747,8.67846133901236,6.07993319509559
15347209,bidi,juxt,juxt/bidi,Bidirectional URI routing,https://github.com/juxt/bidi,Clojure,clojure|clojurescript|router|routing|uri|url,MIT,2013-12-20 20:10:30+00:00,2026-09-08 10:33:04+00:00,2023-03-15 10:46:57+00:00,997,87,997,60,730,master,False,False,4654,12.7419575633128,10,1283,46.0,94.0,13.0,0.1382978723404255,0.0,0.0,0.0,0.0,0.0,0.0,zero_commits,0,0.0872617853560682,0.0601805416248746,,clojure,6.905753276311464,4.477336814478207,4.110873864173311,6.594413459749778,0.0,3.8501476017100584,4.553876891600541,0.0
15505458,WOW,mattdelacdev,mattdelacdev/WOW,Reveal CSS animation as you scroll down a page,https://github.com/mattdelacdev/WOW,JavaScript,No topics specified,No license specified,2013-12-29 07:53:44+00:00,2026-09-15 17:20:35+00:00,2024-06-24 02:08:52+00:00,9897,3956,9897,191,1058,master,False,False,4646,12.720054757015742,2,816,22.0,305.0,148.0,0.4852459016393443,0.0,0.0,0.0,0.0,0.0,0.0,zero_commits,0,0.3997170859856522,0.0192987774072951,,javascript,9.200087995511831,8.283241441385425,5.2574953720277815,6.9650803456014065,0.0,3.1354942159291497,5.723585101952381,0.0
15634981,godot,godotengine,godotengine/godot,Godot Engine – Multi-platform 2D and 3D game engine,https://github.com/godotengine/godot,C++,game-development|game-engine|gamedev|godot|godotengine|multi-platform|open-source,MIT,2014-01-04 16:05:36+00:00,2026-09-17 18:09:31+00:00,2026-09-17 18:12:36+00:00,117364,26776,117364,18873,1888824,master,False,False,4640,12.70362765229295,0,0,459.0,79514.0,31296.0,0.393591065724275,9356.0,13.0,984.0,719.6923076923077,202.6513362960237,1.0,success,9356,0.2281449166695068,0.1608074026106813,719.6923076923077,c++,11.673044015862988,10.195298589071585,9.845540592581278,14.451465500582831,9.143880005275912,6.131226489483141,11.283700962090016,6.892641641172089
17042400,go-mysql,go-mysql-org,go-mysql-org/go-mysql,a powerful mysql toolset with Go,https://github.com/go-mysql-org/go-mysql,Go,No topics specified,MIT,2014-02-21 01:56:45+00:00,2026-09-16 20:38:42+00:00,2026-09-08 13:50:57+00:00,4967,1076,4967,156,7534,master,False,False,4592,12.572210814510608,1,10,192.0,1088.0,248.0,0.2279411764705882,81.0,12.0,16.0,6.75,5.065480323630811,0.9230769230769232,success,81,0.2166297563921884,0.0314072881014697,6.75,go,8.510772623613315,6.981934677156389,5.056245805348308,8.927314111060596,4.406719247264253,5.262690188904886,6.9930151229329605,2.833213344056216
17119190,Laravel-Phone,Propaganistas,Propaganistas/Laravel-Phone,Phone number functionality for Laravel,https://github.com/Propaganistas/Laravel-Phone,PHP,"laravel, libphonenumber, phone, validation",MIT,2014-02-23 22:54:38+00:00,2026-09-17 07:40:48+00:00,2026-09-17 07:40:44+00:00,3031,233,3031,0,322,master,False,False,4589,12.563997262149211,1,1,27.0,304.0,271.0,0.8914473684210527,6.0,5.0,2.0,1.2,0.4472135954999579,0.3846153846153846,success,6,0.0768723193665456,0.0,1.2,php,8.016977746762262,5.455321115357702,0.0,5.777652323222656,1.9459101490553132,3.332204510175204,5.720311776607412,1.0986122886681098
17728164,terraform,hashicorp,hashicorp/terraform,"Terraform enables you to safely and predictably create, change, and improve infrastructure. It is a source-available tool that codifies APIs into declarative configuration files that can be shared amongst team members, treated as code, edited, reviewed, and versioned.",https://github.com/hashicorp/terraform,Go,cloud|cloud-management|graph|infrastructure-as-code|terraform,NOASSERTION,2014-03-13 22:25:48+00:00,2026-09-17 17:51:40+00:00,2026-09-17 14:38:50+00:00,49698,10622,49698,1928,359133,main,False,False,4571,12.514715947980836,0,1,351.0,30793.0,4277.0,0.1388952034553307,1216.0,13.0,206.0,93.53846153846152,59.41747131472272,1.0,success,1216,0.2137309348464727,0.0387943176787798,93.53846153846152,go,10.81374009115795,9.270776740780013,7.564757012905729,12.79145085687951,7.104144092987527,5.863631175598097,10.335075144789863,5.332718793265369
18486162,uebersicht,felixhageloh,felixhageloh/uebersicht,ˈyːbɐˌzɪçt,https://github.com/felixhageloh/uebersicht,Objective-C,No topics specified,GPL-3.0,2014-04-06 09:16:07+00:00,2026-09-16 13:30:59+00:00,2025-06-28 08:25:38+00:00,4993,189,4993,172,741754,master,False,False,4548,12.451745379876796,2,447,18.0,532.0,502.0,0.943609022556391,0.0,0.0,0.0,0.0,0.0,0.0,zero_commits,0,0.0378529941918686,0.0344482275185259,,objective-c,8.515992470839718,5.247024072160486,5.153291594497779,13.516774278945988,0.0,2.9444389791664403,6.278521424165844,0.0
18719856,stellarium,Stellarium,Stellarium/stellarium,"Stellarium is a free GPL software which renders realistic skies in real time with OpenGL. It is available for Linux/Unix, Windows, macOS and Haiku. With Stellarium, you really see what you can see with your eyes, binoculars or a small telescope.",https://github.com/Stellarium/stellarium,C++,astronomy|c|c-plus-plus|planetarium|qt5|qt6|science|sky|stars|stellarium|universe,GPL-2.0,2014-04-13 02:41:56+00:00,2026-09-17 14:05:51+00:00,2026-09-17 12:42:33+00:00,9991,1051,9991,410,6016914,master,False,False,4541,12.432580424366872,1,1,193.0,37045.0,14851.0,0.4008908084761776,5779.0,13.0,998.0,444.5384615384616,253.7747082829622,1.0,success,5779,0.1051946752076869,0.0410369332399159,444.5384615384616,c++,9.209540051805414,6.9584483932976555,6.018593214496234,15.610085227461523,8.662158961666423,5.267858159063328,10.519915662682669,6.906754778648554
19020770,weixin-popular,liyiorg,liyiorg/weixin-popular,微信SDK  JAVA  (公众平台、开放平台、 商户平台、 服务商平台),https://github.com/liyiorg/weixin-popular,Java,wechat|weixin|weixin-java-sdk|weixin-sdk,Apache-2.0,2014-04-22 07:22:27+00:00,2026-08-25 07:24:50+00:00,2022-10-25 07:17:53+00:00,2486,1037,2486,36,1603,2.8.x,False,False,4532,12.407939767282684,24,1424,17.0,224.0,175.0,0.78125,0.0,0.0,0.0,0.0,0.0,0.0,zero_commits,0,0.417135961383749,0.0144810941271118,,java,7.818832443803404,6.945051063725834,3.6109179126442243,7.38025578842646,0.0,2.8903717578961645,5.41610040220442,0.0
19415064,computer-science,ossu,ossu/computer-science,🎓 Path to a free self-taught education in Computer Science!,https://github.com/ossu/computer-science,HTML,awesome-list|computer-science|courses|curriculum,MIT,2014-05-04 00:18:39+00:00,2026-09-17 17:09:19+00:00,2026-07-14 05:38:25+00:00,209080,25871,209080,28,1783,master,False,False,4520,12.375085557837098,0,66,155.0,998.0,268.0,0.2685370741482966,23.0,7.0,8.0,3.2857142857142856,2.138089935299395,0.5384615384615384,success,23,0.1237373254256743,0.0001339200306102,3.2857142857142856,html,12.250477015673656,10.160916581816888,3.367295829986474,7.486613313139955,3.1780538303479458,5.049856007249537,6.906754778648554,2.1972245773362196
19620844,octotree,ovity,ovity/octotree,GitHub on steroids,https://github.com/ovity/octotree,JavaScript,browser-extension|chrome|code-files|code-review|edge|firefox|github|opera|pull-request-review|safari,AGPL-3.0,2014-05-09 18:15:20+00:00,2026-09-17 18:08:06+00:00,2024-06-06 17:52:26+00:00,23248,1782,23248,33,82917,master,False,False,4514,12.358658453114304,0,833,65.0,714.0,534.0,0.7478991596638656,0.0,0.0,0.0,0.0,0.0,0.0,zero_commits,0,0.0766517549896765,0.0014194769442532,,javascript,10.054017399337825,7.48605261786314,3.5263605246161616,11.325607446625451,0.0,4.189654742026425,6.5722825426940075,0.0
19901248,system-design-interview,checkcheckzz,checkcheckzz/system-design-interview,System design interview for IT companies,https://github.com/checkcheckzz/system-design-interview,,design-systems|interview|interview-preparation|interview-questions|system|system-design,No license specified,2014-05-18 02:40:53+00:00,2026-09-17 15:12:41+00:00,2023-04-03 04:22:45+00:00,23703,5253,23703,26,310,master,False,False,4506,12.336755646817249,1,1264,23.0,83.0,59.0,0.7108433734939759,0.0,0.0,0.0,0.0,0.0,0.0,zero_commits,0,0.2216175167700291,0.0010969075644433,,unknown,10.073399089253401,8.566744970245486,3.295836866004329,5.739792912179234,0.0,3.1780538303479458,4.430816798843313,0.0
20060596,exa,ogham,ogham/exa,A modern replacement for ‘ls’.,https://github.com/ogham/exa,Rust,command-line|files|ls|rust,MIT,2014-05-22 12:45:16+00:00,2026-09-17 04:40:31+00:00,2024-09-24 15:18:09+00:00,24444,652,24444,213,3747,master,False,False,4502,12.32580424366872,1,724,145.0,1590.0,1156.0,0.7270440251572327,0.0,0.0,0.0,0.0,0.0,0.0,zero_commits,0,0.0266732122402225,0.008713794796269,,rust,10.104180975012746,6.481577129276431,5.365976015021851,8.228977643358313,0.0,4.983606621708336,7.372118028337787,0.0
20506004,Quick,Quick,Quick/Quick,The Swift (and Objective-C) testing framework.,https://github.com/Quick/Quick,Swift,bdd|carthage|cocoapods|ios|objective-c|swift|testing,Apache-2.0,2014-06-05 00:29:53+00:00,2026-09-16 08:59:14+00:00,2026-05-18 15:19:28+00:00,9826,895,9826,49,3491,main,False,False,4488,12.28747433264887,2,123,142.0,2069.0,468.0,0.2261962300628323,7.0,5.0,3.0,1.4,0.8944271909999159,0.3846153846153846,success,7,0.0910848768573173,0.0049867697944229,1.4,swift,9.192888978362427,6.79794041297493,3.912023005428146,8.158229916959494,2.0794415416798357,4.962844630259907,7.635303886259415,1.3862943611198906
20986101,Griddle,GriddleGriddle,GriddleGriddle/Griddle,Simple Grid Component written in React,https://github.com/GriddleGriddle/Griddle,JavaScript,customization|datagrid|grid|list|plugins|react|table,MIT,2014-06-19 03:13:49+00:00,2026-09-10 10:02:33+00:00,2022-10-22 02:16:08+00:00,2487,373,2487,175,9460,master,False,False,4474,12.24914442162902,8,1427,44.0,1186.0,672.0,0.5666104553119731,0.0,0.0,0.0,0.0,0.0,0.0,zero_commits,0,0.1499798954563731,0.0703659026940088,,javascript,7.81923445385907,5.924255797414532,5.170483995038151,9.154933364704444,0.0,3.8066624897703196,7.079184394609668,0.0
22067521,imgui,ocornut,ocornut/imgui,Dear ImGui: Bloat-free Graphical User interface for C++ with minimal dependencies,https://github.com/ocornut/imgui,C++,api|cplusplus|framework|game-development|game-engine|gamedev|gui|imgui|immediate-gui|library|multi-platform|native|toolkit|tools|ui,MIT,2014-07-21 14:29:47+00:00,2026-09-17 18:01:33+00:00,2026-09-17 13:17:31+00:00,76230,12039,76230,1228,131060,master,False,False,4442,12.161533196440796,0,1,428.0,9941.0,8973.0,0.9026254903933206,767.0,13.0,97.0,59.0,21.49418526020468,1.0,success,767,0.1579299488390397,0.0161091433818706,59.0,c++,11.241523483091212,9.395989718862811,7.113956109566034,11.783418142657466,6.643789733147672,6.061456918928017,9.204523486654617,4.584967478670572
22394357,osquery,osquery,osquery/osquery,"SQL powered operating system instrumentation, monitoring, and analytics.",https://github.com/osquery/osquery,C++,hacktoberfest|intrusion-detection|monitoring|security|sql,NOASSERTION,2014-07-29 20:27:33+00:00,2026-09-17 16:14:03+00:00,2026-09-17 17:42:40+00:00,23578,2597,23578,647,27923,master,False,False,4433,12.136892539356603,1,0,381.0,4204.0,713.0,0.1696003805899143,132.0,13.0,26.0,10.153846153846152,6.986250232255663,1.0,success,132,0.1101450504707778,0.0274408346763932,10.153846153846152,c++,10.068111764371048,7.862497197230545,6.473890696352274,10.237241813090293,4.890349128221754,5.945420608606575,8.344029572407049,3.295836866004329
23022345,picsum-photos,DMarby,DMarby/picsum-photos,Lorem Ipsum... but for photos.,https://github.com/DMarby/picsum-photos,Go,No topics specified,MIT,2014-08-16 16:38:49+00:00,2026-09-13 20:57:10+00:00,2026-01-30 20:15:05+00:00,2484,171,2484,2,2356,main,False,False,4415,12.087611225188228,4,230,8.0,509.0,497.0,0.9764243614931236,28.0,1.0,28.0,28.0,0.0,0.0769230769230769,success,28,0.0688405797101449,0.000805152979066,28.0,go,7.818027938530729,5.147494476813453,1.0986122886681098,7.7651449029361315,3.367295829986474,2.1972245773362196,6.234410725718371,3.367295829986474
23086893,re2,google,google/re2,"RE2 is a fast, safe, thread-friendly alternative to backtracking regular expression engines like those used in PCRE, Perl, and Python. It is a C++ library.",https://github.com/google/re2,C++,No topics specified,BSD-3-Clause,2014-08-18 21:21:26+00:00,2026-09-17 14:16:48+00:00,2026-01-22 23:28:54+00:00,9799,1243,9799,66,10559,main,False,False,4413,12.082135523613964,1,238,59.0,1143.0,907.0,0.7935258092738408,17.0,3.0,8.0,5.666666666666667,3.2145502536643185,0.2307692307692307,success,17,0.1268496785386264,0.0067353811613429,5.666666666666667,c++,9.190137664658664,7.126087273299125,4.204692619390966,9.264828557260252,2.8903717578961645,4.0943445622221,7.042286171939743,2.1972245773362196
23121722,RaftLib,RaftLib,RaftLib/RaftLib,"The RaftLib C++ library, streaming/dataflow concurrency via C++ iostream-like operators ",https://github.com/RaftLib/RaftLib,C++,c-plus-plus|cmake|dataflow|dataflow-programming|dataflow-structure|dataflows|dsl|hpc|ipc|machine|opencv|parallel|pthreads|qthread-library|qthreads|raftlib|runtime|streaming|thread|thread-library,Apache-2.0,2014-08-19 18:46:41+00:00,2026-09-01 14:20:56+00:00,2024-01-02 19:32:31+00:00,999,125,999,32,24700,master,False,False,4412,12.07939767282683,17,989,11.0,884.0,841.0,0.9513574660633484,0.0,0.0,0.0,0.0,0.0,0.0,zero_commits,0,0.1251251251251251,0.032032032032032,,c++,6.907755278982137,4.836281906951478,3.4965075614664802,10.114599007626499,0.0,2.4849066497880004,6.785587645007929,0.0
23357588,protobuf,protocolbuffers,protocolbuffers/protobuf,Protocol Buffers - Google's data interchange format,https://github.com/protocolbuffers/protobuf,C++,marshalling|protobuf|protobuf-runtime|protoc|protocol-buffers|protocol-compiler|rpc|serialization,NOASSERTION,2014-08-26 15:52:15+00:00,2026-09-17 17:20:00+00:00,2026-09-17 18:11:03+00:00,72040,16289,72040,370,240954,main,False,False,4406,12.062970568104038,0,0,368.0,19894.0,3794.0,0.1907107670654468,2521.0,13.0,285.0,193.92307692307693,63.44874773975913,1.0,success,2521,0.2261104941699056,0.0051360355358134,193.92307692307693,c++,11.184990680370673,9.69830670159609,5.916202062607435,12.39236547304637,7.8328075165248645,5.910796644040527,9.89822372286103,5.655991810819852
24151545,gulp-patterns,johnpapa,johnpapa/gulp-patterns,Playground for Gulp Recipes,https://github.com/johnpapa/gulp-patterns,JavaScript,No topics specified,No license specified,2014-09-17 15:52:39+00:00,2026-09-01 17:29:00+00:00,2018-10-31 03:55:37+00:00,499,136,499,23,33146,master,False,False,4384,12.002737850787131,16,2879,5.0,448.0,443.0,0.9888392857142856,0.0,0.0,0.0,0.0,0.0,0.0,zero_commits,0,0.2725450901803607,0.0460921843687374,,javascript,6.214608098422191,4.919980925828125,3.1780538303479458,10.408707493781284,0.0,1.791759469228055,6.1070228877422545,0.0
24579238,devtools-v6,vuejs,vuejs/devtools-v6,⚙️ Browser devtools extension for debugging Vue.js applications.,https://github.com/vuejs/devtools-v6,TypeScript,No topics specified,MIT,2014-09-29 03:52:07+00:00,2026-09-17 01:56:23+00:00,2024-09-11 14:49:24+00:00,24691,4127,24691,513,14716,main,False,False,4372,11.969883641341546,1,737,132.0,1691.0,1055.0,0.6238911886457718,0.0,0.0,0.0,0.0,0.0,0.0,zero_commits,0,0.1671459236158924,0.0207768012636183,,typescript,10.114234583513786,8.325548307161398,6.2422232654551655,9.596758567164112,0.0,4.890349128221754,7.433666540166168,0.0
28457823,freeCodeCamp,freeCodeCamp,freeCodeCamp/freeCodeCamp,"freeCodeCamp.org's open-source codebase and curriculum. Learn math, programming, and computer science for free.",https://github.com/freeCodeCamp/freeCodeCamp,TypeScript,careers|certification|community|curriculum|d3|education|freecodecamp|javascript|learn-to-code|math|nodejs|nonprofits|programming|react|teachers,BSD-3-Clause,2014-12-24 17:49:19+00:00,2026-09-17 18:07:28+00:00,2026-09-17 15:33:05+00:00,455711,46502,455711,213,581858,main,False,False,4285,11.731690622861054,0,1,381.0,25024.0,1791.0,0.0715712915601023,3536.0,13.0,468.0,272.0,92.65167744478958,1.0,success,3536,0.1020427420009611,0.0004674014891016,272.0,typescript,13.029616310019154,10.747272105623404,5.365976015021851,13.273983429320696,8.17103418920548,5.945420608606575,10.127630604183421,6.150602768446279
28515839,kcp,skywind3000,skywind3000/kcp,:zap: KCP - A Fast and Reliable ARQ Protocol,https://github.com/skywind3000/kcp,C,"accelerator, ack, arq, c, kcp, kcptun, low-latency, protocol, quic, rtc, rtt, socket, srt, tunnel, udp",MIT,2014-12-26 16:46:34+00:00,2026-09-18 08:14:54+00:00,2026-06-23 06:21:10+00:00,16908,2629,16908,196,625,master,False,False,4283,11.72621492128679,0,87,34.0,118.0,69.0,0.5847457627118644,30.0,2.0,26.0,15.0,15.556349186104043,0.1538461538461538,success,30,0.1554885261414715,0.011592145729832,15.0,c,9.735601303538429,7.874739125171811,5.2832037287379885,6.439350371100098,3.4339872044851463,3.5553480614894135,4.77912349311153,3.295836866004329
29397594,tinyrenderer,ssloy,ssloy/tinyrenderer,A brief computer graphics / rendering course,https://github.com/ssloy/tinyrenderer,C++,3d|3d-graphics|c-plus-plus|computer-graphics|cpp|engine|fun|graphics|images|learning|opengl|picture|pixels|rasterizer|rendering|rendering-engine|rendering-pipeline|shaders|software-rendering|tutorial,NOASSERTION,2015-01-17 16:46:01+00:00,2026-09-17 14:53:34+00:00,2026-07-29 12:13:12+00:00,24254,2302,24254,4,64049,master,False,False,4261,11.665982203969884,1,51,9.0,163.0,152.0,0.9325153374233128,3.0,2.0,2.0,1.5,0.7071067811865476,0.1538461538461538,success,3,0.0949121794343201,0.000164921250103,1.5,c++,10.096378060679317,7.741967899820685,1.6094379124341003,11.06741930732488,1.3862943611198906,2.302585092994046,5.099866427824199,1.0986122886681098
29613985,awslogs,jorgebastida,jorgebastida/awslogs,AWS CloudWatch logs for Humans™,https://github.com/jorgebastida/awslogs,Python,No topics specified,NOASSERTION,2015-01-21 21:02:01+00:00,2026-09-17 12:49:58+00:00,2024-05-17 01:57:44+00:00,4992,342,4992,169,1143,master,False,False,4257,11.655030800821356,1,854,34.0,304.0,239.0,0.7861842105263158,0.0,0.0,0.0,0.0,0.0,0.0,zero_commits,0,0.0685096153846153,0.0338541666666666,,python,8.51579221050061,5.8377304471659395,5.135798437050262,7.042286171939743,0.0,3.5553480614894135,5.720311776607412,0.0
30088118,besticon,mat,mat/besticon,Favicon service written in Go,https://github.com/mat/besticon,Go,favicon|go|icons|microservice|service|website,MIT,2015-01-30 19:50:12+00:00,2026-09-17 10:03:08+00:00,2026-09-06 19:15:47+00:00,998,173,998,9,9695,master,False,False,4248,11.630390143737166,1,11,15.0,550.0,509.0,0.9254545454545454,39.0,7.0,12.0,5.571428571428571,4.197504927816954,0.5384615384615384,success,39,0.1733466933867735,0.0090180360721442,5.571428571428571,go,6.906754778648554,5.159055299214529,2.302585092994046,9.179468708309095,3.6888794541139363,2.772588722239781,6.311734809152915,2.5649493574615367
30202970,learn-to-program,karlhorky,karlhorky/learn-to-program,Educational resources to learn to program (Foundation in Web Development),https://github.com/karlhorky/learn-to-program,,No topics specified,No license specified,2015-02-02 19:04:32+00:00,2026-09-17 09:31:51+00:00,2026-09-14 20:05:49+00:00,4935,250,4935,24,74,main,False,False,4245,11.62217659137577,1,3,26.0,97.0,66.0,0.6804123711340206,1.0,1.0,1.0,1.0,0.0,0.0769230769230769,success,1,0.0506585612968591,0.0048632218844984,1.0,unknown,8.504310565585223,5.5254529391317835,3.2188758248682006,4.31748811353631,0.6931471805599453,3.295836866004329,4.584967478670572,0.6931471805599453
30203935,metabase,metabase,metabase/metabase,The easy-to-use open source Business Intelligence and Embedded Analytics tool that lets everyone work with data :bar_chart:,https://github.com/metabase/metabase,Clojure,analytics|bi|business-intelligence|businessintelligence|clojure|dashboard|data|data-analysis|data-visualization|database|metabase|mysql|postgres|postgresql|reporting|slack|sql-editor|visualization,NOASSERTION,2015-02-02 19:25:47+00:00,2026-09-17 17:58:07+00:00,2026-09-17 18:16:20+00:00,49310,6824,49310,4392,2332276,master,False,False,4245,11.62217659137577,0,0,391.0,42226.0,4773.0,0.1130346232179226,6755.0,13.0,724.0,519.6153846153846,135.70835055462285,1.0,success,6755,0.1383897789495031,0.0890691543297505,519.6153846153846,clojure,10.805902458874636,8.82834762005316,8.38776764397578,14.662355601559712,8.81818627792769,5.971261839790462,10.650815105859214,6.586171654854675
31365325,JsBridge,happydog-intj,happydog-intj/JsBridge,"android java and javascript bridge, inspired by wechat webview jsbridge",https://github.com/happydog-intj/JsBridge,Java,No topics specified,No license specified,2015-02-26 12:10:58+00:00,2026-09-17 09:35:08+00:00,2026-09-12 04:06:55+00:00,9909,2002,9909,133,1316,master,False,False,4222,11.55920602327173,1,6,21.0,85.0,52.0,0.611764705882353,8.0,1.0,8.0,8.0,0.0,0.0769230769230769,success,8,0.2020385508123927,0.0134221414875365,8.0,java,9.201299627324033,7.602401335665818,4.897839799950911,7.183111701743281,2.1972245773362196,3.091042453358316,4.454347296253507,2.1972245773362196
31686893,go-pry,d4l3k,d4l3k/go-pry,An interactive REPL for Go that allows you to drop into your code at any point.,https://github.com/d4l3k/go-pry,Go,"go, interpreter, repl",MIT,2015-03-05 00:10:14+00:00,2026-08-28 17:30:15+00:00,2023-02-21 05:42:01+00:00,3004,65,3004,8,249,master,False,False,4215,11.540041067761807,20,1305,6.0,192.0,180.0,0.9375,0.0,0.0,0.0,0.0,0.0,0.0,zero_commits,0,0.0216378162450066,0.0026631158455392,,go,8.008032846969307,4.189654742026425,2.1972245773362196,5.521460917862246,0.0,1.9459101490553132,5.262690188904886,0.0
32243098,pulp,coin-or,coin-or/pulp,A python Linear Programming API,https://github.com/coin-or/pulp,Python,constraints|mip|pulp|python|solver,NOASSERTION,2015-03-15 03:21:16+00:00,2026-09-12 23:02:16+00:00,2026-08-14 15:32:13+00:00,2483,433,2483,38,101606,master,False,False,4205,11.512662559890488,5,35,103.0,478.0,166.0,0.3472803347280335,49.0,6.0,20.0,8.166666666666666,7.909909396868378,0.4615384615384615,success,49,0.1743858236004833,0.0153040676600886,8.166666666666666,python,7.81762544305337,6.073044534100405,3.6635616461296463,11.528867709390981,3.912023005428146,4.6443908991413725,6.171700597410915,3.044522437723423
32484381,free-for-dev,ripienaar,ripienaar/free-for-dev,"A list of SaaS, PaaS and IaaS offerings that have free tiers of interest to devops and infradev",https://github.com/ripienaar/free-for-dev,HTML,awesome-list|free-for-developers,No license specified,2015-03-18 21:06:26+00:00,2026-09-17 18:17:18+00:00,2026-09-17 11:35:14+00:00,137687,14506,137687,11,10721,master,False,False,4201,11.501711156741958,0,1,439.0,5102.0,3189.0,0.6250490003920032,803.0,13.0,117.0,61.76923076923077,29.53854500522396,1.0,success,803,0.1053548991553305,7.989134776703683e-05,61.76923076923077,html,11.832745534949817,9.582386570538903,2.4849066497880004,9.280052984387483,6.6895992691789665,6.0867747269123065,8.537583881063972,4.770684624465665
33200340,react-native-linear-gradient,react-native-linear-gradient,react-native-linear-gradient/react-native-linear-gradient,A <LinearGradient /> component for react-native,https://github.com/react-native-linear-gradient/react-native-linear-gradient,TypeScript,No topics specified,MIT,2015-03-31 17:44:40+00:00,2026-09-12 09:00:18+00:00,2026-02-20 18:46:02+00:00,4956,705,4956,180,2476,master,False,False,4188,11.46611909650924,6,209,95.0,539.0,169.0,0.313543599257885,48.0,3.0,24.0,16.0,7.211102550927978,0.2307692307692307,success,48,0.1422518159806295,0.036319612590799,16.0,typescript,8.508555998020574,6.559615237493242,5.198497031265826,7.814803429489359,3.8918202981106265,4.564348191467836,6.29156913955832,3.2188758248682006
33486016,Kingfisher,onevcat,onevcat/Kingfisher,"A lightweight, pure-Swift library for downloading and caching images from the web.",https://github.com/onevcat/Kingfisher,Swift,cache|filters|image|image-processor|ios|kingfisher|macos|swift|xcode,MIT,2015-04-06 14:26:21+00:00,2026-09-17 15:43:07+00:00,2026-09-15 16:42:10+00:00,24402,2772,24402,175,7850,master,False,False,4183,11.45242984257358,1,2,211.0,3353.0,2834.0,0.8452132418729495,300.0,13.0,49.0,23.07692307692308,14.050276026123344,1.0,success,300,0.1135972461273666,0.0071715433161216,23.07692307692308,swift,10.102461354543133,7.927685045615778,5.170483995038151,8.968396191198256,5.707110264748875,5.356586274672012,8.117908942383155,3.912023005428146
33569135,RxSwift,ReactiveX,ReactiveX/RxSwift,Reactive Programming in Swift,https://github.com/ReactiveX/RxSwift,Swift,functional|ios|observer|reactive|reactivex|rxswift|swift|unidirectional,MIT,2015-04-07 21:25:17+00:00,2026-09-17 15:41:46+00:00,2026-09-04 18:37:03+00:00,24642,4154,24642,15,96683,main,False,False,4181,11.446954140999315,1,13,365.0,3361.0,1712.0,0.5093722106515918,42.0,4.0,23.0,10.5,10.3440804327886,0.3076923076923077,success,42,0.1685739793847901,0.000608716824933,10.5,swift,10.112248163482885,8.332067707289548,2.772588722239781,11.479203207565197,3.7612001156935624,5.902633333401366,8.120291313968561,3.1780538303479458
33614304,thefuck,nvbn,nvbn/thefuck,Magnificent app which corrects your previous console command.,https://github.com/nvbn/thefuck,Python,python|shell,MIT,2015-04-08 15:08:04+00:00,2026-09-17 17:11:50+00:00,2024-07-19 14:56:13+00:00,97862,3959,97862,458,4043,master,False,False,4181,11.446954140999315,0,791,168.0,1592.0,930.0,0.5841708542713567,0.0,0.0,0.0,0.0,0.0,0.0,zero_commits,0,0.0404549263248247,0.0046800596758701,,python,11.491323820412468,8.283999304248526,6.129050210060545,8.304989580140361,0.0,5.1298987149230735,7.373374309910049,0.0
33943153,cssnano,cssnano,cssnano/cssnano,"A modular CSS minifier, built on top of the PostCSS ecosystem.",https://github.com/cssnano/cssnano,CSS,css|cssnano|minification|optimisation|postcss,MIT,2015-04-14 16:23:09+00:00,2026-09-17 09:35:09+00:00,2026-09-17 16:09:57+00:00,4975,330,4975,54,43607,main,False,False,4175,11.430527036276525,1,1,117.0,2988.0,1444.0,0.4832663989290495,447.0,11.0,231.0,40.63636363636363,66.1895350146422,0.8461538461538461,success,447,0.0663316582914572,0.0108542713567839,40.63636363636363,css,8.512381634419015,5.802118375377063,4.007333185232471,10.682995898744117,6.104793232414985,4.770684624465665,8.002694162283937,5.44673737166631
35534645,v2ex-android,greatyao,greatyao/v2ex-android,爱V2EX（原掌上V2EX）,https://github.com/greatyao/v2ex-android,Java,No topics specified,No license specified,2015-05-13 07:30:18+00:00,2026-09-01 14:37:03+00:00,2019-05-29 14:06:13+00:00,499,136,499,2,4837,v2ex2,False,False,4146,11.351129363449692,17,2669,3.0,209.0,206.0,0.985645933014354,0.0,0.0,0.0,0.0,0.0,0.0,zero_commits,0,0.2725450901803607,0.0040080160320641,,java,6.214608098422191,4.919980925828125,1.0986122886681098,8.484256691169973,0.0,1.3862943611198906,5.3471075307174685,0.0
36267537,purifycss,purifycss,purifycss/purifycss,Remove unused CSS. Also works with single-page apps.,https://github.com/purifycss/purifycss,JavaScript,No topics specified,MIT,2015-05-26 02:42:17+00:00,2026-09-16 13:04:09+00:00,2020-10-17 03:45:35+00:00,9842,377,9842,80,349,master,False,False,4133,11.315537303216974,2,2162,17.0,271.0,196.0,0.7232472324723247,0.0,0.0,0.0,0.0,0.0,0.0,zero_commits,0,0.0383052225157488,0.0081284291810607,,javascript,9.194515821629212,5.934894195619588,4.394449154672439,5.857933154483459,0.0,2.8903717578961645,5.605802066295998,0.0
36633370,awesome-selfhosted,awesome-selfhosted,awesome-selfhosted/awesome-selfhosted,A list of Free Software network services and web applications which can be hosted on your own servers,https://github.com/awesome-selfhosted/awesome-selfhosted,,awesome|awesome-list|cloud|free-software|hosting|privacy|self-hosted|selfhosted,NOASSERTION,2015-06-01 02:33:17+00:00,2026-09-17 18:15:34+00:00,2026-09-15 18:43:10+00:00,319878,15027,319878,0,17365,master,False,False,4127,11.299110198494182,0,2,398.0,5076.0,2164.0,0.4263199369582348,246.0,13.0,32.0,18.923076923076923,7.041088202609245,1.0,success,246,0.0469772850899405,0.0,18.923076923076923,unknown,12.675698078268626,9.61767040669386,0.0,9.76226955062059,5.5093883366279774,5.988961416889864,8.532475814947395,3.4965075614664802
36959618,DistributedLock,madelson,madelson/DistributedLock,A .NET library for distributed synchronization,https://github.com/madelson/DistributedLock,C#,No topics specified,MIT,2015-06-05 23:05:02+00:00,2026-09-10 14:06:14+00:00,2026-07-15 00:44:09+00:00,2485,248,2485,68,2216,master,False,False,4122,11.285420944558522,8,65,21.0,632.0,536.0,0.8481012658227848,97.0,8.0,44.0,12.125,13.600814051267037,0.6153846153846154,success,97,0.0997987927565392,0.0273641851106639,12.125,c#,7.818430272070656,5.517452896464707,4.23410650459726,7.7039102096163115,4.584967478670572,3.091042453358316,6.450470422144176,3.8066624897703196
36997653,TOCropViewController,TimOliver,TimOliver/TOCropViewController,A view controller for iOS that allows users to crop portions of UIImage objects,https://github.com/TimOliver/TOCropViewController,Objective-C,cocoapods|crop|crop-image|cropper|cropping|image|image-processing|ios|podfile|swift|uiimage|view|viewcontroller,MIT,2015-06-06 22:53:07+00:00,2026-09-16 01:26:18+00:00,2026-07-28 15:53:56+00:00,4948,1022,4948,106,9073,main,False,False,4121,11.28268309377139,2,52,97.0,1010.0,770.0,0.7623762376237624,120.0,6.0,45.0,20.0,18.02220852171009,0.4615384615384615,success,120,0.2065481002425222,0.0214227970897332,20.0,objective-c,8.506940814951886,6.930494765951626,4.672828834461906,9.113168460223909,4.795790545596741,4.584967478670572,6.918695219020472,3.828641396489095
37164499,laravel-dynamodb,baopham,baopham/laravel-dynamodb,Eloquent syntax for DynamoDB ,https://github.com/baopham/laravel-dynamodb,PHP,aws|dynamodb|laravel|php,MIT,2015-06-09 23:37:12+00:00,2026-09-01 14:35:05+00:00,2026-04-15 03:03:14+00:00,499,136,499,25,104489,master,False,False,4118,11.274469541409994,17,156,35.0,346.0,242.0,0.6994219653179191,5.0,3.0,3.0,1.6666666666666667,1.1547005383792517,0.2307692307692307,success,5,0.2725450901803607,0.0501002004008016,1.6666666666666667,php,6.214608098422191,4.919980925828125,3.258096538021482,11.556846652028156,1.791759469228055,3.58351893845611,5.849324779946859,1.3862943611198906
39198097,Brainfock,Brainfock,Brainfock/Brainfock,"Project Management & Team Collaboration: Issues, Bug Tracking, Sales (NodeJs / React.js)",https://github.com/Brainfock/Brainfock,JavaScript,No topics specified,NOASSERTION,2015-07-16 13:24:08+00:00,2026-09-01 14:35:29+00:00,2021-10-18 10:09:08+00:00,499,130,499,15,1087,master,False,False,4082,11.175906913073238,17,1796,7.0,19.0,6.0,0.3157894736842105,0.0,0.0,0.0,0.0,0.0,0.0,zero_commits,0,0.2605210420841683,0.0300601202404809,,javascript,6.214608098422191,4.875197323201151,2.772588722239781,6.992096427415888,0.0,2.0794415416798357,2.995732273553991,0.0
39333020,MBCircularProgressBar,MatiBot,MatiBot/MBCircularProgressBar,"A circular, animatable & highly customizable progress bar from the Interface Builder (Objective-C)",https://github.com/MatiBot/MBCircularProgressBar,Objective-C,No topics specified,MIT,2015-07-19 12:29:19+00:00,2026-09-01 14:20:39+00:00,2024-05-07 16:14:39+00:00,999,178,999,53,1366,master,False,False,4079,11.16769336071184,17,864,5.0,13.0,4.0,0.3076923076923077,0.0,0.0,0.0,0.0,0.0,0.0,zero_commits,0,0.1781781781781782,0.053053053053053,,objective-c,6.907755278982137,5.187385805840755,3.9889840465642745,7.220373836723949,0.0,1.791759469228055,2.6390573296152584,0.0
40276274,zig,ziglang,ziglang/zig,Moved to Codeberg,https://github.com/ziglang/zig,Zig,compiler|language|zig,MIT,2015-08-06 00:51:28+00:00,2026-09-17 14:09:13+00:00,2025-11-27 01:42:59+00:00,43306,3205,43306,2823,379756,master,False,False,4061,11.118412046543463,1,295,397.0,34287.0,13495.0,0.3935894070639018,1201.0,3.0,652.0,400.3333333333333,218.3078865578001,0.2307692307692307,success,1201,0.0740082205698979,0.0651872719715512,400.3333333333333,zig,10.676069563742107,8.072779333169498,7.945909598613133,12.847286853467853,7.091742115095153,5.986452005284438,10.442550717713358,6.481577129276431
40905410,hacker-menu,owenthereal,owenthereal/hacker-menu,Hacker News Delivered to Desktop :dancers:,https://github.com/owenthereal/hacker-menu,JavaScript,No topics specified,MIT,2015-08-17 15:21:43+00:00,2026-09-09 08:57:54+00:00,2018-10-10 22:14:31+00:00,998,68,998,10,382,master,False,False,4050,11.08829568788501,9,2899,4.0,176.0,161.0,0.9147727272727272,0.0,0.0,0.0,0.0,0.0,0.0,zero_commits,0,0.0681362725450901,0.0100200400801603,,javascript,6.906754778648554,4.23410650459726,2.3978952727983707,5.948034989180646,0.0,1.6094379124341003,5.176149732573829,0.0
41881900,vscode,microsoft,microsoft/vscode,Visual Studio Code,https://github.com/microsoft/vscode,TypeScript,editor|electron|microsoft|typescript|visual-studio-code,MIT,2015-09-03 20:23:38+00:00,2026-09-17 18:01:25+00:00,2026-09-17 18:05:27+00:00,192634,42482,192634,21243,1464213,main,False,False,4032,11.039014373716633,0,0,315.0,140969.0,14748.0,0.104618745965425,26590.0,13.0,3126.0,2045.3846153846157,693.7531427510244,1.0,success,26590,0.2205322009614087,0.1102764828638765,2045.3846153846157,typescript,12.168552485616251,10.656859274891168,9.96382978154229,14.196829137684277,10.188328091653252,5.755742213586912,11.856302380764971,8.047829357457841
41912791,v2ray-core,v2ray,v2ray/v2ray-core,A platform for building proxies to bypass network restrictions.,https://github.com/v2ray/v2ray-core,Go,golang|http-proxy|proxy|shadowsocks|socks|socks5|v2ray|vmess,MIT,2015-09-04 11:42:53+00:00,2026-09-17 13:05:15+00:00,2026-08-31 03:24:40+00:00,46933,8808,46933,16,55173,master,False,False,4032,11.039014373716633,1,18,83.0,5335.0,4137.0,0.7754451733833178,0.0,0.0,0.0,0.0,0.0,0.0,zero_commits,0,0.1876717874416721,0.0003409115121556,,go,10.756497638482541,9.083529205109796,2.833213344056216,10.918247106810263,0.0,4.430816798843313,8.58223158759546,0.0
42489829,rustlings,rust-lang,rust-lang/rustlings,:crab: Small exercises to get you used to reading and writing Rust code!,https://github.com/rust-lang/rustlings,Rust,beginner-friendly|exercises|rust|rustlings,MIT,2015-09-15 02:25:18+00:00,2026-09-17 14:45:51+00:00,2026-08-30 07:00:57+00:00,64163,11256,64163,35,4438,main,False,False,4021,11.00889801505818,1,19,414.0,3075.0,1007.0,0.3274796747967479,154.0,11.0,36.0,14.0,13.0843417870369,0.8461538461538461,success,154,0.1754282062871125,0.0005454857160668,14.0,rust,11.069197584736731,9.328745436354804,3.58351893845611,8.398184404834035,5.043425116919247,6.028278520230698,8.031385330625534,3.6109179126442243
44154770,LJSON,VictorTaelin,VictorTaelin/LJSON,JSON extended with pure functions.,https://github.com/VictorTaelin/LJSON,JavaScript,No topics specified,MIT,2015-10-13 05:46:23+00:00,2026-09-08 06:37:46+00:00,2017-07-12 03:21:55+00:00,499,12,499,2,36,master,False,False,3993,10.93223819301848,10,3355,3.0,43.0,40.0,0.9302325581395348,0.0,0.0,0.0,0.0,0.0,0.0,zero_commits,0,0.0240480961923847,0.0040080160320641,,javascript,6.214608098422191,2.5649493574615367,1.0986122886681098,3.6109179126442243,0.0,1.3862943611198906,3.784189633918261,0.0
44571718,awesome-vue,vuejs,vuejs/awesome-vue,🎉 A curated list of awesome things related to Vue.js,https://github.com/vuejs/awesome-vue,,No topics specified,MIT,2015-10-20 00:16:14+00:00,2026-09-17 15:29:18+00:00,2026-09-17 11:25:36+00:00,73543,9452,73543,86,12436,master,False,False,3986,10.913073237508556,1,1,435.0,2908.0,978.0,0.3363136176066025,120.0,12.0,24.0,10.0,8.355727485873496,0.9230769230769232,success,120,0.1285234488666494,0.0011693838978556,10.0,unknown,11.205639145543591,9.154087430425385,4.465908118654584,9.42843117965374,4.795790545596741,6.077642243349034,7.975564658495202,3.2188758248682006
44882201,awesome-for-beginners,MunGell,MunGell/awesome-for-beginners,A list of awesome beginners-friendly projects.,https://github.com/MunGell/awesome-for-beginners,,awesome|awesome-list|beginner-project|beginners-friendly|list,No license specified,2015-10-24 19:53:36+00:00,2026-09-17 18:02:55+00:00,2026-07-25 07:00:20+00:00,89343,8003,89343,152,952,main,False,False,3981,10.899383983572896,0,55,322.0,939.0,265.0,0.2822151224707135,82.0,9.0,31.0,9.11111111111111,12.454361128179604,0.6923076923076923,success,82,0.0895761279563032,0.0017013084405045,9.11111111111111,unknown,11.40024936668199,8.987696695703624,5.030437921392435,6.859614903654202,4.418840607796598,5.777652323222656,6.84587987526405,3.4657359027997265
45144378,sidekiq-throttled,ixti,ixti/sidekiq-throttled,Concurrency and rate-limit throttling for Sidekiq,https://github.com/ixti/sidekiq-throttled,Ruby,"concurrency, sidekiq, threshold, throttling",MIT,2015-10-28 21:58:59+00:00,2026-09-15 17:54:36+00:00,2026-08-15 23:56:11+00:00,801,97,801,30,626,main,False,False,3977,10.888432580424366,2,33,47.0,334.0,268.0,0.8023952095808383,13.0,3.0,8.0,4.333333333333333,3.214550253664318,0.2307692307692307,success,13,0.1210986267166042,0.0374531835205992,4.333333333333333,ruby,6.687108607866515,4.584967478670572,3.4339872044851463,6.440946540632921,2.6390573296152584,3.871201010907891,5.814130531825066,2.1972245773362196
45680749,OSX-KVM,kholia,kholia/OSX-KVM,Run macOS on QEMU/KVM. With OpenCore + Monterey + Ventura + Sonoma support now! Only commercial (paid) support is available now to avoid spammy issues. No Mac system is required.,https://github.com/kholia/OSX-KVM,Shell,catalina-hackinotsh|emulation|hackintosh|kernel-debugging|kvm|macos|macos-installer|osx|qemu|qemu-kvm|sonoma|sonoma-hackintosh|tahoe|tahoe-hackintosh|ventura|ventura-hackintosh|virtualization,No license specified,2015-11-06 12:27:28+00:00,2026-09-17 07:29:24+00:00,2026-01-26 07:36:59+00:00,23644,2039,23644,21,169171,master,False,False,3969,10.86652977412731,1,235,17.0,44.0,23.0,0.5227272727272727,5.0,2.0,4.0,2.5,2.1213203435596424,0.1538461538461538,success,5,0.0862375232617154,0.0008881745897479,2.5,shell,10.070906955077977,7.620705086838262,3.091042453358316,12.038671227826597,1.791759469228055,2.8903717578961645,3.8066624897703196,1.6094379124341003
47726042,WiFiAnalyzer,VREMSoftwareDevelopment,VREMSoftwareDevelopment/WiFiAnalyzer,Android application to analyze Wi-Fi signals.,https://github.com/VREMSoftwareDevelopment/WiFiAnalyzer,Kotlin,android|gplv3|wifi-analyzer|wifi-network,GPL-3.0,2015-12-09 23:37:23+00:00,2026-09-17 17:42:03+00:00,2026-09-12 18:42:39+00:00,4964,760,4964,9,27610,main,False,False,3935,10.77344284736482,0,5,51.0,2009.0,1881.0,0.9362867098058736,76.0,12.0,24.0,6.333333333333333,7.010814157536566,0.9230769230769232,success,76,0.153102336825141,0.0018130539887187,6.333333333333333,kotlin,8.510168576479273,6.634633357861686,2.302585092994046,10.225969523029635,4.343805421853684,3.9512437185814275,7.605890001053122,3.2188758248682006
48200340,gffread,gpertea,gpertea/gffread,"GFF/GTF utility providing format conversions, region filtering, FASTA sequence extraction and more",https://github.com/gpertea/gffread,C++,No topics specified,MIT,2015-12-17 21:56:18+00:00,2026-09-16 09:27:45+00:00,2026-07-07 20:26:28+00:00,499,46,499,91,1267,master,False,False,3927,10.75154004106776,2,72,3.0,176.0,173.0,0.9829545454545454,1.0,1.0,1.0,1.0,0.0,0.0769230769230769,success,1,0.0921843687374749,0.1823647294589178,1.0,c++,6.214608098422191,3.8501476017100584,4.5217885770490405,7.145196134997171,0.6931471805599453,1.3862943611198906,5.176149732573829,0.6931471805599453
49280918,LeeCo,Nightonke,Nightonke/LeeCo,"LeeCo is an awesome app for (including unlock) problems, solutions, discuss(from leetcode) and comments.",https://github.com/Nightonke/LeeCo,Java,No topics specified,No license specified,2016-01-08 15:50:59+00:00,2026-09-01 14:35:01+00:00,2016-05-23 02:28:24+00:00,499,98,499,6,10877,master,False,False,3906,10.694045174537989,17,3770,1.0,75.0,75.0,1.0,0.0,0.0,0.0,0.0,0.0,0.0,zero_commits,0,0.1963927855711423,0.0120240480961923,,java,6.214608098422191,4.59511985013459,1.9459101490553132,9.294497679982905,0.0,0.6931471805599453,4.330733340286331,0.0
50936918,wait-for-it,vishnubob,vishnubob/wait-for-it,Pure bash script to test and wait on the availability of a TCP host and port,https://github.com/vishnubob/wait-for-it,Python,No topics specified,MIT,2016-02-02 17:06:22+00:00,2026-09-08 11:41:39+00:00,2024-06-10 23:39:24+00:00,9769,2232,9769,73,29,master,False,False,3880,10.622861054072551,10,829,8.0,23.0,14.0,0.6086956521739131,0.0,0.0,0.0,0.0,0.0,0.0,zero_commits,0,0.2284778380591667,0.0074726174634046,,python,9.187071745036828,7.711101251840158,4.30406509320417,3.4011973816621555,0.0,2.1972245773362196,3.1780538303479458,0.0
51283181,legend,asLody,asLody/legend,A framework for hook java methods.,https://github.com/asLody/legend,Java,No topics specified,No license specified,2016-02-08 06:50:27+00:00,2026-09-05 14:23:21+00:00,2022-07-23 06:09:39+00:00,1606,365,1606,31,809,master,False,False,3875,10.609171800136892,13,1518,3.0,6.0,3.0,0.5,0.0,0.0,0.0,0.0,0.0,0.0,zero_commits,0,0.2272727272727272,0.0193026151930261,,java,7.382124365737512,5.902633333401366,3.4657359027997265,6.697034247666484,0.0,1.3862943611198906,1.9459101490553132,0.0
52110639,pybliometrics,pybliometrics-dev,pybliometrics-dev/pybliometrics,Python-based API-Wrapper to access Scopus,https://github.com/pybliometrics-dev/pybliometrics,Python,api-wrapper|bibliometrics|scopus|scopus-api,NOASSERTION,2016-02-19 19:19:26+00:00,2026-09-11 13:16:30+00:00,2026-02-27 13:03:46+00:00,499,146,499,12,2682,master,False,False,3863,10.576317590691309,7,203,36.0,934.0,752.0,0.8051391862955032,16.0,5.0,7.0,3.2,2.4899799195977463,0.3846153846153846,success,16,0.2925851703406814,0.0240480961923847,3.2,python,6.214608098422191,4.990432586778736,2.5649493574615367,7.894690850425624,2.833213344056216,3.6109179126442243,6.840546529288687,2.0794415416798357
52270857,postman-collection,postmanlabs,postmanlabs/postman-collection,Javascript module that allows a developer to work with Postman Collections,https://github.com/postmanlabs/postman-collection,JavaScript,postman-apps|postman-collection|sdk,Apache-2.0,2016-02-22 12:08:36+00:00,2026-09-12 11:12:42+00:00,2026-07-28 02:27:42+00:00,499,239,499,70,6010,develop,False,False,3861,10.570841889117045,6,52,52.0,2892.0,686.0,0.2372060857538035,14.0,3.0,6.0,4.666666666666667,1.1547005383792517,0.2307692307692307,success,14,0.4789579158316633,0.1402805611222445,4.666666666666667,javascript,6.214608098422191,5.480638923341991,4.2626798770413155,8.701346403039162,2.70805020110221,3.970291913552122,7.970049304976135,1.9459101490553132
52285269,makeyourownneuralnetwork,makeyourownneuralnetwork,makeyourownneuralnetwork/makeyourownneuralnetwork,Code for the Make Your Own Neural Network book,https://github.com/makeyourownneuralnetwork/makeyourownneuralnetwork,Jupyter Notebook,No topics specified,GPL-2.0,2016-02-22 15:58:18+00:00,2026-09-16 21:11:05+00:00,2024-01-24 17:50:15+00:00,2496,1503,2496,16,238,master,False,False,3861,10.570841889117045,1,967,3.0,59.0,57.0,0.9661016949152542,0.0,0.0,0.0,0.0,0.0,0.0,zero_commits,0,0.6021634615384616,0.0064102564102564,,jupyter notebook,7.822845290279774,7.315883504509785,2.833213344056216,5.476463551931511,0.0,1.3862943611198906,4.0943445622221,0.0
52316423,react-native-config,react-native-config,react-native-config/react-native-config,Bring some 12 factor love to your mobile apps!,https://github.com/react-native-config/react-native-config,Ruby,No topics specified,MIT,2016-02-23 00:19:11+00:00,2026-09-12 09:00:28+00:00,2026-09-10 08:23:33+00:00,4955,657,4955,299,5409,master,False,False,3860,10.568104038329912,6,8,119.0,315.0,97.0,0.3079365079365079,29.0,2.0,21.0,14.5,9.192388155425116,0.1538461538461538,success,29,0.1325933400605449,0.060343087790111,14.5,ruby,8.508354242749032,6.489204931325317,5.703782474656201,8.596004371840527,3.4011973816621555,4.787491742782046,5.755742213586912,3.091042453358316
53631945,ripgrep,BurntSushi,BurntSushi/ripgrep,ripgrep recursively searches directories for a regex pattern while respecting your gitignore,https://github.com/BurntSushi/ripgrep,Rust,cli|command-line|command-line-tool|gitignore|grep|recursively-search|regex|ripgrep|rust|search,Unlicense,2016-03-11 02:02:33+00:00,2026-09-17 18:13:07+00:00,2026-08-04 13:59:44+00:00,68400,2858,68400,199,5700,master,False,False,3843,10.521560574948666,0,45,438.0,2234.0,1574.0,0.7045658012533572,227.0,9.0,77.0,25.22222222222222,33.529008998842244,0.6923076923076923,success,227,0.0417836257309941,0.0029093567251461,25.22222222222222,rust,11.133142723386813,7.958227192322312,5.298317366548036,8.648396877031582,5.429345628954441,6.0844994130751715,7.711996507047669,4.356708826689592
55608993,yasea,begeekmyfriend,begeekmyfriend/yasea,RTMP live streaming client for Android,https://github.com/begeekmyfriend/yasea,C++,android|android-development|android-library|android-sdk|camera|gles|glsl|live-streaming|media|opengles|rtmp|rtmp-stream|shader,MIT,2016-04-06 13:37:53+00:00,2026-09-14 16:26:10+00:00,2026-04-13 03:33:27+00:00,4938,1311,4938,285,27326,master,False,False,3817,10.45037645448323,4,158,14.0,405.0,356.0,0.8790123456790123,1.0,1.0,1.0,1.0,0.0,0.0769230769230769,success,1,0.2654921020656136,0.0577156743620899,1.0,c++,8.504918160540624,7.179307969504034,5.655991810819852,10.21563050341292,0.6931471805599453,2.70805020110221,6.0063531596017325,0.6931471805599453
56901410,py-webrtcvad,wiseman,wiseman/py-webrtcvad,Python interface to the WebRTC Voice Activity Detector ,https://github.com/wiseman/py-webrtcvad,C,No topics specified,NOASSERTION,2016-04-23 05:03:52+00:00,2026-09-14 12:36:33+00:00,2024-07-04 02:23:24+00:00,2499,429,2499,51,250,master,False,False,3800,10.403832991101986,4,806,7.0,78.0,69.0,0.8846153846153846,0.0,0.0,0.0,0.0,0.0,0.0,zero_commits,0,0.1716686674669868,0.0204081632653061,,c,7.824046010856292,6.063785208687608,3.9512437185814275,5.5254529391317835,0.0,2.0794415416798357,4.3694478524670215,0.0
56933990,geometry,geometry-zsh,geometry-zsh/geometry,"geometry is a minimal, composable zsh prompt",https://github.com/geometry-zsh/geometry,Shell,geometry|prompt|shell|theme|zsh,ISC,2016-04-23 18:16:36+00:00,2026-09-14 06:40:09+00:00,2025-01-13 16:25:54+00:00,997,97,997,14,4388,main,False,False,3799,10.401095140314853,4,613,37.0,181.0,60.0,0.3314917127071823,0.0,0.0,0.0,0.0,0.0,0.0,zero_commits,0,0.0972918756268806,0.0140421263791374,,shell,6.905753276311464,4.584967478670572,2.70805020110221,8.386856689688234,0.0,3.6375861597263857,5.204006687076795,0.0
57165232,kit,HugoBlox,HugoBlox/kit,"🧱 Describe your site, AI builds it, you own it as Markdown. Snap together Tailwind blocks like Lego — landing pages, blogs, portfolios, docs & more. No AI slop. Free to deploy anywhere 👇",https://github.com/HugoBlox/kit,HTML,academic|blog|documentation-tool|github-pages|hugo|hugo-theme|hugoblox|jupyter|landing-page|netlify|page-builder|personal-website|portfolio|r|rmarkdown|rstudio|static-site-generator|vercel|website-builder|website-template,MIT,2016-04-26 22:09:15+00:00,2026-09-17 16:22:37+00:00,2026-08-04 04:38:22+00:00,9721,2954,9721,24,80148,main,False,False,3796,10.392881587953456,1,45,193.0,2254.0,1830.0,0.8118899733806566,305.0,9.0,75.0,33.888888888888886,17.645427484510286,0.6923076923076923,success,305,0.3038782018310873,0.0024688818022837,33.888888888888886,html,9.1821466376054,7.991253929840199,3.2188758248682006,11.291642681353503,5.723585101952381,5.267858159063328,7.720905251936779,4.330733340286331
59951874,Competitive-programming-library,AhmadElsagheer,AhmadElsagheer/Competitive-programming-library,Code library for competitive programming purposes.,https://github.com/AhmadElsagheer/Competitive-programming-library,Java,No topics specified,CC-BY-4.0,2016-05-29 16:04:20+00:00,2026-09-17 12:41:28+00:00,2022-07-02 22:23:58+00:00,2489,475,2489,24,278,master,False,False,3764,10.30527036276523,1,1538,16.0,212.0,175.0,0.8254716981132075,0.0,0.0,0.0,0.0,0.0,0.0,zero_commits,0,0.1908396946564885,0.0096424266773804,,java,7.820037989458753,6.16541785423142,3.2188758248682006,5.631211781821365,0.0,2.833213344056216,5.3612921657094255,0.0
60493101,coding-interview-university,jwasham,jwasham/coding-interview-university,A complete computer science study plan to become a software engineer.,https://github.com/jwasham/coding-interview-university,,algorithm|algorithms|coding-interview|coding-interviews|computer-science|data-structures|interview|interview-prep|interview-preparation|programming-interviews|software-engineering|study-plan,CC-BY-SA-4.0,2016-06-06 02:34:12+00:00,2026-09-17 17:43:48+00:00,2025-08-28 14:42:47+00:00,361104,84841,361104,125,22700,main,False,False,3756,10.283367556468171,0,386,309.0,2200.0,877.0,0.3986363636363636,0.0,0.0,0.0,0.0,0.0,0.0,zero_commits,0,0.2349489343790154,0.0003461606628561,,unknown,12.796924053749581,11.348545982186712,4.836281906951478,10.030164255362632,0.0,5.736572297479192,7.696667081526462,0.0
61980073,MagicIndicator,hackware1993,hackware1993/MagicIndicator,"A powerful, customizable and extensible ViewPager indicator framework. As the best alternative of ViewPagerIndicator, TabLayout and PagerSlidingTabStrip   ——   强大、可定制、易扩展的 ViewPager 指示器框架。是ViewPagerIndicator、TabLayout、PagerSlidingTabStrip的最佳替代品。支持角标，更支持在非ViewPager场景下使用（使用hide()、show()切换Fragment或使用setVisibility切换FrameLayout里的View等），http://www.jianshu.com/p/f3022211821c",https://github.com/hackware1993/MagicIndicator,Java,indicator|pagerslidingtabstrip|tablayout|viewpager|viewpagerindicator,No license specified,2016-06-26 08:20:43+00:00,2026-09-13 13:47:17+00:00,2024-12-07 07:46:58+00:00,9792,1549,9792,187,54749,main,False,False,3736,10.22861054072553,5,650,1.0,5.0,5.0,1.0,0.0,0.0,0.0,0.0,0.0,0.0,zero_commits,0,0.1581903594771241,0.0190972222222222,,java,9.189423123720795,7.346010209913293,5.236441962829949,10.910532647678748,0.0,0.6931471805599453,1.791759469228055,0.0
62607227,tech-interview-handbook,yangshun,yangshun/tech-interview-handbook,Curated coding interview preparation materials for busy software engineers,https://github.com/yangshun/tech-interview-handbook,TypeScript,algorithm|algorithm-interview|algorithm-interview-questions|algorithms|behavioral-interviews|coding-interviews|interview-practice|interview-preparation|interview-questions|system-design,MIT,2016-07-05 05:00:48+00:00,2026-09-17 17:43:10+00:00,2026-08-07 12:06:42+00:00,142788,16825,142788,37,33702,main,False,False,3727,10.203969883641342,0,42,176.0,1324.0,646.0,0.4879154078549849,24.0,6.0,13.0,4.0,4.47213595499958,0.4615384615384615,success,24,0.1178320307028601,0.0002591254167016,4.0,typescript,11.86912329510827,9.73068058811076,3.6375861597263857,10.425342133149853,3.2188758248682006,5.176149732573829,7.1891677384203225,2.6390573296152584
63476337,Python,TheAlgorithms,TheAlgorithms/Python,All Algorithms implemented in Python,https://github.com/TheAlgorithms/Python,Python,algorithm|algorithm-competitions|algorithms-implemented|algos|community-driven|education|hacktoberfest|interview|learn|practice|python|searches|sorting-algorithms|sorts,MIT,2016-07-16 09:44:01+00:00,2026-09-17 18:14:02+00:00,2026-09-17 14:36:54+00:00,224678,51086,224678,328,17743,master,False,False,3716,10.173853524982889,0,1,450.0,2850.0,260.0,0.0912280701754386,458.0,13.0,362.0,35.23076923076923,98.49970714521088,1.0,success,458,0.2273742867570478,0.001459867009676,35.23076923076923,python,12.32242799586203,10.841285340694714,5.796057750765372,9.783802709590148,6.129050210060545,6.111467339502679,7.955425088912672,5.8944028342648505
63937742,react-sortable-tree,frontend-collective,frontend-collective/react-sortable-tree,Drag-and-drop sortable component for nested data and hierarchies,https://github.com/frontend-collective/react-sortable-tree,JavaScript,component|drag-and-drop|hierarchical-data|react|sortable|tree|tree-data,MIT,2016-07-22 08:36:25+00:00,2026-09-15 13:41:28+00:00,2026-02-03 22:14:44+00:00,4969,914,4969,351,15996,master,False,False,3710,10.157426420260096,3,226,33.0,544.0,389.0,0.7150735294117647,0.0,0.0,0.0,0.0,0.0,0.0,zero_commits,0,0.1839404306701549,0.0706379553230026,,javascript,8.511175119090675,6.818924065275521,5.863631175598097,9.680156483641596,0.0,3.5263605246161616,6.300785794663244,0.0
64654523,openebs,openebs,openebs/openebs,A popular & widely deployed Open Source Container Native Storage platform for Stateful Persistent Applications on Kubernetes.,https://github.com/openebs/openebs,,block-storage|blockstorage|cloud-native|containerization|csi|devops|docker|ebs|ebs-volumes|filesystems|k8s|k8s-sig-storage|kubernetes|openebs|persistent-storage|persistent-workloads|pod|spdk|storage|storage-container,Apache-2.0,2016-08-01 09:33:32+00:00,2026-09-16 13:04:23+00:00,2026-09-17 12:53:30+00:00,9811,983,9811,37,650149,develop,False,False,3700,10.130047912388775,2,1,209.0,2324.0,365.0,0.1570567986230636,316.0,13.0,49.0,24.307692307692307,13.948623679922784,1.0,success,316,0.1001936601773519,0.0037712771379064,24.307692307692307,unknown,9.19136140537838,6.891625897052253,3.6375861597263857,13.384958384479466,5.75890177387728,5.3471075307174685,7.751475318021456,3.912023005428146
65215684,ui,shoutem,shoutem/ui,Customizable set of components for React Native applications,https://github.com/shoutem/ui,JavaScript,android|ios|native-components|react-native|shoutem|shoutem-ui,NOASSERTION,2016-08-08 15:26:08+00:00,2026-09-15 06:14:53+00:00,2026-09-15 09:05:25+00:00,4980,451,4980,104,9131,develop,False,False,3693,10.11088295687885,3,3,34.0,956.0,220.0,0.2301255230125523,39.0,7.0,13.0,5.571428571428571,3.598941643369749,0.5384615384615384,success,39,0.0905622489959839,0.0208835341365461,5.571428571428571,javascript,8.513385953073284,6.113682179832232,4.653960350157523,9.119540007649686,3.6888794541139363,3.5553480614894135,6.863803391452954,2.6390573296152584
69188189,smenu,p-gen,p-gen/smenu,"smenu started as a lightweight and flexible terminal menu generator, but quickly evolved into a powerful and versatile CLI selection tool for interactive or scripting use.",https://github.com/p-gen/smenu,C,c|cli|command-line|command-line-interface|console|interactive|menus|selection|shell|shell-scripts|terminal|tui,MPL-2.0,2016-09-25 20:16:11+00:00,2026-09-05 09:32:31+00:00,2026-04-17 22:14:15+00:00,2493,53,2493,4,8549,master,False,False,3644,9.976728268309378,13,153,6.0,1043.0,1038.0,0.9952061361457336,12.0,5.0,4.0,2.4,1.3416407864998738,0.3846153846153846,success,12,0.0212595266746891,0.0016044925792218,2.4,c,7.821643126239982,3.9889840465642745,1.6094379124341003,9.053686561930807,2.5649493574615367,1.9459101490553132,6.950814768442584,1.6094379124341003
74762106,proxy_pool,jhao104,jhao104/proxy_pool,Python ProxyPool for web spider,https://github.com/jhao104/proxy_pool,Python,crawler|http|proxy|redis|spider,MIT,2016-11-25 13:49:07+00:00,2026-09-17 13:58:23+00:00,2026-06-15 14:36:35+00:00,23707,5418,23707,298,1322,master,False,False,3584,9.81245722108145,1,95,44.0,628.0,533.0,0.8487261146496815,75.0,4.0,42.0,18.75,20.982135258357285,0.3076923076923077,success,75,0.2285400936432277,0.0125701269667186,18.75,python,10.073567822907728,8.597666575566114,5.700443573390687,7.187657164114956,4.330733340286331,3.8066624897703196,6.444131256700441,3.7612001156935624
75077977,coopcycle-web,coopcycle,coopcycle/coopcycle-web,Logistics & marketplace platform. Only for worker-owned business.,https://github.com/coopcycle/coopcycle-web,PHP,"apiplatform, coop, platformcoop, symfony",NOASSERTION,2016-11-29 12:10:32+00:00,2026-09-17 07:13:11+00:00,2026-09-18 08:29:31+00:00,601,143,601,463,113753,master,False,False,3580,9.801505817932922,1,0,87.0,18137.0,11240.0,0.6197276286045101,2401.0,13.0,361.0,184.69230769230768,97.68946089128944,1.0,success,2401,0.237936772046589,0.7703826955074875,184.69230769230768,php,6.400257445308821,4.969813299576001,6.139884552226255,11.641793501030094,7.784057002639929,4.477336814478207,9.805764464007513,5.8916442118257715
75791177,pandas_market_calendars,rsheftel,rsheftel/pandas_market_calendars,Exchange calendars to use with pandas for trading applications,https://github.com/rsheftel/pandas_market_calendars,Python,calendar|date|datetime|exchange|pandas,MIT,2016-12-07 02:28:15+00:00,2026-09-11 02:37:27+00:00,2026-07-12 22:35:10+00:00,997,202,997,21,1526,master,False,False,3572,9.779603011635864,7,67,61.0,933.0,431.0,0.4619506966773847,104.0,8.0,38.0,13.0,12.850792082313726,0.6153846153846154,success,104,0.2026078234704112,0.0210631895687061,13.0,python,6.905753276311464,5.313205979041787,3.091042453358316,7.3310603052186325,4.653960350157523,4.127134385045092,6.839476438228843,3.6635616461296463
77189043,vue2-elm,bailicangdu,bailicangdu/vue2-elm,Large single page application with 45 pages built on vue2 + vuex. 基于 vue2 + vuex 构建一个具有 45 个页面的大型单页面应用,https://github.com/bailicangdu/vue2-elm,Vue,es2015|flex|sass|vue|vue-router|vuex|webpack,GPL-2.0,2016-12-23 01:49:20+00:00,2026-09-17 14:41:49+00:00,2025-04-11 12:52:02+00:00,41007,12234,41007,2,34425,master,False,False,3556,9.735797399041752,1,525,12.0,494.0,476.0,0.9635627530364372,0.0,0.0,0.0,0.0,0.0,0.0,zero_commits,0,0.2983393079230375,4.8772160850586485e-05,,vue,10.621522448603852,9.412055975876772,1.0986122886681098,10.446567371831451,0.0,2.5649493574615367,6.20455776256869,0.0
77513419,react,react-redux-antd-es6,react-redux-antd-es6/react,基于react的企业后台管理开发框架,https://github.com/react-redux-antd-es6/react,JavaScript,"antd, react, webpack",MIT,2016-12-28 07:44:04+00:00,2026-09-04 10:41:50+00:00,2024-03-17 01:32:30+00:00,1300,491,1300,22,43796,master,False,False,3551,9.722108145106091,14,915,4.0,22.0,18.0,0.8181818181818182,0.0,0.0,0.0,0.0,0.0,0.0,zero_commits,0,0.3776923076923077,0.0169230769230769,,javascript,7.170888478512505,6.198478716492308,3.1354942159291497,10.68732060086809,0.0,1.6094379124341003,3.1354942159291497,0.0
77689140,go-funk,thoas,thoas/go-funk,"A modern Go utility library which provides helpers (map, find, contains, filter, ...)",https://github.com/thoas/go-funk,Go,No topics specified,MIT,2016-12-30 13:55:15+00:00,2026-09-12 19:20:49+00:00,2024-07-24 11:49:17+00:00,4930,278,4930,12,326,main,False,False,3549,9.716632443531829,5,786,46.0,345.0,215.0,0.6231884057971014,0.0,0.0,0.0,0.0,0.0,0.0,zero_commits,0,0.0563894523326572,0.0024340770791075,,go,8.503297086224126,5.631211781821365,2.5649493574615367,5.7899601708972535,0.0,3.8501476017100584,5.846438775057725,0.0
78220614,angular-testing-recipes,juristr,juristr/angular-testing-recipes,Simple testing patterns for Angular version 2+,https://github.com/juristr/angular-testing-recipes,TypeScript,angular|jasmine|karma|testing,No license specified,2017-01-06 16:25:30+00:00,2026-09-12 07:34:23+00:00,2023-01-03 19:51:43+00:00,499,106,499,27,1970,master,False,False,3542,9.697467488021903,6,1353,3.0,67.0,64.0,0.9552238805970148,0.0,0.0,0.0,0.0,0.0,0.0,zero_commits,0,0.2124248496993988,0.0541082164328657,,typescript,6.214608098422191,4.672828834461906,3.332204510175204,7.58629630715272,0.0,1.3862943611198906,4.219507705176107,0.0
78221549,datacamp-community-tutorials,datacamp,datacamp/datacamp-community-tutorials,Tutorials for DataCamp (www.datacamp.com),https://github.com/datacamp/datacamp-community-tutorials,Jupyter Notebook,No topics specified,MIT,2017-01-06 16:38:49+00:00,2026-09-13 03:31:52+00:00,2019-03-10 22:35:47+00:00,998,816,998,1,4188,master,False,False,3541,9.69472963723477,5,2748,3.0,20.0,12.0,0.6,0.0,0.0,0.0,0.0,0.0,0.0,zero_commits,0,0.8176352705410822,0.001002004008016,,jupyter notebook,6.906754778648554,6.705639094860003,0.6931471805599453,8.340217320947035,0.0,1.3862943611198906,3.044522437723423,0.0
79987996,notepad4,zufuliu,zufuliu/notepad4,"Notepad4 (Notepad2⨯2, Notepad2++) is a light-weight Scintilla based text editor for Windows with syntax highlighting, code folding, auto-completion and API list for many programming languages and documents, bundled with file browser plugin matepath.",https://github.com/zufuliu/notepad4,C++,arm64|dark-theme|editor|matepath|metapath|noteoad2|notepad2-mod|notepad4|scintilla|syntax-highlighting,NOASSERTION,2017-01-25 06:07:49+00:00,2026-09-17 08:04:46+00:00,2026-09-16 10:31:59+00:00,4990,320,4990,225,31478,main,False,False,3523,9.645448323066391,1,2,27.0,5362.0,5095.0,0.9502051473330848,511.0,13.0,76.0,39.30769230769231,19.576280781363177,1.0,success,511,0.064128256513026,0.0450901803607214,39.30769230769231,c++,8.515391569469609,5.771441123130016,5.420534999272286,10.357075935826021,6.238324625039508,3.332204510175204,8.587278798982926,4.343805421853684
82204858,pandoc-scholar,pandoc-scholar,pandoc-scholar/pandoc-scholar,Create beautiful and semantically meaningful articles with pandoc.,https://github.com/pandoc-scholar/pandoc-scholar,Lua,pandoc|pandoc-scholar|publishing|science|scientific-writing,GPL-2.0,2017-02-16 17:03:45+00:00,2026-09-14 16:34:13+00:00,2023-01-27 09:12:03+00:00,499,50,499,9,806,main,False,False,3500,9.582477754962357,4,1330,20.0,249.0,187.0,0.751004016064257,0.0,0.0,0.0,0.0,0.0,0.0,zero_commits,0,0.1002004008016032,0.0180360721442885,,lua,6.214608098422191,3.9318256327243257,2.302585092994046,6.693323668269949,0.0,3.044522437723423,5.521460917862246,0.0
83222441,system-design-primer,donnemartin,donnemartin/system-design-primer,Learn how to design large-scale systems. Prep for the system design interview.  Includes Anki flashcards.,https://github.com/donnemartin/system-design-primer,Python,design|design-patterns|design-system|development|interview|interview-practice|interview-questions|programming|python|system|web|web-application|webapp,NOASSERTION,2017-02-26 16:15:28+00:00,2026-09-17 18:18:31+00:00,2026-09-15 01:10:09+00:00,370511,58469,370511,613,11273,master,False,False,3491,9.557837097878163,0,3,121.0,317.0,175.0,0.5520504731861199,10.0,3.0,7.0,3.333333333333333,3.2145502536643185,0.2307692307692307,success,10,0.1578063809171657,0.0016544717970586,3.333333333333333,python,12.822641111857745,10.976269081169717,6.419994928147142,9.33025446864152,2.3978952727983707,4.804021044733257,5.762051382780177,2.0794415416798357
83773237,react-native-charts-wrapper,wuxudong,wuxudong/react-native-charts-wrapper,a react native charts wrapper (support android & iOS),https://github.com/wuxudong/react-native-charts-wrapper,Java,chart|charts|mpandroidchart|react-native,No license specified,2017-03-03 07:58:57+00:00,2026-09-16 21:03:10+00:00,2026-05-31 10:09:24+00:00,2494,680,2494,215,8094,master,False,False,3486,9.544147843942506,1,110,43.0,247.0,177.0,0.7165991902834008,1.0,1.0,1.0,1.0,0.0,0.0769230769230769,success,1,0.272654370489174,0.0862068965517241,1.0,java,7.822044008185619,6.523562306149512,5.375278407684165,8.999001866111735,0.6931471805599453,3.784189633918261,5.5134287461649825,0.6931471805599453
85077558,developer-roadmap,nilbuild,nilbuild/developer-roadmap,"Interactive roadmaps, guides and other educational content to help developers grow in their careers.",https://github.com/nilbuild/developer-roadmap,TypeScript,angular-roadmap|backend-roadmap|blockchain-roadmap|computer-science|dba-roadmap|developer-roadmap|devops-roadmap|frontend-roadmap|go-roadmap|java-roadmap|javascript-roadmap|nodejs-roadmap|python-roadmap|qa-roadmap|react-roadmap|roadmap|software-architect-roadmap|vue-roadmap,NOASSERTION,2017-03-15 13:45:52+00:00,2026-09-17 18:17:19+00:00,2026-09-17 08:18:48+00:00,367527,44960,367527,0,363142,master,False,False,3474,9.51129363449692,0,1,468.0,6512.0,3135.0,0.4814189189189189,771.0,13.0,87.0,59.30769230769231,25.167388340815897,1.0,success,771,0.122331148459841,0.0,59.30769230769231,typescript,12.814554785208871,10.713550726313105,0.0,12.802551975067177,6.648984550024776,6.150602768446279,8.781555458546402,4.477336814478207
86743880,CliWrap,Tyrrrz,Tyrrrz/CliWrap,Library for interacting with command-line interfaces,https://github.com/Tyrrrz/CliWrap,C#,cli|command-line|dotnet|dotnet-core|dotnet-standard|event-stream|pipe-stderr|pipe-stdin|pipe-stdout|piping|process|shell|stderr|stdin|stdout,MIT,2017-03-30 20:05:06+00:00,2026-09-16 16:09:08+00:00,2026-09-01 18:46:59+00:00,4998,285,4998,3,1157,prime,False,False,3458,9.467488021902806,2,16,27.0,697.0,639.0,0.9167862266857962,75.0,12.0,19.0,6.25,5.47929988892078,0.9230769230769232,success,75,0.0570228091236494,0.0006002400960384,6.25,c#,8.51699317141357,5.655991810819852,1.3862943611198906,7.05444965813294,4.330733340286331,3.332204510175204,6.548219102762372,2.995732273553991
88011908,project-based-learning,practical-tutorials,practical-tutorials/project-based-learning,Curated list of project-based tutorials,https://github.com/practical-tutorials/project-based-learning,Python,beginner-project|cpp|golang|javascript|project|python|tutorial|webdevelopment,MIT,2017-04-12 05:07:46+00:00,2026-09-17 18:15:23+00:00,2026-09-14 07:10:04+00:00,283652,36283,283652,253,469,master,False,False,3446,9.43463381245722,0,4,111.0,593.0,254.0,0.4283305227655986,34.0,3.0,27.0,11.333333333333334,13.650396819628844,0.2307692307692307,success,34,0.1279137816761383,0.0008919380085456,11.333333333333334,python,12.555506939113378,10.499132151734834,5.537334267018537,6.152732694704104,3.5553480614894135,4.718498871295094,6.386879319362645,3.332204510175204
90903705,graffle,graffle-js,graffle-js/graffle,Simple GraphQL Client for JavaScript. Minimal. Extensible. Type Safe. Runs everywhere.,https://github.com/graffle-js/graffle,TypeScript,"graphql, graphql-client, lightweight, nodejs, typescript",MIT,2017-05-10 20:05:07+00:00,2026-09-17 13:50:07+00:00,2026-05-11 20:17:22+00:00,6119,310,6119,59,16419,main,False,False,3417,9.35523613963039,1,129,82.0,1102.0,592.0,0.5372050816696915,93.0,4.0,42.0,23.25,18.89223826513594,0.3076923076923077,success,93,0.0506618728550416,0.0096420983820885,23.25,typescript,8.719317375506371,5.739792912179234,4.0943445622221,9.70625538300642,4.543294782270004,4.418840607796598,7.005789019253503,3.7612001156935624
91277330,wstg,OWASP,OWASP/wstg,The Web Security Testing Guide is a comprehensive Open Source guide to testing the security of web applications and web services.,https://github.com/OWASP/wstg,Python,application-security|appsec|best-practices|bugbounty|guide|hacking|hacktoberfest|owasp|penetration-testing|pentesting|security,CC-BY-SA-4.0,2017-05-14 23:20:40+00:00,2026-09-17 17:57:01+00:00,2026-09-17 11:31:31+00:00,9840,1683,9840,27,27154,master,False,False,3413,9.344284736481862,0,1,169.0,1312.0,424.0,0.3231707317073171,279.0,13.0,57.0,21.46153846153846,19.87718702690509,1.0,success,279,0.1710365853658536,0.0027439024390243,21.46153846153846,python,9.194312610898985,7.428927194802272,3.332204510175204,10.209316470468945,5.634789603169249,5.135798437050262,7.180069874302796,4.060443010546419
94948855,lottie,airbnb,airbnb/lottie,Lottie documentation for http://airbnb.io/lottie.,https://github.com/airbnb/lottie,HTML,No topics specified,MIT,2017-06-21 01:10:05+00:00,2026-09-10 06:25:42+00:00,2026-03-25 21:31:47+00:00,4949,334,4949,34,85205,master,False,False,3376,9.242984257357977,8,176,76.0,164.0,51.0,0.3109756097560975,4.0,3.0,2.0,1.3333333333333333,0.5773502691896258,0.2307692307692307,success,4,0.0674883814912103,0.0068700747625782,1.3333333333333333,html,8.507142855562735,5.814130531825066,3.5553480614894135,11.352827132873069,1.6094379124341003,4.343805421853684,5.10594547390058,1.0986122886681098
95382874,react-paystack,iamraphson,iamraphson/react-paystack,ReactJS library for implementing paystack payment gateway,https://github.com/iamraphson/react-paystack,TypeScript,javascript|payment-gateway|payment-integration|reactjs,MIT,2017-06-25 20:03:12+00:00,2026-09-01 14:35:01+00:00,2024-08-04 07:01:59+00:00,499,180,499,50,3071,master,False,False,3371,9.229295003422314,17,775,19.0,128.0,98.0,0.765625,0.0,0.0,0.0,0.0,0.0,0.0,zero_commits,0,0.3607214428857715,0.1002004008016032,,typescript,6.214608098422191,5.198497031265826,3.9318256327243257,8.030084094267563,0.0,2.995732273553991,4.859812404361672,0.0
98029592,learn-regex,ziishaned,ziishaned/learn-regex,Learn regex the easy way,https://github.com/ziishaned/learn-regex,,learn-regex|regex|regular-expression,MIT,2017-07-22 12:21:03+00:00,2026-09-17 03:21:38+00:00,2025-08-25 23:17:54+00:00,46090,6120,46090,65,928,master,False,False,3345,9.158110882956878,1,388,94.0,325.0,166.0,0.5107692307692308,0.0,0.0,0.0,0.0,0.0,0.0,zero_commits,0,0.1327836840963332,0.0014102842265133,,unknown,10.738372982159593,8.71948076085107,4.189654742026425,6.834108738813838,0.0,4.553876891600541,5.786897381366708,0.0
99822164,gtop,aksakalli,aksakalli/gtop,System monitoring dashboard for terminal,https://github.com/aksakalli/gtop,JavaScript,command-line|monitoring|nodejs|system-monitoring|top|tui,MIT,2017-08-09 15:12:28+00:00,2026-09-17 17:36:10+00:00,2025-11-06 13:55:02+00:00,9931,337,9931,40,410,master,False,False,3327,9.1088295687885,0,316,10.0,77.0,57.0,0.7402597402597403,1.0,1.0,1.0,1.0,0.0,0.0769230769230769,success,1,0.0339341456046722,0.0040277917631658,1.0,javascript,9.203517146628057,5.823045895483019,3.713572066704308,6.018593214496234,0.6931471805599453,2.3978952727983707,4.356708826689592,0.6931471805599453
100764624,vscode-todo-plus,fabiospampinato,fabiospampinato/vscode-todo-plus,"Manage todo lists with ease. Powerful, easy to use and customizable.",https://github.com/fabiospampinato/vscode-todo-plus,TypeScript,extension|task|taskpaper|tasks|todo|todos|vscode,MIT,2017-08-19 02:33:14+00:00,2026-09-14 05:57:13+00:00,2026-07-17 22:15:28+00:00,998,239,998,104,3735,master,False,False,3317,9.08145106091718,4,62,17.0,406.0,381.0,0.9384236453201972,4.0,1.0,4.0,4.0,0.0,0.0769230769230769,success,4,0.2394789579158316,0.1042084168336673,4.0,typescript,6.906754778648554,5.480638923341991,4.653960350157523,8.225770799348734,1.6094379124341003,2.8903717578961645,6.008813185442595,1.6094379124341003
105379569,actix-web,actix,actix/actix-web,"Actix Web is a powerful, pragmatic, and extremely fast web framework for Rust.",https://github.com/actix/actix-web,Rust,actix|actix-web|async|rust|web|web-development|websockets,Apache-2.0,2017-09-30 15:30:02+00:00,2026-09-17 15:37:04+00:00,2026-09-17 15:19:41+00:00,24829,1887,24829,191,18179,main,False,False,3275,8.966461327857632,1,1,379.0,5023.0,2475.0,0.4927334262392992,362.0,13.0,57.0,27.846153846153847,12.535590358695742,1.0,success,362,0.0759998388980627,0.0076926175037254,27.846153846153847,rust,10.119807878502213,7.543273346705446,5.2574953720277815,9.80807736773147,5.8944028342648505,5.940171252720432,8.521981708148035,4.060443010546419
106024057,pytorch_geometric,pyg-team,pyg-team/pytorch_geometric,Graph Neural Network Library for PyTorch,https://github.com/pyg-team/pytorch_geometric,Python,deep-learning|geometric-deep-learning|graph-convolutional-networks|graph-neural-networks|pytorch,MIT,2017-10-06 16:03:03+00:00,2026-09-17 12:02:11+00:00,2026-09-01 23:22:42+00:00,24085,4054,24085,1337,25068,master,False,False,3269,8.950034223134839,1,16,424.0,7779.0,5662.0,0.7278570510348373,118.0,13.0,22.0,9.076923076923077,6.396112601436627,1.0,success,118,0.1683205314511106,0.0555117292920905,9.076923076923077,python,10.089386037820425,8.307705966549513,7.198931240688173,10.129387302044055,4.77912349311153,6.052089168924417,8.959311617172437,3.1354942159291497
110198232,TrickBot-Toolkit,MalwareTech,MalwareTech/TrickBot-Toolkit,A collection of tools for dealing with TrickBot,https://github.com/MalwareTech/TrickBot-Toolkit,Python,No topics specified,No license specified,2017-11-10 03:31:51+00:00,2026-09-01 04:03:31+00:00,2017-11-11 13:00:24+00:00,200,38,200,1,8,master,False,False,3234,8.854209445585216,17,3233,0.0,0.0,0.0,0.0,0.0,0.0,0.0,0.0,0.0,0.0,zero_commits,0,0.19,0.005,,python,5.303304908059076,3.6635616461296463,0.6931471805599453,2.1972245773362196,0.0,0.0,0.0,0.0
116340040,mtcnn,ipazc,ipazc/mtcnn,"MTCNN face detection implementation for TensorFlow, as a PIP package.",https://github.com/ipazc/mtcnn,Jupyter Notebook,detection|face|landmark|mtcnn|package|pip|python3|tensorflow,MIT,2018-01-05 04:08:32+00:00,2026-09-17 14:39:52+00:00,2024-10-08 16:09:34+00:00,2492,527,2492,28,9481,master,False,False,3178,8.700889801505818,1,710,12.0,35.0,22.0,0.6285714285714286,0.0,0.0,0.0,0.0,0.0,0.0,zero_commits,0,0.2114767255216693,0.0112359550561797,,jupyter notebook,7.821242083523558,6.269096283706261,3.367295829986474,9.157150543462064,0.0,2.5649493574615367,3.58351893845611,0.0
117372806,front-end-interview-handbook,yangshun,yangshun/front-end-interview-handbook,Front End interview preparation materials for busy engineers (updated for 2026),https://github.com/yangshun/front-end-interview-handbook,JavaScript,css|css-questions|front-end|front-end-development|front-end-interview|front-end-system-design|html|html-questions|interview|interview-preparation|interview-questions|interview-test|javascript|js-questions|web-development,MIT,2018-01-13 19:40:08+00:00,2026-09-17 14:46:33+00:00,2026-08-13 08:25:31+00:00,44012,5929,44012,11,331092,main,False,False,3169,8.676249144421629,1,36,194.0,853.0,416.0,0.4876905041031653,44.0,8.0,15.0,5.5,4.780914437337574,0.6153846153846154,success,44,0.1347132600199945,0.0002499318367717,5.5,javascript,10.692240323807754,8.68777949199177,2.4849066497880004,12.7101545816628,3.8066624897703196,5.272999558563747,6.74993119378857,2.772588722239781
118820677,python-cheatsheet,labex-labs,labex-labs/python-cheatsheet,Python Cheatsheet - interactive hands-on course by LabEx.,https://github.com/labex-labs/python-cheatsheet,Vue,course|exercises|hands-on|labex|labs|programming|python,MIT,2018-01-24 20:53:03+00:00,2026-09-17 10:36:21+00:00,2026-07-01 08:14:51+00:00,4959,1341,4959,23,52153,master,False,False,3158,8.646132785763175,1,79,89.0,1606.0,1218.0,0.7584059775840598,81.0,8.0,35.0,10.125,13.18481269166482,0.6153846153846154,success,81,0.2704174228675136,0.0046380318612623,10.125,vue,8.509161019718974,7.201916317531627,3.1780538303479458,10.861956159309152,4.406719247264253,4.499809670330265,7.382124365737512,3.58351893845611
120145570,sourcecred,sourcecred,sourcecred/sourcecred,a social algorithm for computing cred,https://github.com/sourcecred/sourcecred,JavaScript,credit-attribution|cryptoeconomics|graph|open-source|pagerank,No license specified,2018-02-04 01:32:53+00:00,2026-09-01 14:35:26+00:00,2023-02-14 00:37:15+00:00,499,115,499,313,25182,main,False,False,3148,8.618754277891854,17,1312,37.0,1375.0,574.0,0.4174545454545454,0.0,0.0,0.0,0.0,0.0,0.0,zero_commits,0,0.2304609218436873,0.627254509018036,,javascript,6.214608098422191,4.7535901911063645,5.749392985908253,10.133924442677802,0.0,3.6375861597263857,7.226936018493289,0.0
120360765,chromium,chromium,chromium/chromium,The official GitHub mirror of the Chromium source,https://github.com/chromium/chromium,,browser|chromium,BSD-3-Clause,2018-02-05 20:55:32+00:00,2026-09-17 18:16:49+00:00,2026-09-17 18:16:31+00:00,24799,9244,24799,28,66651538,main,False,False,3146,8.61327857631759,0,0,,,,,,,,,,,error,0,0.3727569660066938,0.0011290777853945,,unknown,10.118598932153073,9.131838143821225,3.367295829986474,18.0149886950951,,,,
120896210,argo-cd,argoproj,argoproj/argo-cd,Declarative Continuous Deployment for Kubernetes,https://github.com/argoproj/argo-cd,Go,argo|argo-cd|cd|ci-cd|cicd|continuous-delivery|continuous-deployment|devops|docker|gitops|hacktoberfest|helm|jsonnet|kubernetes|kustomize|pipeline,Apache-2.0,2018-02-09 11:12:01+00:00,2026-09-17 15:02:38+00:00,2026-09-17 15:02:26+00:00,24178,7852,24178,4368,220069,master,False,False,3143,8.605065023956195,1,1,425.0,8570.0,1875.0,0.2187864644107351,2196.0,13.0,216.0,168.92307692307693,46.125664473012456,1.0,success,2196,0.3247580445032674,0.1806601042269832,168.92307692307693,go,10.093239766820611,8.968650903374874,8.382289428951436,12.30170095654358,7.69484807238461,6.054439346269371,9.056139690898883,5.37989735354046
121214869,CookBook_and_code,tulingxueyuan,tulingxueyuan/CookBook_and_code,No description provided,https://github.com/tulingxueyuan/CookBook_and_code,Jupyter Notebook,No topics specified,No license specified,2018-02-12 07:34:38+00:00,2026-09-01 14:35:27+00:00,2020-08-07 16:29:47+00:00,499,528,499,7,3523,master,False,False,3140,8.596851471594798,17,2233,1.0,30.0,30.0,1.0,0.0,0.0,0.0,0.0,0.0,0.0,zero_commits,0,1.0581162324649298,0.0140280561122244,,jupyter notebook,6.214608098422191,6.270988431858299,2.0794415416798357,8.16735198705607,0.0,0.6931471805599453,3.4339872044851463,0.0
123458551,Python-100-Days,jackfrued,jackfrued/Python-100-Days,Python - 100天从新手到大师,https://github.com/jackfrued/Python-100-Days,Jupyter Notebook,No topics specified,No license specified,2018-03-01 16:05:52+00:00,2026-09-17 18:04:27+00:00,2026-07-29 15:18:29+00:00,186563,55751,186563,716,405586,master,False,False,3123,8.550308008213552,0,51,12.0,471.0,457.0,0.970276008492569,10.0,5.0,4.0,2.0,1.224744871391589,0.3846153846153846,success,10,0.298832029930908,0.0038378456607151,2.0,jupyter notebook,12.136529622737742,10.928668563118356,6.57507584059962,12.913090679463405,2.3978952727983707,2.5649493574615367,6.156978985585555,1.6094379124341003
126577260,javascript-algorithms,trekhleb,trekhleb/javascript-algorithms,📝 Algorithms and data structures implemented in JavaScript with explanations and links to further readings,https://github.com/trekhleb/javascript-algorithms,JavaScript,algorithm|algorithms|computer-science|data-structures|interview|interview-preparation|javascript|javascript-algorithms,MIT,2018-03-24 07:47:04+00:00,2026-09-17 18:15:51+00:00,2026-07-26 02:43:08+00:00,196756,31031,196756,406,14964,master,False,False,3100,8.487337440109513,0,54,211.0,1123.0,849.0,0.7560106856634016,33.0,7.0,11.0,4.714285714285714,3.401680257083045,0.5384615384615384,success,33,0.1577131065888715,0.0020634694748825,4.714285714285714,javascript,12.189724743791617,10.342774209119803,6.008813185442595,9.6134694202868,3.5263605246161616,5.356586274672012,7.024649030453636,2.4849066497880004
127769231,RSSHub,DIYgod,DIYgod/RSSHub,🧡 Everything is RSSible,https://github.com/DIYgod/RSSHub,TypeScript,bilibili|douban|dribbble|instagram|lofter|pixiv|rss|rsshub|spotify|telegram|tiktok|twitter|v2ex|wechat|weibo|ximalaya|youtube|zhihu,AGPL-3.0,2018-04-02 14:43:21+00:00,2026-09-17 17:38:16+00:00,2026-09-17 17:22:10+00:00,46230,10215,46230,348,1207276,master,False,False,3091,8.462696783025326,0,0,424.0,15252.0,4246.0,0.2783897193810647,2592.0,13.0,280.0,199.3846153846154,50.491811979003856,1.0,success,2592,0.2209604153147307,0.0075275794938351,199.3846153846154,typescript,10.741405847723883,9.231710397712375,5.855071922202427,14.003877968364556,7.860570785538664,6.052089168924417,9.632531483999934,5.638354669333745
129376414,Python-WeChat-ItChat,lb2281075105,lb2281075105/Python-WeChat-ItChat,微信机器人，基于Python itchat接口功能实例展示：01-itchat获取微信好友或者微信群分享文章、02-itchat获取微信公众号文章、03-itchat监听微信公众号发送的文章、04 itchat监听微信群或好友撤回的消息、05 itchat获得微信好友信息以及表图对比、06 python打印出微信被删除好友、07 itchat自动回复好友、08 itchat微信好友个性签名词云图、09 itchat微信好友性别比例、10 微信群或微信好友撤回消息拦截、11 itchat微信群或好友之间转发消息,https://github.com/lb2281075105/Python-WeChat-ItChat,Python,"beautifulsoup4, bs4, echarts, itchat, jieba, matplotlib, matplotlib-live, numpy, os, pandas, pillow, system, time, uuid, wechat",No license specified,2018-04-13 08:58:30+00:00,2026-08-19 17:07:21+00:00,2020-05-14 13:01:09+00:00,300,111,300,7,104,master,False,False,3080,8.432580424366872,29,2318,1.0,27.0,27.0,1.0,0.0,0.0,0.0,0.0,0.0,0.0,zero_commits,0,0.37,0.0233333333333333,,python,5.707110264748875,4.718498871295094,2.0794415416798357,4.653960350157523,0.0,0.6931471805599453,3.332204510175204,0.0
131404910,LayoutManagerGroup,DingMouRen,DingMouRen/LayoutManagerGroup,:point_right: Customize the LayoutManager of RecyclerView(自定义LayoutManager),https://github.com/DingMouRen/LayoutManagerGroup,Java,No topics specified,No license specified,2018-04-28 11:47:38+00:00,2026-09-13 11:04:39+00:00,2023-10-11 11:05:47+00:00,4972,670,4972,41,45688,master,False,False,3065,8.39151266255989,5,1073,4.0,119.0,116.0,0.9747899159663864,0.0,0.0,0.0,0.0,0.0,0.0,zero_commits,0,0.1347546259050683,0.0082461786001609,,java,8.511778558714738,6.508769136971682,3.7376696182833684,10.72961284769053,0.0,1.6094379124341003,4.787491742782046,0.0
131905732,ThePerfectInjector,can1357,can1357/ThePerfectInjector,"Literally, the perfect injector.",https://github.com/can1357/ThePerfectInjector,C,No topics specified,BSD-3-Clause,2018-05-02 21:04:12+00:00,2026-09-17 13:07:41+00:00,2023-04-13 11:37:50+00:00,997,201,997,4,43,master,False,False,3060,8.37782340862423,1,1254,2.0,18.0,16.0,0.8888888888888888,0.0,0.0,0.0,0.0,0.0,0.0,zero_commits,0,0.2016048144433299,0.0040120361083249,,c,6.905753276311464,5.308267697401205,1.6094379124341003,3.784189633918261,0.0,1.0986122886681098,2.9444389791664403,0.0
132750724,build-your-own-x,codecrafters-io,codecrafters-io/build-your-own-x,Master programming by recreating your favorite technologies from scratch.,https://github.com/codecrafters-io/build-your-own-x,Markdown,awesome-list|free|programming|tutorial-code|tutorial-exercises|tutorials,No license specified,2018-05-09 12:03:18+00:00,2026-09-17 18:19:07+00:00,2026-07-14 19:25:58+00:00,547866,51526,547866,643,1086,master,False,False,3054,8.361396303901437,0,65,131.0,596.0,320.0,0.5369127516778524,21.0,5.0,11.0,4.2,3.8340579025361623,0.3846153846153846,success,21,0.0940485447171388,0.0011736446503342,4.2,markdown,13.213787835743638,10.849861221114018,6.467698726104354,6.99117688712121,3.091042453358316,4.882801922586371,6.391917113392602,2.4849066497880004
133742035,acl-ue4-plugin,nfrechette,nfrechette/acl-ue4-plugin,The official Animation Compression Library Unreal Engine 4 and 5 plugin,https://github.com/nfrechette/acl-ue4-plugin,C++,animation-3d|animation-compression|compression|game-engine|unreal-engine-4|unreal-engine-5,MIT,2018-05-17 01:27:23+00:00,2026-09-13 21:38:57+00:00,2023-12-09 03:12:23+00:00,499,62,499,3,2388,develop,False,False,3046,8.33949349760438,4,1014,5.0,463.0,443.0,0.956803455723542,0.0,0.0,0.0,0.0,0.0,0.0,zero_commits,0,0.1242484969939879,0.0060120240480961,,c++,6.214608098422191,4.143134726391533,1.3862943611198906,7.77863014732581,0.0,1.791759469228055,6.139884552226255,0.0
133999378,tty-share,elisescu,elisescu/tty-share,Share your linux or osx terminal over the Internet.,https://github.com/elisescu/tty-share,Go,go|linux-terminal|osx-terminal|terminal-session|terminal-share|terminal-sharing|tty|unix-terminal,MIT,2018-05-18 20:09:16+00:00,2026-09-17 06:33:36+00:00,2025-09-03 11:00:22+00:00,998,92,998,23,26782,master,False,False,3044,8.334017796030116,1,380,9.0,120.0,95.0,0.7916666666666666,0.0,0.0,0.0,0.0,0.0,0.0,zero_commits,0,0.0921843687374749,0.0230460921843687,,go,6.906754778648554,4.532599493153256,3.1780538303479458,10.195522636869386,0.0,2.302585092994046,4.795790545596741,0.0
144026869,angular-interview-questions,sudheerj,sudheerj/angular-interview-questions,List of 300 Angular Interview Questions and answers,https://github.com/sudheerj/angular-interview-questions,,angular|angular-interview-questions|angular6|angular7|angularjs|interview-questions|javascript-framework|javascript-interview-questions|rxjs|typescript,No license specified,2018-08-08 14:39:19+00:00,2026-09-15 18:15:10+00:00,2026-04-27 16:54:11+00:00,4941,2197,4941,7,3103,master,False,False,2963,8.112251882272416,2,143,32.0,263.0,198.0,0.752851711026616,9.0,5.0,3.0,1.8,1.095445115010332,0.3846153846153846,success,9,0.4446468326249747,0.0014167172637117,1.8,unknown,8.505525386548555,7.6953031349635665,2.0794415416798357,8.04044688130311,2.302585092994046,3.4965075614664802,5.575949103146316,1.3862943611198906
144329209,Crow,CrowCpp,CrowCpp/Crow,A Fast and Easy to use microframework for the web.,https://github.com/CrowCpp/Crow,C++,cpp|crow|framework|header-only|http|http-server|webserver|websocket,NOASSERTION,2018-08-10 20:26:16+00:00,2026-09-17 08:46:58+00:00,2026-09-16 10:59:10+00:00,4978,557,4978,83,166137,master,False,False,2960,8.10403832991102,1,2,170.0,1750.0,673.0,0.3845714285714285,136.0,13.0,22.0,10.461538461538462,5.651185489425863,1.0,success,136,0.1118923262354359,0.0166733627963037,10.461538461538462,c++,8.512984346642183,6.324358962381311,4.430816798843313,12.020574047280398,4.919980925828125,5.14166355650266,7.467942332285852,3.1354942159291497
156768326,watermill,ThreeDotsLabs,ThreeDotsLabs/watermill,Building event-driven applications the easy way in Go.,https://github.com/ThreeDotsLabs/watermill,Go,cqrs|event-driven|event-sourcing|events|go|golang|kafka|nats|rabbitmq|reactive|sagas|stream-processing|watermill,MIT,2018-11-08 21:01:09+00:00,2026-09-17 08:44:22+00:00,2026-08-25 13:50:46+00:00,9896,506,9896,81,28202,master,False,False,2870,7.857631759069131,1,24,85.0,507.0,234.0,0.4615384615384615,20.0,6.0,9.0,3.333333333333333,2.875181153713044,0.4615384615384615,success,20,0.0511317704122877,0.0081851253031527,3.333333333333333,go,9.199986959896691,6.2285110035911835,4.406719247264253,10.24718363424666,3.044522437723423,4.454347296253507,6.230481447578482,2.302585092994046
157318000,ncc,vercel,vercel/ncc,"Compile a Node.js project into a single file. Supports TypeScript, binary addons, dynamic requires.",https://github.com/vercel/ncc,JavaScript,No topics specified,MIT,2018-11-13 04:00:21+00:00,2026-09-15 03:48:23+00:00,2026-08-13 03:20:10+00:00,9839,324,9839,221,10622,main,False,False,2866,7.846680355920602,3,36,67.0,641.0,175.0,0.2730109204368174,30.0,9.0,10.0,3.333333333333333,3.3166247903554,0.6923076923076923,success,30,0.0329301758308771,0.0224616322797032,3.333333333333333,javascript,9.1942109900463,5.783825182329737,5.402677381872279,9.270776740780013,3.4339872044851463,4.219507705176107,6.464588303689961,2.3978952727983707
159981830,cli,spicetify,spicetify/cli,"Command-line tool to customize Spotify client. Supports Windows, macOS, and Linux.",https://github.com/spicetify/cli,JavaScript,command-line|command-line-tool|customization|golang|hacktoberfest|linux|macos|spicetify-cli|spicetify-extensions|spotify|windows,LGPL-2.1,2018-12-01 19:55:18+00:00,2026-09-17 18:16:29+00:00,2026-09-17 00:46:57+00:00,24535,937,24535,12,9558,main,False,False,2847,7.794661190965092,0,1,137.0,1588.0,497.0,0.3129722921914357,124.0,13.0,24.0,9.538461538461538,6.266516637593071,1.0,success,124,0.0381903403301406,0.0004890972080701,9.538461538461538,javascript,10.107896705794088,6.843749949006225,2.5649493574615367,9.165238398063762,4.8283137373023015,4.927253685157205,7.370860166536716,3.2188758248682006
160875594,SUDO_KILLER,TH3xACE,TH3xACE/SUDO_KILLER,"A tool designed to exploit a privilege escalation vulnerability in the sudo program on Unix-like systems. It takes advantage of a specific misconfiguration or flaw in sudo to gain elevated privileges on the system, essentially allowing a regular user to execute commands as the root user.",https://github.com/TH3xACE/SUDO_KILLER,Shell,abuse-sudo|ctf|cve|exploits|linux-exploits|misconfiguration|oscp|oscp-journey|oscp-prep|oscp-tools|pentest|pentest-tool|privilege-escalation|sudo|sudo-exploitation,MIT,2018-12-07 21:08:02+00:00,2026-09-17 12:26:56+00:00,2026-03-11 14:40:44+00:00,2482,259,2482,1,4891,V3,False,False,2841,7.7782340862423,1,191,2.0,98.0,97.0,0.9897959183673468,2.0,2.0,1.0,1.0,0.0,0.1538461538461538,success,2,0.104351329572925,0.0004029008863819,1.0,shell,7.817222785508166,5.560681631015528,0.6931471805599453,8.495356496807062,1.0986122886681098,1.0986122886681098,4.59511985013459,0.6931471805599453
162613268,chains,ethereum-lists,ethereum-lists/chains,provides metadata for chains,https://github.com/ethereum-lists/chains,Kotlin,chainid|chains|eip155|ethereum|evm|hacktoberfest,MIT,2018-12-20 17:53:10+00:00,2026-09-17 11:02:32+00:00,2026-09-16 18:24:32+00:00,9828,8150,9828,95,520393,master,False,False,2828,7.742642026009582,1,1,466.0,2301.0,373.0,0.1621034332898739,563.0,13.0,107.0,43.30769230769231,28.83974287733456,1.0,success,563,0.8292633292633292,0.0096662596662596,43.30769230769231,kotlin,9.19309247856663,9.005895898094458,4.564348191467836,13.1623414959614,6.335054251498059,6.1463292576688975,7.741533589281828,4.68213122712422
162998479,sherlock,sherlock-project,sherlock-project/sherlock,Hunt down social media accounts by username across social networks,https://github.com/sherlock-project/sherlock,Python,cli|cti|cybersecurity|forensics|hacktoberfest|information-gathering|infosec|linux|osint|pentesting|python|python3|reconnaissance|redteam|sherlock|tools,MIT,2018-12-24 14:30:48+00:00,2026-09-17 18:09:58+00:00,2026-09-17 05:17:52+00:00,91988,10834,91988,347,19078,master,False,False,2825,7.734428473648186,0,1,270.0,2812.0,880.0,0.3129445234708393,279.0,11.0,198.0,25.363636363636363,57.77243759315117,0.8461538461538461,success,279,0.1177762316823933,0.0037722311605861,25.363636363636363,python,11.429424283665295,9.29053691397046,5.8522024797744745,9.85634353272731,5.634789603169249,5.602118820879701,7.9420068084898565,5.293304824724492
170161374,computervision-recipes,microsoft,microsoft/computervision-recipes,"Best Practices, code samples, and documentation for Computer Vision.",https://github.com/microsoft/computervision-recipes,Jupyter Notebook,artificial-intelligence|azure|computer-vision|convolutional-neural-networks|data-science|deep-learning|image-classification|image-processing|jupyter-notebook|kubernetes|machine-learning|microsoft|object-detection|operationalization|python|similarity|tutorial,MIT,2019-02-11 16:23:51+00:00,2026-09-17 02:14:52+00:00,2024-02-16 23:55:05+00:00,9884,1205,9884,113,267320,staging,False,False,2776,7.600273785078714,1,944,40.0,772.0,267.0,0.3458549222797927,0.0,0.0,0.0,0.0,0.0,0.0,zero_commits,0,0.1219142047753945,0.0114326183731282,,jupyter notebook,9.198773735604718,7.095064377287131,4.736198448394496,12.496205462452965,0.0,3.713572066704308,6.650279048587422,0.0
173228436,ghidra,NationalSecurityAgency,NationalSecurityAgency/ghidra,Ghidra is a software reverse engineering (SRE) framework,https://github.com/NationalSecurityAgency/ghidra,Java,disassembler|reverse-engineering|software-analysis,Apache-2.0,2019-03-01 03:27:48+00:00,2026-09-17 18:16:13+00:00,2026-09-17 12:45:32+00:00,78363,8674,78363,1962,416984,master,False,False,2758,7.550992470910335,0,1,401.0,18293.0,7337.0,0.4010823812387252,2869.0,13.0,336.0,220.69230769230768,72.82214019488923,1.0,success,2869,0.1106899940022714,0.0250373262891926,220.69230769230768,java,11.269119917207922,9.06820060481506,7.5822291942764615,12.940805528910937,7.962067308753666,5.996452088619021,9.81432841621631,5.820082930352362
175405157,oh-my-posh,JanDeDobbeleer,JanDeDobbeleer/oh-my-posh,The most customisable and low-latency cross platform/shell prompt renderer,https://github.com/JanDeDobbeleer/oh-my-posh,Go,bash|cmd|fish|fish-shell|git|golang|hacktoberfest|nerd-fonts|nushell|powerline|powershell|prompt|prompt-toolkit|shell-prompt|starship|tooltips|zsh,MIT,2019-03-13 11:13:31+00:00,2026-09-17 12:07:03+00:00,2026-09-17 14:36:45+00:00,23471,2784,23471,8,118413,main,False,False,2746,7.51813826146475,1,1,425.0,5283.0,2761.0,0.5226197236418701,955.0,13.0,206.0,73.46153846153847,45.92315208515088,1.0,success,955,0.1186144603979378,0.0003408461505687,73.46153846153847,go,10.063563500382763,7.932003152361385,2.1972245773362196,11.681942237685105,6.862757913051401,6.054439346269371,8.572438665642215,5.332718793265369
177736533,996.ICU,996icu,996icu/996.ICU,Repo for counting stars and contributing. Press F to pay respect to glorious developers.,https://github.com/996icu/996.ICU,,No topics specified,NOASSERTION,2019-03-26 07:31:14+00:00,2026-09-17 17:17:01+00:00,2025-08-22 06:01:29+00:00,277138,20703,277138,16695,189351,master,False,False,2733,7.482546201232033,0,392,397.0,2681.0,1432.0,0.5341290563222678,0.0,0.0,0.0,0.0,0.0,0.0,zero_commits,0,0.0747028556170572,0.0602407464873095,,unknown,12.532274464361574,9.938082197300627,9.722924448757036,12.151362995724647,0.0,5.986452005284438,7.894318063841624,0.0
180575663,svrx,svrxjs,svrxjs/svrx,Server-X: A pluggable frontend server built for efficient front-end development,https://github.com/svrxjs/svrx,JavaScript,svrx,MIT,2019-04-10 12:21:13+00:00,2026-09-01 14:36:35+00:00,2024-09-02 12:36:42+00:00,499,27,499,9,4183,master,False,False,2718,7.441478439425051,17,746,6.0,292.0,189.0,0.6472602739726028,0.0,0.0,0.0,0.0,0.0,0.0,zero_commits,0,0.0541082164328657,0.0180360721442885,,javascript,6.214608098422191,3.332204510175204,2.302585092994046,8.339023005744759,0.0,1.9459101490553132,5.680172609017068,0.0
186361323,web-flash,enilu,enilu/web-flash,web-flash --  Admin Framework and Mobile Website Based on Spring Boot and Vue.js,https://github.com/enilu/web-flash,JavaScript,"element-ui, springboot, vuejs",MIT,2019-05-13 06:47:20+00:00,2026-08-17 06:07:34+00:00,2024-09-30 04:51:35+00:00,1304,364,1304,10,17711,master,False,False,2685,7.351129363449692,32,718,12.0,410.0,387.0,0.9439024390243902,0.0,0.0,0.0,0.0,0.0,0.0,zero_commits,0,0.2791411042944785,0.0076687116564417,,javascript,7.173958319756794,5.8998973535824915,2.3978952727983707,9.781997654948418,0.0,2.5649493574615367,6.018593214496234,0.0
188700274,copyparty,9001,9001/copyparty,"Portable file server with accelerated resumable uploads, dedup, WebDAV, SFTP, FTP, TFTP, zeroconf, media indexer, thumbnails++ all in one file",https://github.com/9001/copyparty,Python,copyparty|file-server|file-sharing|file-upload-server|ftp-server|nas-frontend|tftp-server|webdav-server,MIT,2019-05-26 15:28:33+00:00,2026-09-17 18:16:57+00:00,2026-09-16 22:38:35+00:00,46720,1903,46720,251,9824,hovudstraum,False,False,2672,7.315537303216975,0,1,120.0,4791.0,4528.0,0.9451054059695262,778.0,13.0,117.0,59.84615384615385,29.868729896683345,1.0,success,778,0.0407320205479452,0.0053724315068493,59.84615384615385,python,10.751949021382632,7.55171221535131,5.529429087511423,9.192685436737461,6.658011045870748,4.795790545596741,8.474703139795285,4.770684624465665
188936134,cs6120,sampsyo,sampsyo/cs6120,advanced compilers,https://github.com/sampsyo/cs6120,HTML,compilers|course,MIT,2019-05-28 02:03:15+00:00,2026-09-17 11:06:46+00:00,2026-01-10 00:49:22+00:00,997,229,997,21,78272,2025fa,False,False,2670,7.310061601642711,1,251,151.0,2511.0,831.0,0.3309438470728793,108.0,5.0,71.0,21.6,28.218788067526926,0.3846153846153846,success,108,0.2296890672016048,0.0210631895687061,21.6,html,6.905753276311464,5.438079308923196,3.091042453358316,11.267957994925984,4.6913478822291435,5.0238805208462765,7.828834527588089,4.276666119016055
189363210,Awesome-Pruning,he-y,he-y/Awesome-Pruning,A curated list of neural network pruning resources.,https://github.com/he-y/Awesome-Pruning,,awesome-list|model-acceleration|model-compression|pruning,No license specified,2019-05-30 07:01:54+00:00,2026-09-08 09:41:08+00:00,2024-04-04 07:18:56+00:00,2497,332,2497,16,620,master,False,False,2668,7.304585900068446,10,897,8.0,60.0,48.0,0.8,0.0,0.0,0.0,0.0,0.0,0.0,zero_commits,0,0.1329595514617541,0.0064076892270724,,unknown,7.823245690685523,5.808142489980444,2.833213344056216,6.431331081933479,0.0,2.1972245773362196,4.110873864173311,0.0
191529732,javascript-questions,lydiahallie,lydiahallie/javascript-questions,"A long list of (advanced) JavaScript questions, and their explanations :sparkles:  ",https://github.com/lydiahallie/javascript-questions,,No topics specified,MIT,2019-06-12 08:26:27+00:00,2026-09-16 22:51:21+00:00,2024-08-04 16:08:40+00:00,65320,9195,65320,53,4330,master,False,False,2655,7.268993839835729,1,775,199.0,1339.0,259.0,0.1934279312920089,0.0,0.0,0.0,0.0,0.0,0.0,zero_commits,0,0.1407685241886099,0.000811390079608,,unknown,11.087068856214001,9.126523885883072,3.9889840465642745,8.373553741214627,0.0,5.298317366548036,7.200424892944957,0.0
192925833,orm,prisma,prisma/orm,"Next-generation ORM for Node.js & TypeScript | PostgreSQL, MySQL, MariaDB, SQL Server, SQLite, MongoDB and CockroachDB",https://github.com/prisma/orm,TypeScript,cockroachdb|database|javascript|loggy-core|loggy-terminal|mariadb|mongodb|mssql|mysql|nodejs|orm|postgres|postgresql|prisma|prisma-client|query-builder|sql-server|sqlite|sqlserver|typescript,Apache-2.0,2019-06-20 13:33:47+00:00,2026-09-17 12:57:04+00:00,2026-09-17 18:06:32+00:00,47614,2537,47614,2636,263362,main,False,False,2647,7.247091033538672,1,0,23.0,8214.0,6521.0,0.7938884830776722,8256.0,12.0,2007.0,688.0,646.0365877620808,0.9230769230769232,success,8256,0.0532826479606838,0.0553618683580459,688.0,typescript,10.770903116628146,7.839131648274333,7.877397186353287,12.481288587657481,9.01881660441743,3.1780538303479458,9.01371703047137,7.60489448081162
193215554,n8n,n8n-io,n8n-io/n8n,"Fair-code workflow automation platform with native AI capabilities. Combine visual building with custom code, self-host or cloud, 400+ integrations.",https://github.com/n8n-io/n8n,TypeScript,ai|apis|automation|cli|data-flow|development|integration-framework|integrations|ipaas|low-code|low-code-platform|mcp|mcp-client|mcp-server|n8n|no-code|self-hosted|typescript|workflow|workflow-automation,NOASSERTION,2019-06-22 09:24:21+00:00,2026-09-17 18:18:50+00:00,2026-09-17 18:17:15+00:00,204985,60738,204985,1190,618868,master,False,False,2645,7.241615331964408,0,0,428.0,24016.0,4631.0,0.1928297801465689,9055.0,13.0,1177.0,696.5384615384615,311.3185976307379,1.0,success,9055,0.2963046076542186,0.0058053028270361,696.5384615384615,typescript,12.230696963105567,11.014341274848803,7.0825485693553,13.33564889760562,9.111182800442965,6.061456918928017,10.086517191913764,7.071573364211532
196753133,pdf-to-printer,artiebits,artiebits/pdf-to-printer,Print PDFs and images directly to Windows printers from Node.js or Electron.,https://github.com/artiebits/pdf-to-printer,TypeScript,electron|jpeg|nodejs|pdf|pdf-printer|png|printer|rollo-printer|silent-printing|windows|zebra-printer,MIT,2019-07-13 18:20:35+00:00,2026-09-13 02:57:38+00:00,2026-09-10 00:56:01+00:00,499,148,499,8,34381,master,False,False,2623,7.181382614647502,5,8,24.0,445.0,154.0,0.346067415730337,38.0,8.0,8.0,4.75,1.98206241793023,0.6153846153846154,success,38,0.2965931863727455,0.0160320641282565,4.75,typescript,6.214608098422191,5.003946305945459,2.1972245773362196,10.445288450601439,3.6635616461296463,3.2188758248682006,6.100318952020064,2.1972245773362196
212613049,cli,cli,cli/cli,GitHub’s official command line tool,https://github.com/cli/cli,Go,cli|git|github-api-v4|golang,MIT,2019-10-03 15:24:53+00:00,2026-09-17 16:55:16+00:00,2026-09-15 14:24:34+00:00,46309,9039,46309,1086,81190,trunk,False,False,2542,6.959616700889802,0,3,381.0,10858.0,2061.0,0.1898139620556272,1838.0,13.0,294.0,141.3846153846154,68.0925087185789,1.0,success,1838,0.195188840182254,0.0234511650003239,141.3846153846154,go,10.743113199474797,9.109414453386222,6.99117688712121,11.304559682568422,7.516977224604321,5.945420608606575,9.2927495082169,5.68697535633982
213399136,nestjs-microservices-example,Denrox,Denrox/nestjs-microservices-example,A working example of microservice architecture implementation using nestjs framework.,https://github.com/Denrox/nestjs-microservices-example,TypeScript,docker|docker-compose|microservice-architecture|microservices|mongoose|nestjs,No license specified,2019-10-07 14:02:53+00:00,2026-09-01 14:22:46+00:00,2024-04-23 01:01:51+00:00,996,275,996,9,71,master,False,False,2538,6.9486652977412735,17,878,3.0,8.0,5.0,0.625,0.0,0.0,0.0,0.0,0.0,0.0,zero_commits,0,0.2761044176706827,0.0090361445783132,,typescript,6.904750769961838,5.62040086571715,2.302585092994046,4.276666119016055,0.0,1.3862943611198906,2.1972245773362196,0.0
215608265,smart-contract-vulnerabilities,kadenzipfel,kadenzipfel/smart-contract-vulnerabilities,A collection of smart contract vulnerabilities along with prevention methods,https://github.com/kadenzipfel/smart-contract-vulnerabilities,,blockchain|ethereum|security|solidity,MIT,2019-10-16 17:41:22+00:00,2026-09-15 00:33:44+00:00,2026-02-08 19:41:47+00:00,2496,332,2496,24,3039,master,False,False,2528,6.921286789869952,3,221,13.0,242.0,160.0,0.6611570247933884,5.0,2.0,4.0,2.5,2.1213203435596424,0.1538461538461538,success,5,0.1330128205128205,0.0096153846153846,2.5,unknown,7.822845290279774,5.808142489980444,3.2188758248682006,8.019612794400267,1.791759469228055,2.6390573296152584,5.493061443340548,1.6094379124341003
216210734,Bob,ripperhe,ripperhe/Bob,Bob 是一款 macOS 平台的翻译和 OCR 软件。,https://github.com/ripperhe/Bob,,bobapp|chatgpt|deepseek|doubao|ernie|gemini|groq|hunyuan|kimi|macos|ocr|openai|qwen|translate|translation|translator|zhipuai,No license specified,2019-10-19 13:28:07+00:00,2026-09-17 12:29:19+00:00,2025-12-30 13:26:12+00:00,9749,521,9749,108,99,master,False,False,2526,6.915811088295688,1,262,1.0,22.0,22.0,1.0,1.0,1.0,1.0,1.0,0.0,0.0769230769230769,success,1,0.0534413786029336,0.0110780592881321,1.0,unknown,9.185022563991893,6.257667587882639,4.6913478822291435,4.605170185988092,0.6931471805599453,0.6931471805599453,3.1354942159291497,0.6931471805599453
222751131,30-Days-Of-Python,Asabeneh,Asabeneh/30-Days-Of-Python,The 30 Days of Python programming challenge is a step-by-step guide to learn the Python programming language in 30 days. This challenge may take more than 100 days. Follow your own pace. These videos may help too: https://www.youtube.com/channel/UC7PNRuno1rzYPb1xLa4yktw,https://github.com/Asabeneh/30-Days-Of-Python,Python,30-days-of-python|data|data-science|database|flask|fullstack|github|heroku|matplotlib|ml|mongodb|numpy|pandas|python|python3,No license specified,2019-11-19 17:24:16+00:00,2026-09-17 18:10:50+00:00,2026-09-10 08:44:30+00:00,73989,13513,73989,211,31473,master,False,False,2494,6.828199863107461,0,8,85.0,749.0,458.0,0.6114819759679573,218.0,12.0,95.0,18.166666666666668,28.31264842091005,0.9230769230769232,success,218,0.1826352565921961,0.0028517752638905,18.166666666666668,python,11.211685227919597,9.51148146411212,5.356586274672012,10.35691708716081,5.389071729816501,4.454347296253507,6.620073206530356,4.564348191467836
223636350,pycaret,pycaret,pycaret/pycaret,"Open-source, low-code AutoML platform for Python. PyCaret 4.0: sklearn-native engine + React control plane.",https://github.com/pycaret/pycaret,Python,anomaly-detection|automl|classification|clustering|data-science|fastapi|machine-learning|ml|mlops|open-source|pycaret|python|react|regression|scikit-learn,NOASSERTION,2019-11-23 18:40:48+00:00,2026-09-16 12:51:52+00:00,2026-07-23 00:34:25+00:00,9841,1844,9841,33,271811,main,False,False,2490,6.8172484599589325,2,57,120.0,4653.0,1824.0,0.3920051579626047,121.0,2.0,114.0,60.5,75.66042558696059,0.1538461538461538,success,121,0.1873793313687633,0.0033533177522609,60.5,python,9.194414221425923,7.520234556474628,3.5263605246161616,12.512865929834968,4.804021044733257,4.795790545596741,8.445482343862237,4.74493212836325
232785528,swiftui-navigation-stack,matteopuc,matteopuc/swiftui-navigation-stack,An alternative SwiftUI NavigationView implementing classic stack-based navigation giving also some more control on animations and programmatic navigation.,https://github.com/matteopuc/swiftui-navigation-stack,Swift,No topics specified,MIT,2020-01-09 10:43:22+00:00,2026-09-17 11:53:11+00:00,2022-12-05 12:52:18+00:00,999,85,999,22,1096,develop,False,False,2444,6.691307323750856,1,1383,8.0,51.0,38.0,0.7450980392156863,0.0,0.0,0.0,0.0,0.0,0.0,zero_commits,0,0.085085085085085,0.022022022022022,,swift,6.907755278982137,4.454347296253507,3.1354942159291497,7.00033446027523,0.0,2.1972245773362196,3.9512437185814275,0.0
233102473,building-secure-contracts,crytic,crytic/building-secure-contracts,Guidelines and training material to write secure smart contracts,https://github.com/crytic/building-secure-contracts,Solidity,No topics specified,AGPL-3.0,2020-01-10 17:58:29+00:00,2026-09-14 14:04:48+00:00,2026-04-13 21:32:17+00:00,2479,391,2479,58,5644,master,False,False,2442,6.685831622176591,4,157,62.0,715.0,161.0,0.2251748251748251,37.0,5.0,17.0,7.4,6.024948132556827,0.3846153846153846,success,37,0.1577248890681726,0.0233965308592174,7.4,solidity,7.8160138391590275,5.971261839790462,4.07753744390572,8.638525476583762,3.6375861597263857,4.143134726391533,6.573680166960646,2.8903717578961645
236093531,SharpStay,0xthirteen,0xthirteen/SharpStay,.NET project for installing Persistence,https://github.com/0xthirteen/SharpStay,C#,No topics specified,GPL-3.0,2020-01-24 22:22:07+00:00,2026-09-17 02:53:50+00:00,2024-06-26 15:54:52+00:00,499,99,499,3,32,master,False,False,2428,6.647501711156742,1,814,1.0,5.0,5.0,1.0,0.0,0.0,0.0,0.0,0.0,0.0,zero_commits,0,0.1983967935871743,0.0060120240480961,,c#,6.214608098422191,4.605170185988092,1.3862943611198906,3.4965075614664802,0.0,0.6931471805599453,1.791759469228055,0.0
239711956,Learn-LLVM-12,PacktPublishing,PacktPublishing/Learn-LLVM-12,"Learn LLVM 12, published by Packt",https://github.com/PacktPublishing/Learn-LLVM-12,C++,No topics specified,MIT,2020-02-11 08:28:03+00:00,2026-09-01 14:37:14+00:00,2024-05-28 17:45:02+00:00,498,102,498,21,629,master,False,False,2411,6.600958247775496,17,842,5.0,66.0,42.0,0.6363636363636364,0.0,0.0,0.0,0.0,0.0,0.0,zero_commits,0,0.2048192771084337,0.0421686746987951,,c++,6.212606095751519,4.634728988229636,3.091042453358316,6.4457198193855785,0.0,1.791759469228055,4.204692619390966,0.0
243950408,HowToCook,Anduin2017,Anduin2017/HowToCook,Programmer's guide about how to cook at home.,https://github.com/Anduin2017/HowToCook,,chinese|cookbook|cooking|dishes|recipes,Unlicense,2020-02-29 10:43:49+00:00,2026-09-17 17:31:18+00:00,2026-09-03 14:26:56+00:00,102240,11096,102240,465,525978,master,False,False,2393,6.551676933607118,0,15,412.0,2456.0,1015.0,0.4132736156351791,178.0,13.0,68.0,13.692307692307692,17.418307492332197,1.0,success,178,0.1085289514866979,0.0045481220657276,13.692307692307692,unknown,11.535088050471197,9.314430080500564,6.144185634125646,13.173016566968492,5.187385805840755,6.023447592961033,7.806696372521179,4.23410650459726
250886658,efibooteditor,Neverous,Neverous/efibooteditor,Boot Editor for (U)EFI based systems,https://github.com/Neverous/efibooteditor,C++,boot|boot-manager|editor|efi|gui|linux|macos|qt|uefi|windows,LGPL-3.0,2020-03-28 20:25:00+00:00,2026-09-17 09:32:46+00:00,2026-09-11 05:07:08+00:00,499,40,499,9,71898,master,False,False,2364,6.472279260780288,1,7,6.0,481.0,227.0,0.4719334719334719,99.0,11.0,28.0,9.0,7.307530362578044,0.8461538461538461,success,99,0.0801603206412825,0.0180360721442885,9.0,c++,6.214608098422191,3.713572066704308,2.302585092994046,11.183017635406577,4.605170185988092,1.9459101490553132,6.1779441140506,3.367295829986474
257485422,vite,vitejs,vitejs/vite,Next generation frontend tooling. It's fast!,https://github.com/vitejs/vite,TypeScript,build-tool|dev-server|frontend|hmr|vite,MIT,2020-04-21 05:03:57+00:00,2026-09-17 17:29:03+00:00,2026-09-17 10:51:39+00:00,82860,8744,82860,786,74597,main,False,False,2341,6.409308692676249,0,1,434.0,8748.0,1922.0,0.2197073616826703,1240.0,13.0,131.0,95.3846153846154,31.314369602304684,1.0,success,1240,0.105527395607048,0.0094858797972483,95.3846153846154,typescript,11.324919784107928,9.076237387452702,6.668228248417403,11.219868976180992,7.123672785204607,6.075346031088684,9.076694687106265,4.882801922586371
258964362,UnityGraphicsProgrammingSeries,IndieVisualLab,IndieVisualLab/UnityGraphicsProgrammingSeries,書籍「Unity Graphics Programming」シリーズのPDFコレクション,https://github.com/IndieVisualLab/UnityGraphicsProgrammingSeries,,No topics specified,No license specified,2020-04-26 07:10:28+00:00,2026-08-26 09:29:56+00:00,2020-04-26 10:08:51+00:00,902,60,902,1,2,master,False,False,2336,6.395619438740589,23,2336,1.0,3.0,3.0,1.0,0.0,0.0,0.0,0.0,0.0,0.0,zero_commits,0,0.0665188470066518,0.0011086474501108,,unknown,6.805722553416985,4.110873864173311,0.6931471805599453,1.0986122886681098,0.0,0.6931471805599453,1.3862943611198906,0.0
261247446,U-2-Net,xuebinqin,xuebinqin/U-2-Net,"The code for our newly accepted paper in Pattern Recognition 2020: ""U^2-Net: Going Deeper with Nested U-Structure for Salient Object Detection.""",https://github.com/xuebinqin/U-2-Net,Python,computer-vision|deep-learning|image-background-removal|image-processing|image-segmentation|u-2-net|u2net,Apache-2.0,2020-05-04 17:10:28+00:00,2026-09-17 12:26:16+00:00,2024-06-26 04:16:45+00:00,9861,1617,9861,249,68541,master,False,False,2327,6.3709787816564,1,814,11.0,251.0,219.0,0.8725099601593626,0.0,0.0,0.0,0.0,0.0,0.0,zero_commits,0,0.1639793124429571,0.0252509887435351,,python,9.196444266784072,7.388946097618437,5.521460917862246,11.135201975043723,0.0,2.4849066497880004,5.529429087511423,0.0
262395224,maui,dotnet,dotnet/maui,".NET MAUI is the .NET Multi-platform App UI, a framework for building native device applications spanning mobile, tablet, and desktop.",https://github.com/dotnet/maui,C#,android|desktop|dotnet|hacktoberfest|ios|maccatalyst|maui|microsoft|mobile|multi-platform|user-interface|winui|winui3,MIT,2020-05-08 18:11:05+00:00,2026-09-17 11:29:20+00:00,2026-09-17 14:54:23+00:00,23314,1975,23314,3951,1769469,main,False,False,2323,6.360027378507871,1,1,391.0,19616.0,2589.0,0.1319840946166394,2313.0,13.0,345.0,177.92307692307693,73.3308274630135,1.0,success,2313,0.084713047954019,0.1694689885905464,177.92307692307693,c#,10.056852209242422,7.588829878307813,8.281977058867758,14.386190624682143,7.746732907753622,5.971261839790462,9.884151816229386,5.846438775057725
269350727,goost,goostengine,goostengine/goost,"A general-purpose, extensible and customizable C++ extension for Godot Engine.",https://github.com/goostengine/goost,C++,godot-module|godotengine,MIT,2020-06-04 12:14:49+00:00,2026-09-01 14:35:19+00:00,2022-09-30 11:41:22+00:00,499,20,499,10,6170,gd3,False,False,2297,6.288843258042436,17,1449,7.0,961.0,952.0,0.9906347554630592,0.0,0.0,0.0,0.0,0.0,0.0,zero_commits,0,0.0400801603206412,0.0200400801603206,,c++,6.214608098422191,3.044522437723423,2.3978952727983707,8.727616178321068,0.0,2.0794415416798357,6.8690144506657065,0.0
270171567,free,freefq,freefq/free,翻墙、免费翻墙、免费科学上网、免费节点、免费梯子、免费ss/v2ray/trojan节点、蓝灯、谷歌商店、翻墙梯子,https://github.com/freefq/free,,bulink|fanqiang|freefq|gfw|lantern|shadowsocks|trojan|v2ray|vmess|vpn,No license specified,2020-06-07 02:48:33+00:00,2026-09-17 16:21:43+00:00,2024-08-20 09:43:55+00:00,42218,5630,42218,647,42112,master,False,False,2294,6.28062970568104,1,759,1.0,8111.0,8111.0,1.0,0.0,0.0,0.0,0.0,0.0,0.0,zero_commits,0,0.1333554408072386,0.0153252167321995,,unknown,10.650625635664678,8.636042325254618,6.473890696352274,10.64811176060366,0.0,0.6931471805599453,9.001099725830965,0.0
273129304,ViewFaceCore,ViewFaceCore,ViewFaceCore/ViewFaceCore,C# 超简单的离线人脸识别库。( 基于 SeetaFace6 ),https://github.com/ViewFaceCore/ViewFaceCore,C#,csharp|face-detection|face-recognition|nuget|seetaface6,MIT,2020-06-18 03:06:05+00:00,2026-09-17 14:20:15+00:00,2025-07-02 03:16:39+00:00,999,233,999,27,310353,main,False,False,2283,6.250513347022587,1,443,2.0,337.0,194.0,0.5756676557863502,0.0,0.0,0.0,0.0,0.0,0.0,zero_commits,0,0.2332332332332332,0.027027027027027,,c#,6.907755278982137,5.455321115357702,3.332204510175204,12.645468860432818,0.0,1.0986122886681098,5.823045895483019,0.0
273871859,headscale,juanfont,juanfont/headscale,"An open source, self-hosted implementation of the Tailscale control server",https://github.com/juanfont/headscale,Go,tailscale|tailscale-control-server|tailscale-server|wireguard,BSD-3-Clause,2020-06-21 09:21:05+00:00,2026-09-17 17:18:27+00:00,2026-09-15 12:37:20+00:00,43920,2574,43920,149,56353,main,False,False,2280,6.242299794661191,0,3,247.0,4398.0,2325.0,0.5286493860845839,938.0,12.0,168.0,78.16666666666667,49.4659356312886,0.9230769230769232,success,938,0.0586065573770491,0.0033925318761384,78.16666666666667,go,10.69014784459452,7.853604813097837,5.0106352940962555,10.939408501864317,6.844815479208263,5.5134287461649825,8.389132521348719,5.1298987149230735
276852180,HelloSilicon,below,below/HelloSilicon,An introduction to ARM64 assembly on Apple Silicon Macs,https://github.com/below/HelloSilicon,Assembly,aarch64|apple|apple-silicon|arm|arm64|assembler|assembly|clang-assembler|darwin|ios|m1|mach-o|macos,MIT,2020-07-03 08:46:11+00:00,2026-09-17 13:04:56+00:00,2026-05-15 21:16:21+00:00,4995,330,4995,9,352,main,False,False,2268,6.209445585215605,1,125,24.0,291.0,262.0,0.9003436426116839,6.0,4.0,2.0,1.5,0.5773502691896257,0.3076923076923077,success,6,0.066066066066066,0.0018018018018018,1.5,assembly,8.516392871245468,5.802118375377063,2.302585092994046,5.8664680569332965,1.9459101490553132,3.2188758248682006,5.676753802268282,1.0986122886681098
279725533,picosnitch,elesiuta,elesiuta/picosnitch,Monitor network traffic per executable,https://github.com/elesiuta/picosnitch,C,bandwidth-monitor|ebpf|intrusion-detection|linux|monitoring|network-analysis|network-monitor|network-monitoring|network-traffic|network-visualization|networking|privacy|security,GPL-3.0,2020-07-15 00:49:13+00:00,2026-09-16 21:53:13+00:00,2026-08-10 02:57:48+00:00,999,43,999,0,5810,master,False,False,2256,6.176591375770021,1,39,7.0,872.0,864.0,0.9908256880733946,172.0,5.0,56.0,34.4,16.410362579784763,0.3846153846153846,success,172,0.043043043043043,0.0,34.4,c,6.907755278982137,3.784189633918261,0.0,8.667507952075105,5.153291594497779,2.0794415416798357,6.771935555839602,4.04305126783455
295834617,react-nil,pmndrs,pmndrs/react-nil,⃝ A react null renderer,https://github.com/pmndrs/react-nil,TypeScript,fiber|node|null|react|renderer,MIT,2020-09-15 19:53:38+00:00,2026-09-15 19:12:59+00:00,2025-01-13 20:26:24+00:00,999,18,999,0,326,master,False,False,2193,6.0041067761806985,2,612,4.0,62.0,36.0,0.5806451612903226,0.0,0.0,0.0,0.0,0.0,0.0,zero_commits,0,0.018018018018018,0.0,,typescript,6.907755278982137,2.9444389791664403,0.0,5.7899601708972535,0.0,1.6094379124341003,4.143134726391533,0.0
306803927,codexffmpeg,GyanD,GyanD/codexffmpeg,Support for https://www.gyan.dev/ffmpeg,https://github.com/GyanD/codexffmpeg,,No topics specified,No license specified,2020-10-24 04:18:30+00:00,2026-09-17 11:27:51+00:00,2026-09-17 11:26:10+00:00,2498,152,2498,8,11,main,False,False,2155,5.900068446269678,1,1,1.0,10.0,10.0,1.0,2.0,2.0,1.0,1.0,0.0,0.1538461538461538,success,2,0.0608486789431545,0.0032025620496397,1.0,unknown,7.823645930834952,5.030437921392435,2.1972245773362196,2.4849066497880004,1.0986122886681098,0.6931471805599453,2.3978952727983707,0.6931471805599453
317319347,social-analyzer,qeeqbox,qeeqbox/social-analyzer,"API, CLI, and Web App for analyzing and finding a person's profile in 1000 social media \ websites",https://github.com/qeeqbox/social-analyzer,JavaScript,analysis|analyzer|cli|information-gathering|javascript|nodejs|nodejs-cli|osint|pentest|pentesting|person-profile|profile|python|reconnaissance|security-tools|social-analyzer|social-media|sosint|username,AGPL-3.0,2020-11-30 19:04:26+00:00,2026-09-17 18:10:11+00:00,2026-01-12 21:50:25+00:00,24055,2313,24055,28,62763,main,False,False,2117,5.796030116358659,0,248,23.0,895.0,647.0,0.7229050279329609,6.0,2.0,3.0,3.0,0.0,0.1538461538461538,success,6,0.0961546456038245,0.001163999168572,3.0,javascript,10.088139724668364,7.746732907753622,3.367295829986474,11.047136939678959,1.9459101490553132,3.1780538303479458,6.79794041297493,1.3862943611198906
331362202,volt-react-dashboard,themesberg,themesberg/volt-react-dashboard,Free and open source React.js admin dashboard template and UI library based on Bootstrap 5,https://github.com/themesberg/volt-react-dashboard,JavaScript,bootstrap|bootstrap-5|react|react-admin-template|react-bootstrap|react-bootstrap-5|react-dashboard,MIT,2021-01-20 16:17:34+00:00,2026-09-15 00:24:52+00:00,2024-01-27 11:17:42+00:00,997,444,997,22,4562,master,False,False,2067,5.6591375770020536,3,965,4.0,56.0,51.0,0.9107142857142856,0.0,0.0,0.0,0.0,0.0,0.0,zero_commits,0,0.4453360080240722,0.0220661985957873,,javascript,6.905753276311464,6.09807428216624,3.1354942159291497,8.425735580927402,0.0,1.6094379124341003,4.04305126783455,0.0
332526289,FirefoxCSS-Store.github.io,FirefoxCSS-Store,FirefoxCSS-Store/FirefoxCSS-Store.github.io,"A collection site of Firefox userchrome themes, mostly from FirefoxCSS Reddit community.",https://github.com/FirefoxCSS-Store/FirefoxCSS-Store.github.io,JavaScript,firefox|pug|scss|themes|userchrome,No license specified,2021-01-24 18:37:08+00:00,2026-09-16 22:08:12+00:00,2026-09-12 14:44:51+00:00,997,83,997,2,275661,main,False,False,2062,5.645448323066393,1,6,89.0,1007.0,346.0,0.3435948361469712,193.0,11.0,55.0,17.545454545454547,17.30528032921534,0.8461538461538461,success,193,0.0832497492477432,0.0020060180541624,17.545454545454547,javascript,6.905753276311464,4.430816798843313,1.0986122886681098,12.526930756536627,5.267858159063328,4.499809670330265,6.915723448631314,4.02535169073515
336985289,js-screen-shot,likaia,likaia/js-screen-shot,web端自定义截图插件(原生JS版),https://github.com/likaia/js-screen-shot,TypeScript,electron|javascript|js-screen-shot|screenshot|typescript|web-screenshot,MIT,2021-02-08 06:48:45+00:00,2026-09-09 13:29:12+00:00,2026-05-18 15:18:52+00:00,999,136,999,4,3095,master,False,False,2048,5.607118412046543,9,123,9.0,32.0,22.0,0.6875,9.0,1.0,9.0,9.0,0.0,0.0769230769230769,success,9,0.1361361361361361,0.004004004004004,9.0,typescript,6.907755278982137,4.919980925828125,1.6094379124341003,8.037866234709618,2.302585092994046,2.302585092994046,3.4965075614664802,2.302585092994046
343965132,ML-For-Beginners,microsoft,microsoft/ML-For-Beginners,"12 weeks, 26 lessons, 52 quizzes, classic Machine Learning for all",https://github.com/microsoft/ML-For-Beginners,Jupyter Notebook,data-science|education|machine-learning|machine-learning-algorithms|machinelearning|machinelearning-python|microsoft-for-beginners|ml|python|r|scikit-learn|scikit-learn-python,MIT,2021-03-03 01:34:05+00:00,2026-09-17 18:05:49+00:00,2026-09-15 05:29:39+00:00,90601,22333,90601,9,2275292,main,False,False,2025,5.544147843942505,0,3,147.0,2353.0,719.0,0.3055673608159796,628.0,13.0,202.0,48.30769230769231,57.51867032449061,1.0,success,628,0.2464983830200549,9.93366519133343e-05,48.30769230769231,jupyter notebook,11.414231566842608,10.013865460005738,2.302585092994046,14.637619393283103,6.444131256700441,4.997212273764115,7.763871287820222,5.313205979041787
347547386,typer,maaslalani,maaslalani/typer,Typing test in your terminal,https://github.com/maaslalani/typer,Go,cli|terminal|typing,MIT,2021-03-14 04:55:18+00:00,2026-09-17 09:44:25+00:00,2024-05-25 17:30:49+00:00,499,28,499,4,2911,main,False,False,2014,5.514031485284052,1,845,7.0,55.0,38.0,0.6909090909090909,0.0,0.0,0.0,0.0,0.0,0.0,zero_commits,0,0.0561122244488977,0.0080160320641282,,go,6.214608098422191,3.367295829986474,1.6094379124341003,7.976595409316577,0.0,2.0794415416798357,4.02535169073515,0.0
352429422,obsidian-style-settings,community-archive,community-archive/obsidian-style-settings,"A dynamic user interface for adjusting theme, plugin, and snippet CSS variables within Obsidian",https://github.com/community-archive/obsidian-style-settings,TypeScript,obsidian-plugin,GPL-3.0,2021-03-28 20:17:29+00:00,2026-09-17 16:20:57+00:00,2026-07-13 23:32:02+00:00,2489,179,2489,40,444,main,False,False,1999,5.47296372347707,1,66,13.0,146.0,106.0,0.726027397260274,6.0,2.0,5.0,3.0,2.8284271247461903,0.1538461538461538,success,6,0.0719164323021293,0.0160707111289674,3.0,typescript,7.820037989458753,5.19295685089021,3.713572066704308,6.09807428216624,1.9459101490553132,2.6390573296152584,4.990432586778736,1.791759469228055
363910063,bun,uptrace,uptrace/bun,SQL-first Golang ORM,https://github.com/uptrace/bun,Go,database|go|golang|mssql|mysql|oracle|orm|postgresql|sql|sqlite|sqlite3,BSD-2-Clause,2021-05-03 11:40:52+00:00,2026-09-17 05:27:11+00:00,2026-08-21 14:17:15+00:00,4976,306,4976,37,3846,master,False,False,1964,5.377138945927447,1,28,124.0,1422.0,938.0,0.659634317862166,97.0,12.0,20.0,8.083333333333334,6.1119604552108,0.9230769230769232,success,97,0.0614951768488746,0.0074356913183279,8.083333333333334,go,8.512582578858554,5.726847747587197,3.6375861597263857,8.255048902752295,4.584967478670572,4.8283137373023015,7.260522598089852,3.044522437723423
368842448,vscode.nvim,Mofiqul,Mofiqul/vscode.nvim,Neovim/Vim color scheme inspired by Dark+ and Light+ theme in Visual Studio Code,https://github.com/Mofiqul/vscode.nvim,Lua,codedark|color-scheme|colorscheme|lua|lualine-theme|neovim|nvim|scheme|treesitter|vim|vscode,MIT,2021-05-19 11:16:33+00:00,2026-09-11 19:46:18+00:00,2026-09-03 05:38:12+00:00,998,142,998,53,1266,main,False,False,1948,5.333333333333333,6,15,58.0,382.0,202.0,0.5287958115183246,6.0,4.0,2.0,1.5,0.5773502691896257,0.3076923076923077,success,6,0.1422845691382765,0.0531062124248497,1.5,lua,6.906754778648554,4.962844630259907,3.9889840465642745,7.144407180321139,1.9459101490553132,4.07753744390572,5.948034989180646,1.0986122886681098
384520418,MaaAssistantArknights,MaaAssistantArknights,MaaAssistantArknights/MaaAssistantArknights,"《明日方舟》小助手，全日常一键长草！| A one-click tool for the daily tasks of Arknights, supporting all clients.",https://github.com/MaaAssistantArknights/MaaAssistantArknights,C++,arknights|computer-vision|maa,AGPL-3.0,2021-07-09 18:26:38+00:00,2026-09-17 17:01:47+00:00,2026-09-17 16:55:29+00:00,23312,2846,23312,588,1164903,dev-v2,False,False,1896,5.190965092402464,0,0,337.0,19967.0,5019.0,0.2513647518405368,3744.0,13.0,463.0,288.0,101.69808257779496,1.0,success,3744,0.122083047357584,0.02522306108442,288.0,c++,10.056766423877352,7.954021087278037,6.3784261836515865,13.968149238153112,8.22817689595132,5.823045895483019,9.901886271169154,6.139884552226255
411521053,Astral3D,mlt131220,mlt131220/Astral3D,"基于Vue3 + THREE.JS 免费开源的三维引擎及配套编辑器，包含BIM轻量化、CAD解析预览、粒子系统、插件系统等功能。               A free and open-source 3D engine based on Vue3 + THREE.JS and its accompanying editor, featuring functions such as BIM lightweighting, CAD parsing preview, particle system, and plugin system.",https://github.com/mlt131220/Astral3D,JavaScript,3d|bim|cad|editor|threejs|threejs-editor|vue3|webgl|webgpu,Apache-2.0,2021-09-29 03:46:49+00:00,2026-09-17 13:16:38+00:00,2026-09-14 11:11:24+00:00,2494,493,2494,3,104599,main,False,False,1815,4.969199178644764,1,4,1.0,13.0,13.0,1.0,13.0,6.0,4.0,2.1666666666666665,1.1690451944500122,0.4615384615384615,success,13,0.1976744186046511,0.0012028869286287,2.1666666666666665,javascript,7.822044008185619,6.202535517187923,1.3862943611198906,11.55789883061296,2.6390573296152584,0.6931471805599453,2.6390573296152584,1.6094379124341003
445477700,nspanel-lovelace-ui,joBr99,joBr99/nspanel-lovelace-ui,"Custom Firmware for NsPanel with the design of HomeAssistant's lovelace UI in mind, works with Tasmota.",https://github.com/joBr99/nspanel-lovelace-ui,TypeScript,appdeamon|hacktoberfest|home-assistant|home-automation|homeassistant|iobroker|lovelace|mqtt|nspanel|sonoff|tasmota,GPL-3.0,2022-01-07 10:09:15+00:00,2026-09-08 14:07:16+00:00,2026-08-06 18:26:14+00:00,997,201,997,69,566004,main,False,False,1715,4.695414099931554,10,42,55.0,4291.0,3204.0,0.746679095781869,114.0,11.0,25.0,10.363636363636363,8.663402648760211,0.8461538461538461,success,114,0.2016048144433299,0.0692076228686058,10.363636363636363,typescript,6.905753276311464,5.308267697401205,4.248495242049359,13.246358191068563,4.74493212836325,4.02535169073515,8.36450810375059,3.258096538021482
451707465,morisawa-biz-ud-mincho,googlefonts,googlefonts/morisawa-biz-ud-mincho,No description provided,https://github.com/googlefonts/morisawa-biz-ud-mincho,Python,No topics specified,OFL-1.1,2022-01-25 02:27:23+00:00,2026-09-01 14:36:56+00:00,2026-06-16 07:41:48+00:00,499,10,499,18,52400,main,False,False,1697,4.646132785763176,17,94,3.0,61.0,58.0,0.9508196721311476,0.0,0.0,0.0,0.0,0.0,0.0,zero_commits,0,0.0200400801603206,0.0360721442885771,,python,6.214608098422191,2.3978952727983707,2.9444389791664403,10.866680954096502,0.0,1.3862943611198906,4.127134385045092,0.0
452483626,ab-av1,alexheretic,alexheretic/ab-av1,"AV1 re-encoding using ffmpeg, svt-av1 & vmaf.",https://github.com/alexheretic/ab-av1,Rust,No topics specified,MIT,2022-01-27 00:12:12+00:00,2026-09-17 15:21:58+00:00,2026-09-07 08:31:25+00:00,997,69,997,75,569,main,False,False,1695,4.640657084188912,1,11,15.0,342.0,321.0,0.9385964912280702,49.0,10.0,12.0,4.9,3.3813212407775355,0.7692307692307693,success,49,0.0692076228686058,0.0752256770310932,4.9,rust,6.905753276311464,4.248495242049359,4.330733340286331,6.345636360828596,3.912023005428146,2.772588722239781,5.8377304471659395,2.5649493574615367
455229168,immich,immich-app,immich-app/immich,High performance self-hosted photo and video management solution.,https://github.com/immich-app/immich,TypeScript,backup-tool|flutter|google-photos|google-photos-alternative|javascript|mobile-app|nestjs|nodejs|photo-gallery|photos|photos-management|self-hosted|svelte|sveltekit|typescript|videos,AGPL-3.0,2022-02-03 15:56:27+00:00,2026-09-17 18:17:00+00:00,2026-09-17 18:17:11+00:00,114568,6977,114568,742,312494,main,False,False,1688,4.621492128678987,0,0,461.0,10431.0,1965.0,0.1883807880356629,2837.0,13.0,300.0,218.23076923076923,70.07633200797761,1.0,success,2837,0.0608983311221283,0.0064765030374973,218.23076923076923,typescript,11.648932540561198,8.85051762174672,6.610696044717759,12.652343748030592,7.950854857719988,6.135564891081739,9.252633284166434,5.707110264748875
462938438,Clipper2,AngusJohnson,AngusJohnson/Clipper2,"Polygon Clipping, Offsetting & Triangulation in  C++, C# and Delphi",https://github.com/AngusJohnson/Clipper2,C++,algorithm|boolean-operations|clipping|clipping-algorithm|cpp|csharp|delphi|geometry|inflate|offsetting|pascal|polygon|polygon-boolean|polygon-clipping|polygon-clipping-algorithm|polygon-intersection|polygon-union,BSL-1.0,2022-02-23 23:19:12+00:00,2026-09-16 12:06:03+00:00,2026-04-20 01:18:06+00:00,2485,455,2485,28,12368,main,False,False,1667,4.563997262149213,2,151,50.0,817.0,666.0,0.8151774785801713,58.0,7.0,32.0,8.285714285714286,10.76590738882524,0.5384615384615384,success,58,0.1830985915492957,0.0112676056338028,8.285714285714286,c++,7.818430272070656,6.1224928095143865,3.367295829986474,9.42294862137501,4.07753744390572,3.9318256327243257,6.706862336602747,3.4965075614664802
473439500,zb-admin,zouzhibin,zouzhibin/zb-admin,"系统基于vite+vue3+pinia+element-plus+ts后台管理系统、一款开箱即用的 Vue 中后台管理系统框架， 兼容PC、移动端。vue-admin, vue-element-admin, vue后台, 后台系统, 后台框架, 管理后台, 管理系统",https://github.com/zouzhibin/zb-admin,Vue,element-plus|management-system|pinia|typescript|vite|vue|vue-admin|vue-admin-perfect|vue-admin-plus|vue-cli|vue-router|vue3|vue3-typescript|vuex,No license specified,2022-03-24 03:10:50+00:00,2026-09-14 01:10:54+00:00,2024-01-25 03:51:07+00:00,998,177,998,7,118413,master,False,False,1639,4.487337440109514,4,967,2.0,43.0,42.0,0.9767441860465116,0.0,0.0,0.0,0.0,0.0,0.0,zero_commits,0,0.1773547094188376,0.0070140280561122,,vue,6.906754778648554,5.181783550292085,2.0794415416798357,11.681942237685105,0.0,1.0986122886681098,3.784189633918261,0.0
475932672,evaluate,huggingface,huggingface/evaluate,🤗 Evaluate: A library for easily evaluating machine learning models and datasets.,https://github.com/huggingface/evaluate,Python,evaluation|machine-learning,Apache-2.0,2022-03-30 15:08:26+00:00,2026-09-17 08:53:26+00:00,2026-09-17 08:55:33+00:00,2481,342,2481,311,2177,main,False,False,1633,4.470910335386721,1,1,129.0,793.0,224.0,0.2824716267339218,18.0,6.0,13.0,3.0,4.898979485566356,0.4615384615384615,success,18,0.1378476420798065,0.1253526803708182,3.0,python,7.8168199657645525,5.8377304471659395,5.7430031878094825,7.686162303492906,2.9444389791664403,4.867534450455582,6.677083461247136,2.6390573296152584
488641606,agno,agno-agi,agno-agi/agno,"Build, run, and manage agent platforms.",https://github.com/agno-agi/agno,Python,agents|ai|ai-agents|developer-tools|python,Apache-2.0,2022-05-04 15:23:02+00:00,2026-09-17 13:58:49+00:00,2026-09-17 14:34:38+00:00,42218,5949,42218,1474,322481,main,False,False,1598,4.375085557837098,1,1,442.0,5946.0,2506.0,0.4214598049108644,1951.0,13.0,299.0,150.07692307692307,58.81391776677459,1.0,success,1951,0.1409114595670093,0.0349140177175612,150.07692307692307,python,10.650625635664678,8.691146498539675,7.29641326877392,12.68380259970682,7.5766097669730375,6.093569770045136,8.690642169706594,5.703782474656201
499830255,open-metric-learning,OML-Team,OML-Team/open-metric-learning,"Metric learning and retrieval pipelines, models and zoo.",https://github.com/OML-Team/open-metric-learning,Python,computer-vision|data-science|deep-learning|hacktoberfest|hacktoberfest-2023|hacktoberfest2023|metric-learning|pytorch|pytorch-lightning|representation-learning|similarity-learning,Apache-2.0,2022-06-04 13:12:25+00:00,2026-09-11 15:14:13+00:00,2025-11-26 19:20:52+00:00,998,78,998,37,2641,main,False,False,1567,4.290212183436003,7,295,24.0,430.0,335.0,0.7790697674418605,4.0,1.0,4.0,4.0,0.0,0.0769230769230769,success,4,0.0781563126252505,0.0370741482965931,4.0,python,6.906754778648554,4.3694478524670215,3.6375861597263857,7.879291485082271,1.6094379124341003,3.2188758248682006,6.066108090103747,1.6094379124341003
517572452,feishin,jeffvli,jeffvli/feishin,A modern self-hosted music player.,https://github.com/jeffvli/feishin,TypeScript,jellyfin|music-player|navidrome|self-hosted|subsonic|subsonic-client,GPL-3.0,2022-07-25 08:02:56+00:00,2026-09-17 16:56:03+00:00,2026-09-17 14:52:34+00:00,9907,529,9907,240,60272,development,False,False,1516,4.1505817932922655,0,1,171.0,4214.0,2919.0,0.6926910299003323,2328.0,13.0,618.0,179.07692307692307,168.2223040792855,1.0,success,2328,0.0533965882709195,0.0242252952457858,179.07692307692307,typescript,9.20109779060925,6.272877006546167,5.484796933490655,11.006639521246269,7.753194269884341,5.147494476813453,8.346404870435956,6.428105272684596
535160981,nutshell,cashubtc,cashubtc/nutshell,Chaumian ecash wallet and mint for Bitcoin,https://github.com/cashubtc/nutshell,Python,bitcoin|ecash|lightning-network|privacy,MIT,2022-09-11 01:26:19+00:00,2026-09-17 13:03:23+00:00,2026-09-17 15:07:21+00:00,499,179,499,135,27727,main,False,False,1468,4.0191649555099245,1,1,60.0,1424.0,927.0,0.6509831460674157,461.0,12.0,110.0,38.41666666666666,35.2896027266681,0.9230769230769232,success,461,0.3587174348697395,0.2705410821643286,38.41666666666666,python,6.214608098422191,5.19295685089021,4.912654885736052,10.230198011955387,6.135564891081739,4.110873864173311,7.261927092702751,4.709530201312334
542284380,bruno,usebruno,usebruno/bruno,Opensource IDE For Exploring and Testing API's (lightweight alternative to Postman/Insomnia),https://github.com/usebruno/bruno,JavaScript,api-client|api-testing|automation|developer-tools|git|graphql-client|http-client|javascript|openapi|openapi3|opensource|rest-api|testing|testing-tools,MIT,2022-09-27 20:51:45+00:00,2026-09-17 17:43:41+00:00,2026-09-17 12:43:41+00:00,47015,2888,47015,1849,65299,main,False,False,1451,3.972621492128679,0,1,418.0,4798.0,1417.0,0.295331388078366,1641.0,13.0,317.0,126.23076923076924,73.12905697709341,1.0,success,1641,0.061427204083803,0.0393278740827395,126.23076923076924,javascript,10.758243248292487,7.968665700466235,7.52294091807237,11.086747315264523,7.403670290012373,6.037870919922137,8.476162841858246,5.762051382780177
552661142,langchain,langchain-ai,langchain-ai/langchain,The agent engineering platform.,https://github.com/langchain-ai/langchain,Python,agents|ai|ai-agents|anthropic|chatgpt|deepagents|enterprise|framework|gemini|generative-ai|langchain|langgraph|llm|multiagent|open-source|openai|pydantic|python|rag|typescript,MIT,2022-10-17 02:58:36+00:00,2026-09-17 18:09:08+00:00,2026-09-17 18:16:38+00:00,146532,24504,146532,540,599060,master,False,False,1432,3.920602327173169,0,0,467.0,11724.0,1398.0,0.1192425793244626,2534.0,13.0,347.0,194.92307692307693,71.6233918242515,1.0,success,2534,0.1672262713946441,0.0036852018671689,194.92307692307693,python,11.895005938045637,10.106632457343649,6.293419278846481,13.303118708306602,7.837948916025283,6.148468295917647,9.36947859331448,5.8522024797744745
555855184,ns-emu-tools,triwinds,triwinds/ns-emu-tools,一个用于安装/更新 NS 模拟器的工具,https://github.com/triwinds/ns-emu-tools,Rust,No topics specified,AGPL-3.0,2022-10-22 13:46:50+00:00,2026-09-17 02:56:20+00:00,2026-09-16 04:31:39+00:00,4956,179,4956,19,9069,main,False,False,1427,3.906913073237509,1,2,6.0,958.0,693.0,0.7233820459290188,296.0,12.0,62.0,24.666666666666668,19.35474258692325,0.9230769230769232,success,296,0.0361178369652945,0.0038337368845843,24.666666666666668,rust,8.508555998020574,5.19295685089021,2.995732273553991,9.112727543109182,5.6937321388027,1.9459101490553132,6.8658910748834385,4.143134726391533
593813395,scroll-documentation,scroll-tech,scroll-tech/scroll-documentation,This is the frontend for the Scroll documentation,https://github.com/scroll-tech/scroll-documentation,MDX,No topics specified,MIT,2023-01-26 22:21:57+00:00,2026-09-08 02:04:00+00:00,2026-07-30 00:19:00+00:00,701,196,701,88,60830,develop,False,False,1330,3.641341546885695,10,50,67.0,754.0,297.0,0.3938992042440318,35.0,4.0,30.0,8.75,14.174507634012077,0.3076923076923077,success,35,0.2796005706134094,0.1255349500713266,8.75,mdx,6.553933404025811,5.2832037287379885,4.48863636973214,11.015854806436574,3.58351893845611,4.219507705176107,6.626717749249025,3.4339872044851463
609416865,nextai-translator,nextai-translator,nextai-translator/nextai-translator,基于 ChatGPT API 的划词翻译浏览器插件和跨平台桌面端应用    -    Browser extension and cross-platform desktop application for translation based on ChatGPT API.,https://github.com/nextai-translator/nextai-translator,TypeScript,browser-extension|chatgpt|chrome-extension|openai|translation|translator|translator-app,AGPL-3.0,2023-03-04 05:21:09+00:00,2026-09-17 13:21:52+00:00,2026-09-03 09:35:54+00:00,24986,1850,24986,529,24455,main,False,False,1294,3.542778918548939,1,15,106.0,979.0,670.0,0.6843718079673136,97.0,12.0,29.0,8.083333333333334,9.577040094397486,0.9230769230769232,success,97,0.0740414632194028,0.0211718562394941,8.083333333333334,typescript,10.12611096860345,7.523481312573497,6.272877006546167,10.104630863570671,4.584967478670572,4.672828834461906,6.887552571664617,3.4011973816621555
615869301,LocalAI,mudler,mudler/LocalAI,"LocalAI is the open-source AI engine. Run any model - LLMs, vision, voice, image, video - on any hardware. No GPU required.",https://github.com/mudler/LocalAI,Go,agents|ai|api|audio-generation|decentralized|distributed|image-generation|libp2p|llama|llm|mamba|mcp|musicgen|object-detection|rerank|stable-diffusion|text-generation|tts,MIT,2023-03-18 22:58:02+00:00,2026-09-17 17:57:29+00:00,2026-09-17 06:10:52+00:00,49143,4455,49143,168,109322,master,False,False,1279,3.501711156741957,0,1,243.0,5522.0,3354.0,0.607388627308946,3370.0,13.0,461.0,259.2307692307692,110.54874780396943,1.0,success,3370,0.0906538062389353,0.0034185947133874,259.2307692307692,go,10.802510042843764,8.40200678160712,5.1298987149230735,11.60206208203649,8.12296471523406,5.497168225293202,8.616676469901188,6.135564891081739
630824392,llm-wiki-agent,SamurAIGPT,SamurAIGPT/llm-wiki-agent,"A personal knowledge base that builds and maintains itself. Drop in sources — Claude (or Codex/Gemini) reads them, extracts knowledge, and maintains a persistent interlinked wiki. Works with Claude Code, Codex, OpenCode, Gemini CLI. No API key needed.",https://github.com/SamurAIGPT/llm-wiki-agent,Python,"ai-agent, ai-tools, automation, claude-code, codex, gemini, generative-ai, knowledge-base, knowledge-graph, llm, markdown, muapi, note-taking, obsidian, open-source, personal-knowledge-management, rag, research, second-brain, wiki",MIT,2023-04-21 08:31:00+00:00,2026-09-18 05:25:09+00:00,2026-09-17 20:00:09+00:00,3533,405,3533,4,405,main,False,False,1246,3.4113620807665983,0,0,8.0,110.0,43.0,0.3909090909090909,100.0,7.0,68.0,14.285714285714286,23.90756007148008,0.5384615384615384,success,100,0.1146334559864138,0.0011321822813472,14.285714285714286,python,8.170185652879642,6.0063531596017325,1.6094379124341003,6.0063531596017325,4.61512051684126,2.1972245773362196,4.709530201312334,4.23410650459726
643285887,apihub,hiteshchoudhary,hiteshchoudhary/apihub,"Your own API Hub to learn and master API interaction. Ideal for frontend, mobile dev and backend developers. ",https://github.com/hiteshchoudhary/apihub,JavaScript,api|backend|backend-api|frontend|mobile-development,NOASSERTION,2023-05-20 17:17:16+00:00,2026-09-17 12:38:31+00:00,2026-05-05 07:27:42+00:00,9776,1494,9776,72,6117,main,False,False,1216,3.3292265571526354,1,136,25.0,494.0,320.0,0.6477732793522267,4.0,1.0,4.0,4.0,0.0,0.0769230769230769,success,4,0.152823240589198,0.0073649754500818,4.0,javascript,9.18778796750567,7.3098814858247865,4.290459441148391,8.718990524710849,1.6094379124341003,3.258096538021482,6.20455776256869,1.6094379124341003
643445235,lobehub,lobehub,lobehub/lobehub,"🤯 LobeHub is your Chief Agent Operator, organizing your agents into 7×24 operations by hiring, scheduling, and reporting on your entire AI team.",https://github.com/lobehub/lobehub,TypeScript,agent|agent-collaboration|agent-harness|ai|cao|chatgpt|chief-agent-operator|claude|deepseek|fable|gemini|glm|gpt|knowledge-base|loop-engineering|mcp|openai|skills,NOASSERTION,2023-05-21 07:19:12+00:00,2026-09-17 18:02:53+00:00,2026-09-17 18:17:25+00:00,82541,15891,82541,918,934770,canary,False,False,1216,3.3292265571526354,0,0,348.0,11950.0,3840.0,0.3213389121338912,7510.0,13.0,940.0,577.6923076923077,227.9701678639059,1.0,success,7510,0.1925225039677251,0.0111217455567536,577.6923076923077,typescript,11.32106253368905,9.67357111693449,6.823286122355687,13.74805685848698,8.924123891686012,5.855071922202427,9.388570235866881,6.846943139585379
646410686,LlamaFactory,hiyouga,hiyouga/LlamaFactory,Unified Efficient Fine-Tuning of 100+ LLMs & VLMs (ACL 2024),https://github.com/hiyouga/LlamaFactory,Python,agent|ai|deepseek|fine-tuning|gemma|gpt|instruction-tuning|large-language-models|llama|llama3|llm|lora|moe|nlp|peft|qlora|quantization|qwen|rlhf|transformers,Apache-2.0,2023-05-28 10:09:12+00:00,2026-09-17 18:00:29+00:00,2026-09-14 08:09:48+00:00,74832,9166,74832,1156,14039,main,False,False,1209,3.3100616016427105,0,4,282.0,3074.0,2194.0,0.7137280416395576,326.0,13.0,52.0,25.07692307692308,12.14812426166785,1.0,success,326,0.1224877057943125,0.0154479367115672,25.07692307692308,python,11.223014243143432,9.123365357961776,7.053585727193677,9.549665677579801,5.7899601708972535,5.645446897643238,8.031060180240619,3.970291913552122
661957079,gkd,gkd-kit,gkd-kit/gkd,"基于无障碍，高级选择器，订阅规则的自定义屏幕点击安卓应用 | An Android APP with custom screen tapping based on Accessibility, Advanced Selectors, and Subscription Rules",https://github.com/gkd-kit/gkd,Kotlin,accessibility|android|auto|click|compose|jetpack-compose|kotlin|kotlin-js|kotlin-multiplatform|webassembly,GPL-3.0,2023-07-04 03:59:15+00:00,2026-09-17 17:19:37+00:00,2026-09-06 16:52:03+00:00,41961,1984,41961,13,5699,main,False,False,1172,3.2087611225188226,0,11,10.0,1369.0,1354.0,0.9890430971512052,271.0,13.0,45.0,20.846153846153847,13.667761056870006,1.0,success,271,0.0472819999523366,0.0003098114916231,20.846153846153847,kotlin,10.644519725816647,7.59337419312129,2.6390573296152584,8.648221453822641,5.605802066295998,2.3978952727983707,7.222566018822171,3.828641396489095
662028682,gaussian-splatting,graphdeco-inria,graphdeco-inria/gaussian-splatting,"Original reference implementation of ""3D Gaussian Splatting for Real-Time Radiance Field Rendering""",https://github.com/graphdeco-inria/gaussian-splatting,Python,computer-graphics|computer-vision|radiance-field,NOASSERTION,2023-07-04 07:51:38+00:00,2026-09-17 15:34:31+00:00,2025-10-17 14:28:15+00:00,23897,3430,23897,714,80569,main,False,False,1172,3.2087611225188226,1,336,12.0,83.0,48.0,0.5783132530120482,0.0,0.0,0.0,0.0,0.0,0.0,zero_commits,0,0.1435326610034732,0.0298782273925597,,python,10.0815500524097,8.14060704285845,6.5722825426940075,11.296881650771242,0.0,2.5649493574615367,4.430816798843313,0.0
666299222,openinterpreter,openinterpreter,openinterpreter/openinterpreter,A coding agent for open models like Kimi K3 and GLM 5.3,https://github.com/openinterpreter/openinterpreter,Rust,acp|coding-agent|deepseek|kimi|python|qwen|rust,Apache-2.0,2023-07-14 07:10:44+00:00,2026-09-17 17:53:24+00:00,2026-09-15 06:55:59+00:00,68364,5882,68364,1,279986,main,False,False,1162,3.181382614647501,0,3,474.0,10610.0,1593.0,0.1501413760603204,9498.0,13.0,1308.0,730.6153846153846,355.02007888323215,1.0,success,9498,0.086039435960447,1.4627581768182084e-05,730.6153846153846,rust,11.132616276743182,8.679822114864455,0.6931471805599453,12.54249845250212,9.158941808890182,6.163314804034641,9.269646477873591,7.1770187659099
669982264,MIO-KITCHEN-SOURCE,ColdWindScholar,ColdWindScholar/MIO-KITCHEN-SOURCE,An Android Rom Tool in python,https://github.com/ColdWindScholar/MIO-KITCHEN-SOURCE,Python,android-rom|erofs|ext4-images|pyside6|python,AGPL-3.0,2023-07-24 03:12:53+00:00,2026-09-14 11:46:24+00:00,2026-09-09 18:06:27+00:00,499,99,499,28,204680,main,False,False,1152,3.154004106776181,4,8,16.0,4810.0,4425.0,0.91995841995842,1223.0,11.0,610.0,111.1818181818182,176.20091837548304,0.8461538461538461,success,1223,0.1983967935871743,0.0561122244488977,111.1818181818182,python,6.214608098422191,4.605170185988092,3.367295829986474,12.229207948582294,7.1098794630722715,2.833213344056216,8.478660241699453,6.415096959171596
671832156,eza,eza-community,eza-community/eza,A modern alternative to ls,https://github.com/eza-community/eza,Rust,color|command-line|files|hacktoberfest|icons|ls|nerd-fonts|rust|terminal|tools,EUPL-1.2,2023-07-28 08:35:55+00:00,2026-09-17 17:56:02+00:00,2026-08-06 19:53:22+00:00,23296,522,23296,452,8369,main,False,False,1148,3.143052703627652,0,42,289.0,3316.0,1156.0,0.3486127864897467,44.0,8.0,13.0,5.5,4.750939756661683,0.6153846153846154,success,44,0.0224072802197802,0.0194024725274725,5.5,rust,10.056079875899302,6.259581464064923,6.115892125483034,9.032409163483521,3.8066624897703196,5.66988092298052,8.106816038947052,2.6390573296152584
672673877,Awesome-Language-Model-on-Graphs,PeterGriffinJin,PeterGriffinJin/Awesome-Language-Model-on-Graphs,"A curated list of papers and resources based on ""Large Language Models on Graphs: A Comprehensive Survey"" (TKDE)",https://github.com/PeterGriffinJin/Awesome-Language-Model-on-Graphs,,awesome-resources|generative-ai|graphs|large-language-models|survey,MIT,2023-07-30 21:53:50+00:00,2026-09-01 14:21:07+00:00,2025-03-02 01:40:10+00:00,999,68,999,0,2304,main,False,False,1145,3.134839151266256,17,565,12.0,144.0,125.0,0.8680555555555556,0.0,0.0,0.0,0.0,0.0,0.0,zero_commits,0,0.068068068068068,0.0,,unknown,6.907755278982137,4.23410650459726,0.0,7.742835955430749,0.0,2.5649493574615367,4.976733742420574,0.0
676672661,langgraph,langchain-ai,langchain-ai/langgraph,Build resilient agents.,https://github.com/langchain-ai/langgraph,Python,agents|ai|ai-agents|chatgpt|deepagents|enterprise|framework|gemini|generative-ai|langchain|langgraph|llm|multiagent|open-source|openai|pydantic|python|rag,MIT,2023-08-09 18:33:12+00:00,2026-09-17 16:49:57+00:00,2026-09-17 15:33:41+00:00,41838,7064,41838,793,526521,main,False,False,1135,3.1074606433949348,0,1,279.0,5330.0,800.0,0.150093808630394,798.0,13.0,131.0,61.38461538461539,37.71281493413625,1.0,success,798,0.1688417228356996,0.0189540609015727,61.38461538461539,python,10.641584197879567,8.862908295118627,6.677083461247136,13.174048395058302,6.683360945766275,5.634789603169249,8.581294116822761,4.882801922586371
700183290,synctv,synctv-org,synctv-org/synctv,"Synchronized viewing, theater, live streaming, video",https://github.com/synctv-org/synctv,Rust,axum|ffmpeg|grpc|media|opaque|openapi|p2p|passkeys|postgresql|rtmp|rtsp|rust|tokio|tonic|totp|webauthn|webrtc,MIT,2023-10-04 05:32:46+00:00,2026-09-17 13:34:04+00:00,2026-09-16 06:45:35+00:00,2489,244,2489,21,12118,main,False,False,1080,2.9568788501026693,1,2,7.0,921.0,889.0,0.9652551574375678,72.0,4.0,59.0,18.0,27.410460290431708,0.3076923076923077,success,72,0.0980313378867014,0.0084371233427079,18.0,rust,7.820037989458753,5.501258210544727,3.091042453358316,9.402529747968487,4.290459441148391,2.0794415416798357,6.826545223556594,4.0943445622221
707667804,Bluetooth-LE-Spam,simondankelmann,simondankelmann/Bluetooth-LE-Spam,No description provided,https://github.com/simondankelmann/Bluetooth-LE-Spam,Kotlin,android|bluetooth-low-energy|f-droid|fdroid,GPL-3.0,2023-10-20 11:54:26+00:00,2026-09-17 17:42:10+00:00,2026-08-09 13:54:11+00:00,4932,397,4932,8,229250,main,False,False,1064,2.913073237508556,0,40,16.0,435.0,228.0,0.5241379310344828,20.0,2.0,18.0,10.0,11.31370849898476,0.1538461538461538,success,20,0.0804947283049472,0.0016220600162206,10.0,kotlin,8.503702601233739,5.986452005284438,2.1972245773362196,12.342572752159361,3.044522437723423,2.833213344056216,6.077642243349034,2.9444389791664403
718741813,screenshot-to-code,abi,abi/screenshot-to-code,Drop in a screenshot and convert it to clean code (HTML/Tailwind/React/Vue),https://github.com/abi/screenshot-to-code,Python,No topics specified,MIT,2023-11-14 17:53:32+00:00,2026-09-17 18:17:37+00:00,2026-09-09 17:27:34+00:00,79131,9659,79131,145,11142,main,False,False,1038,2.841889117043121,0,8,26.0,1419.0,1274.0,0.897815362931642,556.0,7.0,234.0,79.42857142857143,78.17258074895814,0.5384615384615384,success,556,0.1220634138327583,0.001832404493814,79.42857142857143,python,11.278872623147983,9.175748927206564,4.983606621708336,9.318566777047053,6.322565239927284,3.295836866004329,7.258412150595307,5.459585514144159
738733003,Fabric,danielmiessler,danielmiessler/Fabric,Fabric is an open-source framework for augmenting humans using AI. It provides a modular system for solving specific problems using a crowdsourced set of AI prompts that can be used anywhere.,https://github.com/danielmiessler/Fabric,Go,ai|augmentation|flourishing|life|work,MIT,2024-01-03 23:18:31+00:00,2026-09-17 17:56:44+00:00,2026-09-07 19:17:46+00:00,43948,4261,43948,72,155481,main,False,False,988,2.704996577686516,0,10,227.0,3790.0,1126.0,0.2970976253298153,910.0,13.0,209.0,70.0,63.07931515164064,1.0,success,910,0.0969554928551925,0.001638299808865,70.0,go,10.690785149725912,8.357493812658563,4.290459441148391,11.954285248274216,6.814542897259958,5.429345628954441,8.240385115516334,5.3471075307174685
771302083,OpenHands,OpenHands,OpenHands/OpenHands,🙌 OpenHands: AI-Driven Development,https://github.com/OpenHands/OpenHands,TypeScript,agent|artificial-intelligence|chatgpt|claude-ai|cli|developer-tools|gpt|llm|openai,MIT,2024-03-13 03:33:31+00:00,2026-09-17 18:09:16+00:00,2026-09-17 17:59:03+00:00,88307,11597,88307,811,434629,main,False,False,919,2.516084873374401,0,0,460.0,7851.0,1047.0,0.1333588077951853,3064.0,13.0,565.0,235.69230769230768,132.3363043004354,1.0,success,3064,0.1313259424507683,0.0091838699083877,235.69230769230768,typescript,11.388585982714599,9.358587948436385,6.699500340161678,12.982250373414251,8.027802848370312,6.133398042996649,8.968523555396352,6.338594078203183
787076358,firecrawl,firecrawl,firecrawl/firecrawl,"The web data API to search, scrape, and interact at scale. 🔥",https://github.com/firecrawl/firecrawl,TypeScript,ai|ai-agents|ai-crawler|ai-scraping|ai-search|crawler|data-extraction|html-to-markdown|llm|markdown|scraper|scraping|web-crawler|web-data|web-data-extraction|web-scraper|web-scraping|web-search|webscraping,AGPL-3.0,2024-04-15 21:02:29+00:00,2026-09-17 18:16:39+00:00,2026-09-17 18:17:23+00:00,181611,9833,181611,638,179718,main,False,False,885,2.42299794661191,0,0,165.0,6180.0,1892.0,0.3061488673139159,2108.0,13.0,284.0,162.15384615384616,63.75192304791827,1.0,success,2108,0.054143196172038,0.0035130030669948,162.15384615384616,typescript,12.109627822261343,9.193601047971885,6.459904454377535,12.09914979895762,7.653969180478774,5.111987788356544,8.729235349659273,5.652489180268651
793375104,awesome-llm-apps,Shubhamsaboo,Shubhamsaboo/awesome-llm-apps,"100+ AI Agents, Agent Skills and RAG Apps - Free and Open Source.",https://github.com/Shubhamsaboo/awesome-llm-apps,Python,agents|llms|python|rag,Apache-2.0,2024-04-29 05:30:25+00:00,2026-09-17 18:05:55+00:00,2026-09-16 04:08:39+00:00,138652,20373,138652,17,220973,main,False,False,872,2.3874058863791925,0,2,105.0,1193.0,649.0,0.5440067057837384,510.0,13.0,121.0,39.23076923076923,30.733135880115476,1.0,success,510,0.146936214407293,0.0001226091221186,39.23076923076923,python,11.839729688025855,9.922014857150012,2.8903717578961645,12.305800326520108,6.236369590203704,4.663439094112067,7.085064293952548,4.804021044733257
822604462,BettaFish,666ghj,666ghj/BettaFish,微舆：人人可用的多Agent舆情分析助手，打破信息茧房，还原舆情原貌，预测未来走向，辅助决策！从0实现，不依赖任何框架。,https://github.com/666ghj/BettaFish,Python,agent-framework|data-analysis|deep-research|deep-search|llms|multi-agent-system|nlp|public-opinion-analysis|python3|sentiment-analysis,GPL-2.0,2024-07-01 13:11:38+00:00,2026-09-17 17:39:51+00:00,2026-09-16 03:33:01+00:00,42245,7615,42245,6,192617,main,False,False,809,2.21492128678987,0,2,42.0,940.0,402.0,0.4276595744680851,605.0,12.0,323.0,50.41666666666666,96.7371869207149,0.9230769230769232,success,605,0.1802580187004379,0.0001420286424428,50.41666666666666,python,10.651264953747189,8.938006576471201,1.9459101490553132,12.168464231923165,6.406879986069314,3.7612001156935624,6.846943139585379,5.780743515792329
823430322,CosyVoice,QwenAudio,QwenAudio/CosyVoice,"Multi-lingual large voice generation model, providing inference, training and deployment full-stack ability.",https://github.com/QwenAudio/CosyVoice,Python,audio-generation|cantonese|chatbot|chatgpt|chinese|cosyvoice|cross-lingual|english|fine-grained|fine-tuning|gpt-4o|japanese|korean|multi-lingual|natural-language-generation|python|text-to-speech|tts|voice-cloning,Apache-2.0,2024-07-03 02:59:22+00:00,2026-09-17 16:53:36+00:00,2026-05-25 18:15:40+00:00,23661,2689,23661,698,2797,main,False,False,807,2.209445585215606,0,115,43.0,519.0,368.0,0.7090558766859345,110.0,8.0,66.0,13.75,21.578759397677548,0.6153846153846154,success,110,0.1136469295465111,0.0295000211318202,13.75,python,10.071625664813608,7.897296472595885,6.54965074223381,7.936660155225426,4.709530201312334,3.784189633918261,6.253828811575473,4.204692619390966
839909855,producthunt-daily-hot,ViggoZ,ViggoZ/producthunt-daily-hot,自动生成每日Product Hunt热门产品中文榜单，基于GitHub Actions自动提交Markdown文件,https://github.com/ViggoZ/producthunt-daily-hot,Python,producthunt,MIT,2024-08-08 15:12:26+00:00,2026-09-18 04:11:16+00:00,2026-09-17 12:25:45+00:00,1000,137,1000,2,10845,main,False,False,771,2.11088295687885,0,1,3.0,941.0,821.0,0.8724760892667375,363.0,13.0,31.0,27.923076923076923,5.936631177998995,1.0,success,363,0.137,0.002,27.923076923076923,python,6.90875477931522,4.927253685157205,1.0986122886681098,9.291551627401006,5.8971538676367405,1.3862943611198906,6.848005274576363,3.4657359027997265
896924279,airi,moeru-ai,moeru-ai/airi,"💖🧸 Self hosted, you-owned Grok Companion, a container of souls of waifu, cyber livings to bring them into our worlds, wishing to achieve Neuro-sama's altitude. Capable of realtime voice chat, Minecraft, Factorio playing. Web / macOS / Windows supported.",https://github.com/moeru-ai/airi,TypeScript,ai-companion|ai-vtuber|airi|digital-life|grok-companion|live2d|neuro-sama|neurosama|openclaw|vrm|vtuber,MIT,2024-12-01 16:33:36+00:00,2026-09-17 17:05:06+00:00,2026-09-17 18:13:56+00:00,49216,4886,49216,224,539871,main,False,False,656,1.7960301163586585,0,0,192.0,4428.0,2156.0,0.4869015356820235,2884.0,13.0,573.0,221.84615384615384,135.55739630248027,1.0,success,2884,0.0992766579973992,0.0045513654096228,221.84615384615384,typescript,10.803994371254475,8.494333897270154,5.41610040220442,13.199087353405702,7.9672801789422,5.262690188904886,8.395929103923198,6.352629396319567
908040880,TorchLeet,Exorust,Exorust/TorchLeet,"LeetCode for PyTorch — 65 ML/AI interview problems from real interviews at Google, Meta, Anthropic. Jupyter notebooks, an auto-grader, and an MCP AI tutor.",https://github.com/Exorust/TorchLeet,Jupyter Notebook,coding-interviews|deep-learning|from-scratch|interview-preparation|interview-questions|leetcode|llm|machine-learning-interview|pytorch|rlhf|transformers|triton,MIT,2024-12-25 00:38:20+00:00,2026-09-16 15:59:52+00:00,2026-09-15 17:26:55+00:00,2491,307,2491,2,2737,main,False,False,632,1.730321697467488,2,2,12.0,173.0,118.0,0.6820809248554913,61.0,5.0,36.0,12.2,13.989281611290838,0.3846153846153846,success,61,0.123243677238057,0.0008028904054596,12.2,jupyter notebook,7.820840879907344,5.730099782973574,1.0986122886681098,7.914983005848394,4.127134385045092,2.5649493574615367,5.159055299214529,3.6109179126442243
915759691,always-on-ai-assistant,disler,disler/always-on-ai-assistant,"A pattern for an always on AI Assistant powered by Deepseek-V3, RealtimeSTT, and Typer for engineering",https://github.com/disler/always-on-ai-assistant,Python,No topics specified,No license specified,2025-01-12 18:17:51+00:00,2026-09-07 17:13:09+00:00,2025-01-12 19:25:02+00:00,998,213,998,7,3268,main,False,False,613,1.678302532511978,10,613,2.0,79.0,78.0,0.9873417721518988,0.0,0.0,0.0,0.0,0.0,0.0,zero_commits,0,0.2134268537074148,0.0070140280561122,,python,6.906754778648554,5.365976015021851,2.0794415416798357,8.092239406724211,0.0,1.0986122886681098,4.382026634673881,0.0
942867788,CL4R1T4S,elder-plinius,elder-plinius/CL4R1T4S,"LEAKED SYSTEM PROMPTS FOR CHATGPT, CLAUDE, GEMINI, GROK, PERPLEXITY, CURSOR, LOVABLE, REPLIT, AND MORE! - AI SYSTEMS TRANSPARENCY FOR ALL! 👐",https://github.com/elder-plinius/CL4R1T4S,,agents|ai|chatgpt|gemini|google|grok|hacking|leak|leaked|openai|prompt|prompt-engineering|prompts|red-team|red-teaming|system|system-info|system-prompts|tools|transparency,AGPL-3.0,2025-03-04 20:03:16+00:00,2026-09-17 17:08:01+00:00,2026-09-10 02:00:11+00:00,49974,10269,49974,127,1594,main,False,False,562,1.538672142368241,0,8,1.0,201.0,201.0,1.0,37.0,9.0,6.0,4.111111111111111,0.927960727138337,0.6923076923076923,success,37,0.2054868531636451,0.0025413214871733,4.111111111111111,unknown,10.8192781593686,9.236982302922604,4.852030263919617,7.374629015218945,3.6375861597263857,0.6931471805599453,5.308267697401205,1.9459101490553132
943398999,system-prompts-and-models-of-ai-tools,x1xhlol,x1xhlol/system-prompts-and-models-of-ai-tools,"FULL Augment Code, Claude Code, Cluely, CodeBuddy, Comet, Cursor, Devin AI, Junie, Kiro, Leap.new, Lovable, Manus, NotionAI, Orchids.app, Perplexity, Poke, Qoder, Replit, Same.dev, Trae, Traycer AI, VSCode Agent, Warp.dev, Windsurf, Xcode, Z.ai Code, Dia & v0. (And other Open Sourced) System Prompts, Internal Tools & AI Models",https://github.com/x1xhlol/system-prompts-and-models-of-ai-tools,,ai|bolt|cluely|copilot|cursor|cursorai|devin|github-copilot|lovable|open-source|perplexity|replit|system-prompts|trae|trae-ai|trae-ide|v0|vscode|windsurf|windsurf-ai,GPL-3.0,2025-03-05 16:38:29+00:00,2026-09-17 17:46:34+00:00,2026-08-11 13:01:09+00:00,143692,34821,143692,162,1524,main,False,False,561,1.5359342915811087,0,38,30.0,518.0,411.0,0.7934362934362934,166.0,12.0,41.0,13.833333333333334,12.051656493711738,0.9230769230769232,success,166,0.2423308186955432,0.0011274114077332,13.833333333333334,unknown,11.875434358284934,10.458004649926544,5.093750200806762,7.329749689041512,5.117993812416755,3.4339872044851463,6.251903883165888,3.7376696182833684
952238700,mcp,awslabs,awslabs/mcp,Open source MCP Servers for AWS,https://github.com/awslabs/mcp,Python,aws|mcp|mcp-client|mcp-clients|mcp-host|mcp-server|mcp-servers|mcp-tools|modelcontextprotocol,Apache-2.0,2025-03-21 00:39:00+00:00,2026-09-17 17:51:19+00:00,2026-09-17 17:51:15+00:00,9703,1763,9703,248,116777,main,False,False,546,1.4948665297741273,0,0,330.0,1847.0,348.0,0.1884136437466161,1092.0,13.0,135.0,84.0,28.93383256097724,1.0,success,1092,0.1816963825620942,0.0255591054313099,84.0,python,9.180293450623886,7.475339236566737,5.517452896464707,11.66802997547063,6.996681488176539,5.802118375377063,7.521859252201629,4.912654885736052
972519099,Paper2Code,going-doer,going-doer/Paper2Code,Paper2Code: Automating Code Generation from Scientific Papers in Machine Learning,https://github.com/going-doer/Paper2Code,Python,No topics specified,Apache-2.0,2025-04-25 07:58:12+00:00,2026-09-17 09:13:03+00:00,2026-03-25 01:00:05+00:00,4958,685,4958,16,6809,master,False,False,511,1.3990417522245038,1,177,2.0,61.0,59.0,0.9672131147540984,5.0,2.0,3.0,2.5,0.7071067811865476,0.1538461538461538,success,5,0.1381605486083098,0.0032271077047196,2.5,python,8.508959386489133,6.530877627725885,2.833213344056216,8.826147399143558,1.791759469228055,1.0986122886681098,4.127134385045092,1.3862943611198906
975734319,opencode,anomalyco,anomalyco/opencode,The open source coding agent.,https://github.com/anomalyco/opencode,TypeScript,No topics specified,MIT,2025-04-30 20:08:00+00:00,2026-09-17 18:18:09+00:00,2026-09-17 17:18:16+00:00,208133,27347,208133,5865,520473,dev,False,False,505,1.3826146475017111,0,0,456.0,14156.0,2267.0,0.1601441085052274,13024.0,13.0,2080.0,1001.8461538461538,611.6023825648281,1.0,success,13024,0.1313919464957503,0.0281790970196941,1001.8461538461538,typescript,12.245937382025126,10.216398679033684,8.676928249537397,13.162495213820259,9.474625866621567,6.124683390894205,9.557964480394498,7.640603826393634
976568879,fhevm,zama-ai,zama-ai/fhevm,"FHEVM, a full-stack framework for integrating Fully Homomorphic Encryption (FHE) with blockchain applications",https://github.com/zama-ai/fhevm,Rust,blockchain|fhe|privacy,NOASSERTION,2025-05-02 10:48:20+00:00,2026-09-17 15:33:36+00:00,2026-09-17 17:35:41+00:00,24816,1779,24816,125,178050,main,False,False,504,1.379876796714579,1,0,72.0,4449.0,674.0,0.151494717914138,1098.0,13.0,186.0,84.46153846153847,37.1250485625168,1.0,success,1098,0.0716876208897485,0.0050370728562217,84.46153846153847,rust,10.119284181187284,7.484368643286131,4.836281906951478,12.08982530509004,7.002155954403621,4.290459441148391,8.400659375160286,5.231108616854587
979115477,deer-flow,bytedance,bytedance/deer-flow,"An open-source long-horizon SuperAgent harness that researches, codes, and creates. With the help of sandboxes, memories, tools, skill, subagents and message gateway, it handles different levels of tasks that could take minutes to hours.",https://github.com/bytedance/deer-flow,Python,agent|agentic|agentic-framework|agentic-workflow|ai|ai-agents|deep-research|harness|langchain|langgraph|langmanus|llm|multi-agent|nodejs|podcast|python|superagent|typescript,MIT,2025-05-07 02:50:19+00:00,2026-09-17 16:43:01+00:00,2026-09-17 14:40:26+00:00,82585,11394,82585,883,65504,main,False,False,499,1.3661875427789183,0,1,438.0,3279.0,610.0,0.1860323269289417,2910.0,13.0,568.0,223.84615384615384,178.12160927946866,1.0,success,2910,0.1379669431494823,0.010692014288309,223.84615384615384,python,11.321595453618334,9.340929941679784,6.784457062637643,11.08988175458777,7.976251943745623,6.0844994130751715,8.09559870137819,6.343880434126331
1006496207,SuperClaude_Framework,SuperClaude-Org,SuperClaude-Org/SuperClaude_Framework,"A configuration framework that enhances Claude Code with specialized commands, cognitive personas, and development methodologies.",https://github.com/SuperClaude-Org/SuperClaude_Framework,Python,No topics specified,MIT,2025-06-22 12:03:53+00:00,2026-09-17 07:21:13+00:00,2026-09-15 03:10:21+00:00,23897,1999,23897,72,4125,master,False,False,453,1.2402464065708418,1,3,43.0,344.0,143.0,0.4156976744186046,96.0,11.0,31.0,8.727272727272727,11.739598878078493,0.8461538461538461,success,96,0.0836506674477968,0.0030129304933673,8.727272727272727,python,10.0815500524097,7.600902459542082,4.290459441148391,8.325063693631197,4.574710978503383,3.784189633918261,5.84354441703136,3.4657359027997265
1010681419,learn-claude-code,shareAI-lab,shareAI-lab/learn-claude-code,"Bash is all you need -  A nano claude code–like 「agent harness」, built from 0 to 1",https://github.com/shareAI-lab/learn-claude-code,Python,agent|agent-development|ai-agent|claude|claude-code|educational|llm|python|teaching|tutorial,MIT,2025-06-29 15:34:15+00:00,2026-09-17 17:57:49+00:00,2026-08-26 16:38:22+00:00,77046,12392,77046,52,6035,main,False,False,446,1.2210814510609171,0,22,41.0,217.0,78.0,0.3594470046082949,233.0,7.0,56.0,33.285714285714285,18.571611720708624,0.5384615384615384,success,233,0.1608389793110609,0.0006749214754821,33.285714285714285,python,11.252170904234243,9.424887076064874,3.970291913552122,8.70549681988774,5.455321115357702,3.7376696182833684,5.384495062789089,4.04305126783455
1023456048,Chronos,Kodezi,Kodezi/Chronos,"Kodezi Chronos is a debugging-first language model that achieves state-of-the-art results on SWE-bench Lite (80.33%) and 67% real-world fix accuracy, over six times better than GPT-4. Built with Adaptive Graph-Guided Retrieval and Persistent Debug Memory. Model available Q1 2026 via Kodezi OS.",https://github.com/Kodezi/Chronos,Java,artificial-intelligence|autonomous-debugging|benchmark|benchmark-report|bug-fixing|chronos|code|code-analysis|code-analysis-tool|code-debugger|code-understanding|debugging|developer-tools|kodezi|language-model|machine-learning|program-repair|software-engineering,NOASSERTION,2025-07-21 07:34:10+00:00,2026-09-17 04:31:00+00:00,2025-11-12 09:53:44+00:00,4945,210,4945,1,19840,main,False,False,424,1.160848733744011,1,310,1.0,5.0,5.0,1.0,2.0,1.0,2.0,2.0,0.0,0.0769230769230769,success,2,0.0424671385237613,0.0002022244691607,2.0,java,8.506334448081361,5.351858133476067,0.6931471805599453,9.895505782794471,1.0986122886681098,0.6931471805599453,1.791759469228055,1.0986122886681098
1024554267,hermes-agent,NousResearch,NousResearch/hermes-agent,The agent that grows with you,https://github.com/NousResearch/hermes-agent,Python,ai|ai-agent|ai-agents|anthropic|chatgpt|claude|claude-code|codex|hermes|hermes-agent|llm|nous-research|openai,MIT,2025-07-22 22:22:28+00:00,2026-09-17 18:17:31+00:00,2026-09-17 18:18:24+00:00,246468,51600,246468,43725,995867,main,False,False,422,1.1553730321697468,0,0,399.0,32035.0,16293.0,0.5085999687841424,,,,,,,error,0,0.2093578070986902,0.177406397585082,,python,12.414991503907261,10.851296331126829,10.685698169836833,13.81136999766336,,5.991464547107982,10.374615549443574,
1046423290,Awesome-Nano-Banana-images,PicoTrex,PicoTrex/Awesome-Nano-Banana-images,"A curated collection of fun and creative examples generated with Nano Banana & Nano Banana Pro🍌, Gemini-2.5-flash-image based model. We also release Nano-consistent-150K openly to support the community's development of image generation and unified models(click to website to see our blog)",https://github.com/PicoTrex/Awesome-Nano-Banana-images,,awesome|gemini-2-5-flash-image|nano-banana,Apache-2.0,2025-08-28 17:03:09+00:00,2026-09-17 16:13:16+00:00,2026-09-03 10:48:55+00:00,23724,2398,23724,23,322082,main,False,False,385,1.054072553045859,1,15,9.0,50.0,24.0,0.48,20.0,5.0,14.0,4.0,5.612486080160911,0.3846153846153846,success,20,0.1010790760411397,0.0009694823807115,4.0,unknown,10.074284623478128,7.782807262839695,3.1780538303479458,12.682564555286275,3.044522437723423,2.302585092994046,3.9318256327243257,2.70805020110221
1079456184,scientific-agent-skills,K-Dense-AI,K-Dense-AI/scientific-agent-skills,"Turn any AI agent into an AI Scientist. The #1 Agent Skills library for science, used by 190,000+ scientists worldwide. 165 ready-to-use validated skills plus 100+ scientific databases covering biology, chemistry, medicine, and drug discovery. Compatible with Cursor, Claude Code, Codex, Pi, Antigravity, and the open Agent Skills standard.",https://github.com/K-Dense-AI/scientific-agent-skills,Python,agent-skills|ai-scientist|bioinformatics|chemoinformatics|claude|claude-skills|claudecode|clinical-research|computational-biology|data-analysis|drug-discovery|genomics|materials-science|metabolomics|proteomics|scientific-computing|scientific-visualization,MIT,2025-10-19 20:54:15+00:00,2026-09-17 17:54:59+00:00,2026-09-14 09:27:38+00:00,45358,4113,45358,12,258530,main,False,False,333,0.9117043121149896,0,4,56.0,519.0,323.0,0.6223506743737958,731.0,12.0,123.0,60.91666666666666,33.18668498970725,0.9230769230769232,success,731,0.0906786013492658,0.0002645619295383,60.91666666666666,python,10.72236389230324,8.322151070212902,2.5649493574615367,12.462770888371038,6.595780513961311,4.04305126783455,6.253828811575473,4.820281565605037
1092047360,claude-howto,luongnv89,luongnv89/claude-howto,"A visual, example-driven guide to Claude Code — from basic concepts to advanced agents, with copy-paste templates that bring immediate value.",https://github.com/luongnv89/claude-howto,Python,claude-code|guide|tutorial,MIT,2025-11-07 22:59:34+00:00,2026-09-17 16:53:35+00:00,2026-09-06 09:04:15+00:00,41536,5097,41536,30,15236,main,False,False,314,0.8596851471594799,0,12,24.0,247.0,192.0,0.7773279352226721,247.0,11.0,67.0,22.454545454545453,20.597881620999942,0.8461538461538461,success,247,0.1227128274268104,0.0007222650231124,22.454545454545453,python,10.634339875274723,8.53660358493606,3.4339872044851463,9.631481959469355,5.5134287461649825,3.2188758248682006,5.5134287461649825,4.219507705176107
1103012935,openclaw,openclaw,openclaw/openclaw,The AI that really does things. Any OS. Any Platform. The lobster way. 🦞 ,https://github.com/openclaw/openclaw,TypeScript,ai|assistant|crustacean|molty|openclaw|own-your-data|personal,NOASSERTION,2025-11-24 10:16:47+00:00,2026-09-17 18:18:11+00:00,2026-09-17 18:18:05+00:00,389979,81976,389979,7614,5045524,main,False,False,298,0.8158795345653662,0,0,377.0,90915.0,51187.0,0.5630204036737612,96177.0,11.0,16871.0,8743.363636363636,4960.796292385472,0.8461538461538461,success,96186,0.2102061905897497,0.0195241282222888,8743.363636363636,typescript,12.873850734739579,11.314193999097451,8.937875265329263,15.43401226978476,11.47395592027151,5.934894195619588,11.41769128227805,9.733410722158611
1127184239,StrategyRealizationHelp,kyksj-1,kyksj-1/StrategyRealizationHelp,An easy help to realize some trivail strategy,https://github.com/kyksj-1/StrategyRealizationHelp,Python,No topics specified,NOASSERTION,2026-01-03 11:06:18+00:00,2026-09-17 08:21:36+00:00,2026-01-06 04:22:06+00:00,499,252,499,0,3105,master,False,False,258,0.7063655030800822,1,255,1.0,2.0,2.0,1.0,2.0,1.0,2.0,2.0,0.0,0.0769230769230769,success,2,0.5050100200400801,0.0,2.0,python,6.214608098422191,5.53338948872752,0.0,8.041091003708633,1.0986122886681098,0.6931471805599453,1.0986122886681098,1.0986122886681098
1136590548,ECC,affaan-m,affaan-m/ECC,"The agent harness performance optimization system. Skills, instincts, memory, security, and research-first development for Claude Code, Codex, Opencode, Cursor and beyond.",https://github.com/affaan-m/ECC,JavaScript,ai-agents|anthropic|claude|claude-code|developer-tools|llm|mcp|productivity,MIT,2026-01-18 00:51:51+00:00,2026-09-17 18:18:07+00:00,2026-09-17 18:04:07+00:00,261117,39069,261117,225,51798,main,False,False,243,0.6652977412731006,0,0,337.0,2637.0,1557.0,0.590443686006826,2703.0,9.0,576.0,300.3333333333333,189.5824358953118,0.6923076923076923,success,2703,0.1496225829800434,0.0008616826939647,300.3333333333333,javascript,12.472727691414821,10.573110188049116,5.420534999272286,10.855126123041925,7.902487437162855,5.823045895483019,7.87777633327726,6.3578422665081
1139971460,rtk,rtk-ai,rtk-ai/rtk,"CLI proxy that reduces LLM token consumption by 60-90% on common dev commands. Single Rust binary, zero dependencies",https://github.com/rtk-ai/rtk,Rust,agentic-coding|ai-coding|anthropic|claude-code|cli|command-line-tool|cost-reduction|developer-tools|llm|open-source|productivity|rust|token-optimization,Apache-2.0,2026-01-22 16:54:16+00:00,2026-09-17 18:18:52+00:00,2026-09-15 09:15:47+00:00,80855,5123,80855,1634,9515,develop,False,False,238,0.6516084873374401,0,3,147.0,2028.0,627.0,0.3091715976331361,2042.0,9.0,350.0,226.88888888888889,81.41167674916855,0.6923076923076923,success,2042,0.063360336404675,0.0202090161400037,226.88888888888889,rust,11.300425073754498,8.541690663016626,7.399398083331354,9.160729871422848,7.622174594817622,4.997212273764115,7.615298339825815,5.860786223465865
1142983825,andrej-karpathy-skills,multica-ai,multica-ai/andrej-karpathy-skills,"A single CLAUDE.md file to improve Claude Code behavior, derived from Andrej Karpathy's observations on LLM coding pitfalls.",https://github.com/multica-ai/andrej-karpathy-skills,,No topics specified,No license specified,2026-01-27 03:53:13+00:00,2026-09-17 18:18:20+00:00,2026-04-20 10:05:04+00:00,213636,21621,213636,130,20,main,False,False,234,0.6406570841889117,0,151,7.0,28.0,17.0,0.6071428571428571,28.0,3.0,20.0,9.333333333333334,9.71253485622231,0.2307692307692307,success,28,0.1012048531146436,0.0006085116740624,9.333333333333334,unknown,12.27203359204094,9.981466593852717,4.875197323201151,3.044522437723423,3.367295829986474,2.0794415416798357,3.367295829986474,3.044522437723423
1148788086,skills,mattpocock,mattpocock/skills,Skills for Real Engineers. Straight from my .agents directory.,https://github.com/mattpocock/skills,Shell,No topics specified,MIT,2026-02-03 11:15:53+00:00,2026-09-17 18:14:56+00:00,2026-09-17 11:11:14+00:00,264291,22291,264291,501,1804,main,False,False,227,0.621492128678987,0,1,4.0,456.0,429.0,0.9407894736842104,472.0,8.0,181.0,59.0,61.0830815950117,0.6153846153846154,success,472,0.0843426374715748,0.0018956377629204,59.0,shell,12.484809831500149,10.011983148689428,6.218600119691729,7.498315870766981,6.159095388491933,1.6094379124341003,6.124683390894205,5.204006687076795
1162099055,taste-skill,Leonxlnx,Leonxlnx/taste-skill,"Taste-Skill - gives your AI good taste. stops the AI from generating boring, generic slop ",https://github.com/Leonxlnx/taste-skill,JavaScript,agent|ai|claude|claude-code|codex|coding|design|frontend|lowcode|nocode|skill|skills|vibecoding,MIT,2026-02-19 21:44:05+00:00,2026-09-17 18:08:11+00:00,2026-09-16 15:01:43+00:00,87931,5981,87931,67,35123,main,False,False,210,0.5749486652977412,0,2,6.0,156.0,151.0,0.967948717948718,157.0,8.0,33.0,19.625,10.848798485151642,0.6153846153846154,success,157,0.0680192423604872,0.0007619610831219,19.625,javascript,11.384319067480007,8.696510239189893,4.219507705176107,10.466639936479886,5.062595033026967,1.9459101490553132,5.056245805348308,3.5263605246161616
1165277268,Agent-Reach,Panniantong,Panniantong/Agent-Reach,"Give your AI agent eyes to see the entire internet. Read & search Twitter, Reddit, YouTube, GitHub, Bilibili, XiaoHongShu — one CLI, zero API fees.",https://github.com/Panniantong/Agent-Reach,Python,agent-infrastructure|ai-agent|ai-search|automation|bilibili|claude-code|cli|cursor|free-api|llm-tools|mcp|python|reddit-scraper|twitter-scraper|web-scraper|xiaohongshu|youtube-transcript,MIT,2026-02-24 02:10:24+00:00,2026-09-17 18:16:36+00:00,2026-09-15 16:16:24+00:00,82822,7234,82822,144,2024,main,False,False,206,0.5639972621492129,0,3,36.0,372.0,321.0,0.8629032258064516,376.0,7.0,129.0,53.71428571428572,48.947980161644686,0.5384615384615384,success,376,0.0873439424307551,0.0017386684697302,53.71428571428572,python,11.324461079578025,8.886685639065584,4.976733742420574,7.613324979540639,5.932245187448011,3.6109179126442243,5.921578419643816,4.867534450455582
1166102148,codebase-memory-mcp,DeusData,DeusData/codebase-memory-mcp,"High-performance code intelligence MCP server. Indexes codebases into a persistent knowledge graph — average repo in milliseconds. 158 languages, sub-ms queries, 99% fewer tokens. Single static binary, zero dependencies.",https://github.com/DeusData/codebase-memory-mcp,C,aider|ast|claude-code|code-analysis|code-intelligence|codex|cursor|cypher|developer-tools|gemini-cli|graph-visualization|kilocode|knowledge-graph|mcp|mcp-server|model-context-protocol|opencode|sqlite|tree-sitter|windsurf,MIT,2026-02-24 22:01:00+00:00,2026-09-17 18:12:20+00:00,2026-09-16 20:11:21+00:00,43655,3551,43655,595,288953,main,False,False,205,0.5612594113620808,0,1,151.0,2309.0,1739.0,0.7531398873971417,3038.0,8.0,886.0,379.75,285.2416268960155,0.6153846153846154,success,3038,0.0813423433741839,0.0136295956935058,379.75,c,10.684096008866067,8.17526610411206,6.39024066706535,12.574022784875579,8.019283792916793,5.0238805208462765,7.745002803515839,6.787844982309579
1167300963,academic-research-skills,Imbad0202,Imbad0202/academic-research-skills,Academic Research Skills for Claude Code: research → write → review → revise → finalize,https://github.com/Imbad0202/academic-research-skills,Python,academic-pipeline|academic-writing|ai-research|claude|claude-code|literature-review|peer-review|prompt-engineering,NOASSERTION,2026-02-26 06:31:01+00:00,2026-09-17 18:15:55+00:00,2026-09-16 03:18:59+00:00,48513,3771,48513,35,21753,main,False,False,204,0.5585215605749486,0,2,19.0,779.0,745.0,0.9563543003851092,779.0,8.0,279.0,97.375,83.36826648757221,0.6153846153846154,success,779,0.077731742007297,0.0007214561045492,97.375,python,10.789607695065166,8.235360643753348,3.58351893845611,9.987552927653796,6.659293919683638,2.995732273553991,6.659293919683638,5.634789603169249
1171376163,nitrostack,nitrocloudofficial,nitrocloudofficial/nitrostack,"The full-stack TypeScript framework to build, test, and deploy production-ready MCP servers and AI-native apps.",https://github.com/nitrocloudofficial/nitrostack,TypeScript,agentic-ai|ai|chatgpt|chatgpt-apps|claude|claude-apps|mcp|mcp-client|mcp-server|mcp-servers|mcp-tools|mcpagents|mcpapps|model-context-protocol|modelcontextprotocol,Apache-2.0,2026-03-03 06:51:16+00:00,2026-09-17 16:33:58+00:00,2026-09-07 12:09:59+00:00,2492,1431,2492,223,73603,main,False,False,199,0.5448323066392882,1,11,68.0,285.0,111.0,0.3894736842105263,293.0,6.0,211.0,48.833333333333336,80.70047500892834,0.4615384615384615,success,293,0.5742375601926164,0.0894863563402889,48.833333333333336,typescript,7.821242083523558,7.266827347520591,5.4116460518550396,11.206454651066265,5.683579767338681,4.23410650459726,5.655991810819852,5.356586274672012
1193239504,AgentHub,Stanshy,Stanshy/AgentHub,"One person, one software company. Manage 47 AI agents from a single      Electron app — with Harness Engineering (Skills + Hooks +   FileWatchers) for disciplined, traceable AI workflows.",https://github.com/Stanshy/AgentHub,TypeScript,"ai-agents, ai-workflow, claude-code, developer-tools, electron, harness-engineering, open-source, team-management, typescript, vue",MIT,2026-03-27 02:35:14+00:00,2026-09-15 02:58:01+00:00,2026-04-09 02:06:43+00:00,200,23,200,1,3350,main,False,False,175,0.4791238877481177,3,162,1.0,62.0,62.0,1.0,62.0,2.0,49.0,31.0,25.45584412271571,0.1538461538461538,success,62,0.115,0.005,31.0,typescript,5.303304908059076,3.1780538303479458,0.6931471805599453,8.11701408773731,4.143134726391533,0.6931471805599453,4.143134726391533,3.912023005428146
1200597263,graphify,Graphify-Labs,Graphify-Labs/graphify,"Turn any codebase, with its docs, SQL schemas, configs, and PDFs, into a queryable knowledge graph. A /graphify skill for Claude Code, Cursor, Codex, and Gemini CLI: local deterministic AST parsing, every edge explained, no vector store.",https://github.com/Graphify-Labs/graphify,Python,ai-agents|antigravity|ast|claude-code|code-analysis|code-search|codex|cursor|developer-tools|gemini|graphrag|knowledge-graph|leiden|llm|mcp|openclaw|rag|skills|tree-sitter,Apache-2.0,2026-04-03 15:49:07+00:00,2026-09-17 18:18:17+00:00,2026-09-16 19:41:40+00:00,118951,11503,118951,1384,17952,v8,False,False,168,0.459958932238193,0,1,253.0,1789.0,1089.0,0.6087199552822806,1810.0,6.0,416.0,301.6666666666667,83.83952926076498,0.4615384615384615,success,1810,0.096703684710511,0.0116350430008995,301.6666666666667,python,11.686475329377059,9.350450079960828,7.233455418621439,9.795512510870829,7.501634457883413,5.537334267018537,7.489970898834801,6.0330862217988015
1211925923,cloudflare-os,cloudflare,cloudflare/cloudflare-os,"Agent workspace built on Cloudflare Workers for creating documents, building apps, and running agents with your company’s context and systems.",https://github.com/cloudflare/cloudflare-os,TypeScript,No topics specified,Apache-2.0,2026-04-15 22:22:53+00:00,2026-09-17 17:18:33+00:00,2026-09-17 18:08:21+00:00,9958,1208,9958,122,17732,main,False,False,155,0.4243668720054757,0,0,21.0,797.0,384.0,0.4818067754077791,750.0,11.0,191.0,68.18181818181819,50.684944868902015,0.8461538461538461,success,750,0.1213094998995782,0.0122514561156858,68.18181818181819,typescript,9.20623194393164,7.097548850614793,4.812184355372417,9.78318258949248,6.621405651764134,3.091042453358316,6.682108597449809,5.2574953720277815
1266797999,ponytail,DietrichGebert,DietrichGebert/ponytail,Makes your AI agent think like the laziest senior dev in the room. The best code is the code you never wrote.,https://github.com/DietrichGebert/ponytail,JavaScript,agent-skills|ai-agents|claude|claude-code|claude-code-plugin|cursor-rules|developer-tools|llm|prompt-engineering|yagni,MIT,2026-06-12 00:52:37+00:00,2026-09-17 18:17:05+00:00,2026-09-14 14:34:56+00:00,141227,7570,141227,274,2666,main,False,False,98,0.2683093771389459,0,4,63.0,214.0,114.0,0.5327102803738317,224.0,4.0,155.0,56.0,69.02656493457187,0.3076923076923077,success,224,0.0536016484100065,0.0019401389252763,56.0,javascript,11.858130884665663,8.932080438103307,5.616771097666572,7.888709524182015,5.41610040220442,4.1588830833596715,5.3706380281276624,5.049856007249537
1338671045,desktop-fly,DenisSergeevitch,DenisSergeevitch/desktop-fly,"A 3D fruit fly living on your macOS desktop, driven by a live spiking simulation of the real FlyWire connectome",https://github.com/DenisSergeevitch/desktop-fly,Swift,No topics specified,NOASSERTION,2026-08-18 17:29:17+00:00,2026-09-17 14:53:11+00:00,2026-09-05 19:50:05+00:00,996,77,996,7,854,master,False,False,30,0.082135523613963,1,12,4.0,14.0,9.0,0.6428571428571429,14.0,2.0,13.0,7.0,8.48528137423857,0.1538461538461538,success,14,0.0773092369477911,0.0070281124497991,7.0,swift,6.904750769961838,4.356708826689592,2.0794415416798357,6.75110146893676,2.70805020110221,1.6094379124341003,2.70805020110221,2.6390573296152584
