PC1,PC2,PC3,PC4,PC5,PC6,PC7,PC8,PC9,PC10,PC11,PC12,PC13,PC14,PC15,repo_id,full_name,language
2.7614728672250757,-1.2818897565642982,1.4492799205532307,-1.7113097975985074,0.622526846558701,-0.07008433067663487,-0.4538919573604814,0.15411893065125642,-0.317853099033642,-1.00420583062065,0.36691321486633577,-0.0614169978703482,-0.08399004836550103,-0.13653562510664438,0.0279220644804655,192904,pymc-devs/pymc,python
1.1355867372895079,-1.026893782065063,1.1508073207388922,-0.8301136881210972,1.3493894634038737,-0.3562987915874651,-0.27748239113951506,0.3395603830022486,0.1298197709692517,-0.284678323626953,-0.20863381848472265,0.2854960539093924,-0.18013601878690985,-0.05915873007849164,0.06267907095108698,374228,restsharp/RestSharp,c#
0.2904957840380161,-0.8604576282619795,0.36848281491916723,-0.715888444009334,2.3681641689913917,0.42851036441517115,0.534353466786734,0.776700566127212,0.3496168014901624,0.43381098426526127,0.4405155949679094,0.40845184493533215,-0.10568670499028776,0.029142118874623927,0.021766316176357894,443962,FluentValidation/FluentValidation,c#
2.636866844838885,-1.3647601498612356,1.472387974523188,-0.732780606553771,0.8263347052966683,0.26783660974265927,0.2709268851377674,-0.11967289626096923,0.09786285518884263,-0.47388036595010374,0.3157788263527814,-0.10276640913419242,0.11324560542154616,-0.049282275254796254,0.06870850441258751,519832,mitmproxy/mitmproxy,python
1.2496898125437945,-1.0907709064495816,1.2106727326861906,-1.3672983452029914,0.970748386362965,-0.37855172751351385,-0.4023738656541686,0.05454831840310738,0.21789850742738098,-0.14875224350734095,-0.023699272388974478,0.12991773096968248,0.1780021386264567,-0.03214564221980952,0.13989379731501847,747698,sinonjs/sinon,javascript
4.1429125958096495,-1.3875915098666698,1.765857198176779,-0.7138990143624764,0.202525502224802,-0.0769920339770949,0.27545862610098515,-0.18312450423698862,-0.11130994199834542,-0.9757264400607135,-0.11878665866573099,-0.4111827444261906,-0.2857983034087219,-0.0958952774611432,0.006380349162218451,843222,scikit-learn/scikit-learn,python
-2.6249095131114113,-0.19552130224608716,1.3237841054329846,0.35589674671038274,1.3135870522698472,0.4886645658306683,0.5947973667583878,0.8617767125625742,-0.8080692998139487,0.2393555027221194,-0.2163693275273065,0.10754016776673661,-0.09334001481564531,-0.010999776094764047,0.0018006305162581644,902930,fiorix/freegeoip,go
-1.2253894690345992,-0.8735879151033186,2.0742626096588177,1.210311895238024,0.8649491975452686,0.4103688279771318,0.07007459433370539,-0.44524518584684447,-0.09225697161803442,0.004763004429595561,-0.032540789466961546,0.004886447141283943,0.042071464023978385,-0.0004955814208841277,-0.005134724771965923,995750,VundleVim/Vundle.vim,vim script
-3.200531998583951,-0.2804393349922449,1.6387768274549663,-1.0783403422651008,0.38502909150005205,-0.134815545730594,0.12278572302422858,-0.9923619616375928,0.06729320044349534,0.07493074067996679,-0.05135287962045372,0.08530252658289403,-0.21282108518699164,0.031305967811279894,-0.008178690759444504,1147858,weavejester/lein-ring,clojure
1.0189707193465958,-1.239026055269616,1.6831390408581672,0.0022272581199459427,0.7417744787517556,-0.1504352925546153,-0.31717076930055904,-0.8798233577581754,0.23656227780553715,-0.22523085670957546,-0.04932906162951981,0.3577804812092619,0.1749109923679629,0.004828406381972834,0.13754414798669742,1206546,winstonjs/winston,javascript
1.2001454967740959,-0.8077255870475101,-0.16099071656797434,-1.9914431506390402,2.3031851540424797,-1.3390842436807724,0.5413994163960633,0.39332681606831443,0.04817976164752212,0.6704191591256166,-0.043768018061871125,0.012791497907737117,0.3874844855936512,-0.03794867231497754,0.03976429385769218,1398630,symfony/console,php
-2.4763267152511865,-0.42985611626129827,3.267896474402699,-0.457907967684486,-0.8686324428699367,0.010992331178457252,1.4576262076360385,0.4396713261977944,-2.7666583920458594,0.7429565332835564,-0.08722247937826272,0.15853372320854126,0.10148168195590261,0.023883999716545867,-0.022314549330207663,1630999,josephg/ShareJS,javascript
4.274457054338769,-1.134629237125177,1.5483294058550685,-1.3143548433572998,-0.04752427155016228,0.5495875403493532,0.18309238310413492,-0.52566319746361,-0.2612438417635249,-0.9002925546125373,-0.2733034134166553,-0.3976412328410668,0.12234611459701769,-0.06278900976364145,-0.008097425305438702,1644196,JuliaLang/julia,julia
-0.5010306314395246,-0.8255724744950347,1.7018747298095747,0.22141793970074342,0.45386947331257815,0.8719179485490519,-0.9320396862669141,-0.0356436554396028,0.2453079947789943,-0.5207189651255931,0.030986353268357247,0.2707018338924738,0.13652904208510658,-0.062396576729405046,-0.02826913467487719,1692604,jiaaro/pydub,python
2.019520349383665,-1.1503215270297034,0.8584566468211018,0.23254762194100193,1.5870505959071783,0.21460285194918813,1.2865170632452059,0.5063009614282079,0.6369036164248442,0.2191153664745218,0.3244211744982234,0.023311371917021005,-0.351767621113945,0.039324043946995395,0.044962249551709646,1863329,laravel/laravel,blade
-3.185819666490717,-0.09550988185767596,2.0397352831155775,0.8522063946699577,0.1778769745841937,-0.015487450427144831,1.4768243327974795,-0.5411301153173448,-1.3644582115965225,-0.08132536848923276,-0.006089464382098736,0.1655320692134823,0.3036451194529346,-0.03120922842516416,0.01062401711273924,2162719,xdissent/ievms,shell
5.185784535257985,12.695807244701657,2.635154709975006,0.3560826286784334,2.8664985598901995,-2.9389981486604255,-0.42937201830283855,1.7644018315227243,0.0243858425971219,-3.1372663101759812,0.024752808900697847,0.30266117794882536,0.4775566897986879,0.9954912069563233,-0.23187662860204922,2325298,torvalds/linux,c
0.3881777685590819,-0.6045245816723503,-0.5864617645155291,-2.703568000738502,2.2382670404839295,-1.2603051106078953,0.15034669173784204,-0.12028488937051854,-0.15114960008686773,0.6918307843314102,0.08515766280687688,0.017293023450204843,0.6532992555734073,-0.0681919921978194,-0.055568273648996296,2641405,symfony/security-bundle,php
0.7346079054217118,-0.605687988053396,-0.0861734507602754,-0.9770103485795755,1.5601119957172147,0.5402527217743932,0.8134000124759305,-0.6646337280278241,0.12202954864020991,-0.24098628705401443,0.27737273601048607,0.050283914648350574,-0.1255109061388899,0.03279137928704684,0.0727251214329911,3072629,python-jsonschema/jsonschema,python
-0.20965983148546832,-0.06472260829073105,-0.9269892253629336,-2.0024587358458037,1.8595541216560298,-0.17812941183710582,0.3888619692925643,-0.07165835622782257,-0.1690305605159804,-0.657399006465816,0.24412177423942868,-0.11888180279702347,0.011951014281855885,-0.09621236125899843,0.03674623253045582,3084583,mattiasw/ExifReader,javascript
-3.0142200895934246,-0.24356312617441866,2.3198710175686164,0.03535038610197091,-0.21422686564664165,-1.0062584760761242,0.7299031957242424,-0.5646720213871707,-2.2030095918665453,0.15189165376988822,0.003523916235201036,0.15104719208541906,0.0622997702227154,-0.02596911211862063,0.014887626788432742,3708934,selfspy/selfspy,python
-1.0474796328990243,-0.555394397330349,0.6975775365032012,-0.17854621034220378,1.1985504420949955,0.05143038681846867,-0.8697717078618628,-0.31663542926515514,0.025191296666415165,-0.21239915181773122,-0.2301932430364388,-0.22657727968270924,-0.17217986589450682,-0.006564822747765166,0.062305077891699256,4291387,Netflix/archaius,java
-1.3000473855153636,-0.39951300517749494,0.75823910804546,1.2066817552535563,1.218513045733731,1.0931068078679795,-0.20664150113126256,-0.09222810863219932,0.3465057884470254,-0.5588647974855895,-0.15529257314734887,-0.24450348867799324,-0.24013064209136667,-0.034358502364456894,-0.03770657124032479,4534540,goofychris/art-template,javascript
0.8154697678266655,-0.364609407675037,-0.6776312143506462,-1.127451576746229,1.972239780301139,0.2645934159995345,1.0543494599136465,-0.2000591978692632,-0.02595350663811596,-0.08188693004465089,0.049869720014007315,0.12596715929371677,0.35799619634303903,-0.09095048877390363,-0.09673254358675953,4549925,bobthecow/psysh,php
-2.1738916057712854,0.23694153048744765,-0.6663229979806331,-1.2301551475318249,1.5987063854746502,1.173956401343162,-0.27645872007474803,0.00491973291861594,0.1370327406346408,-0.5728829024427762,-0.3222780642476349,-0.41569055075579625,0.008635917675549956,-0.03008744919049675,0.07327290248651522,4826737,LancePutnam/Gamma,c++
-1.3550061217093319,-0.5982829591134708,1.786169065910862,1.475349769432902,0.5298629501114015,0.4008509927422403,0.16248373142183656,-0.011015437122251663,-0.27376945092946114,-0.17620049096963442,-0.08949370429229048,-0.35205893124549037,-0.11381476460908617,-0.021652924681570374,-0.007194238565125307,5070389,greenrobot/EventBus,java
-0.8331760154746545,-0.7915307262274779,1.4994096812188669,-1.7920052717220851,0.06300193865874375,-0.33894951642746907,-1.821170587513026,0.062064517063473414,0.6003818929211892,0.0015944914942155532,-0.2311783205142389,-0.478972068487622,-0.5259579232232259,-0.014219670275384122,-0.05356474176977117,5192255,Catrobat/Paintroid,kotlin
-0.06462178800251477,-1.16544146430981,2.1232465066645894,1.1110595111963397,0.4166148265629509,1.5941217098891431,-0.4013638584826852,-0.01100595072051213,0.17907855184392882,0.49434807733978564,0.006198434909260137,-0.07802478840270186,0.1558284138038519,0.06746359082975739,-0.044834226289217245,5239185,slab/quill,typescript
0.14959512635811345,-0.0015767625295376917,-1.0323077531684057,-1.4678904168337774,1.541575291581509,1.57376792402117,0.6515818322427298,-0.8815695964554988,-0.5572658078228014,-1.0250378123013322,0.174722805456709,-0.45947218716529276,-0.07188609485969044,-0.028042790592566355,0.048827135342856355,5407827,stevenshiau/clonezilla,shell
0.4539934839752477,-0.7257768965396791,0.13567945475293433,-0.38405823524953403,1.6708756300696808,-0.05775846303070398,0.2501604734071485,0.1342479822391964,0.09807684693103683,0.10078286806833865,0.43465108798493607,0.17487916849775914,-0.18656714993191337,0.015640662711226803,0.038923217389557896,5896437,mmcgrana/gobyexample,go
0.7943437856581308,-1.4308470256396386,2.2830907975362673,1.5864555522729706,0.6133808678998638,-0.4470977571651489,-0.3769475406719279,0.14548769342461818,0.6658976660214931,0.5328588265794818,-0.11637919055667506,0.046519737054987485,-0.12835572917726412,0.019808043113940188,-0.038621136790336026,6498492,airbnb/javascript,javascript
0.021958950427942638,-0.9699948765302012,1.6514122177543646,0.5865382808630669,0.6420106126415196,-0.4040378471682287,-0.659154739222804,0.35064321596992315,0.22591664934349073,0.19428241169337734,-0.3406498865462485,-0.21234946225049522,-0.11987698402869153,-0.02978300123290986,-0.035287647329180494,6766558,Netflix/Hystrix,java
-0.764343036334588,-0.31071683530798117,0.09712369316115316,-0.0594733231609381,1.3546371611759547,0.4420294986864227,-0.0496821660854195,-0.6778929415134444,0.020221911771066917,-0.2802898491664979,-0.5772156741763921,0.06999566888300023,0.15851412937041703,-0.019293240571615897,0.04590047452547418,6975711,sintaxi/harp,javascript
-1.3859072163088388,-0.183416464534965,0.39712097924126827,0.9000741944865632,1.1062611479142368,0.5189934990427809,0.32893581127608545,-1.1068642329604697,-0.04155281789663497,-0.6065257015297346,-0.6019774884090412,0.21858946776398946,0.25015923676865126,-0.04584666875437024,-0.021258880403131092,7232856,AGWA/git-crypt,c++
3.074538372796121,-1.1282477447532335,0.9252548303416517,-1.1330558084406406,0.3253955544139176,-0.08520792666420308,0.004577178382156443,0.2865682528916789,-0.10851918669904917,-0.4055000852417413,0.16708998034677175,-0.4919610273511193,-0.19305205506506337,-0.02977165386081131,0.07845944897104669,8162715,saleor/saleor,python
-1.3110109893240995,-0.7077952660077842,2.16490410221042,-0.8539751637357994,-0.5019956369870723,-0.04120922612916386,-0.9122028650532946,0.08876495795101251,-0.49974423244122235,0.22795946677126902,-0.05902832080579819,-0.33654564027777967,0.0037119773981477773,-0.007809567904198788,-0.022393842758763167,8473240,scriptcs/scriptcs,c#
-0.7311120779482329,-0.3271667070628467,0.10187905538688825,-0.34151379224628514,1.2020906698653233,-0.1531955187408978,-0.24855925669434148,-0.7474818584915967,0.15850633501238812,-0.39608272712807346,-0.36809547013047705,0.3710222750801583,-0.12450234334680498,-0.059377738697535945,-0.04975763760975184,8552709,theoephraim/node-google-spreadsheet,typescript
-4.2803527369443195,0.31107677505794884,1.0114928298727437,-1.0211859697417591,0.039866102360236785,-0.05939929896471653,1.1810340380893933,-0.711960958726701,0.9051315408440154,0.243833036857692,-0.054167535291400795,0.16144643202048475,0.22855488025327328,0.03118092779545753,-0.005238370352137763,8780829,joseotaviorf/dash.vim,vim script
-3.7035445007846164,0.2839922910193445,1.935147274324262,-2.162130893788145,-1.228800508626779,0.2332141307627251,0.8081788332754963,0.6830002607644834,-0.5687799862796058,0.24124844166179674,-0.07057862461896341,0.08523069143646653,0.15792159842778608,-0.011315985938396722,-0.016360616433396542,9009498,wasabifx/wasabi,kotlin
-0.5434446812335506,-0.9382112945329433,1.6510253500013858,0.6378175532904762,0.6876847765663843,-0.6937102526510938,-1.1078750791093024,0.49612926327437146,0.2703068385232689,0.3212418115780424,-0.16845953086096696,-0.43463408039713247,0.10461513421058133,-0.03975037330476869,0.0009304604688886083,9603240,pure-css/pure,javascript
-2.25960423028096,-0.4170344493271266,1.1905372895628672,-0.7876788661651765,0.3094338177025562,0.7742188375150406,-0.13295668984931516,-0.3652544266203883,1.2185607064128687,0.5759925958589468,-0.04857174554099593,0.027525328856898484,0.15530121133037617,0.07613378966615056,-0.033717924018424834,9764362,trailblazer/reform,ruby
0.3145636288436775,-1.4400157094641544,1.997138505887545,0.5727738656440887,0.5366051741384518,1.0784915881852466,-1.1877472743873259,-0.3785375626634745,0.33359167854819854,0.9740313601093016,0.018506111079954195,-0.05374992152417038,0.15330485315686243,0.11227450167674365,-0.05203294875318094,9994688,ScoopInstaller/Scoop,powershell
-1.3615152321970125,-0.08433213426898471,-0.4959064170967305,1.2238923251658036,2.4000437535437413,-0.48837713032925895,1.1417434013946846,0.4399840156269698,0.7593996006476595,-0.03939196126324281,-0.1512918322292738,-0.40300165053269676,-0.329251253846426,-0.0403619516409883,-0.02544304573442497,10054176,Nyr/openvpn-install,shell
4.47811985421836,-1.303728323280799,1.5281426251892447,-0.2106466580206589,-0.25278447407412286,-0.09032190396477181,0.18318925823137003,0.6578033998518128,-0.009950255999353005,-0.8063237008260427,0.014442009826219147,-0.3384819617006503,0.014902428550628686,-0.14681162488550656,-0.021697080936696558,10270250,react/react,javascript
-2.0653673597741675,-0.3156259736837031,1.2963260964517416,0.3861956678867491,0.32063567837591495,0.02541332332115574,-0.41781331809681954,-0.03154894981590382,-0.1762078358978861,-0.21246076404207725,0.09796796980970995,0.29510537634685124,0.11443167796977122,-0.03680600614595306,0.017240236264265678,10637255,JakeWharton/pidcat,python
-0.6726310806020039,-0.9631026967474069,2.3613643947281258,1.2967353437109463,-0.02250080030480748,-1.7918075761299004,-0.6575522501360657,-0.15907540752506547,-0.1429543838483425,-0.10464674473439092,0.046408955372960685,-0.03913887522812154,0.12515074509848065,-0.08487347834290457,0.036442475833005125,10865436,dypsilon/frontend-dev-bookmarks,unknown
0.6849297457049672,-0.436231648711139,-0.5533233225917628,-1.111359036659735,1.4536187537202585,0.5928927001711896,0.7883411980358895,-0.5789005524169144,0.030854347949497304,-0.09180334895103333,0.42049053798661734,0.4027011052234276,0.13779096551901562,-0.06106674519446145,-0.1871927081573841,12085960,hynek/structlog,python
-3.1030370064406596,0.18971416250521958,1.5804566490685639,0.4777464343092086,-0.33268288798774914,0.6965148552689743,0.8177914096897357,0.2507420366185862,-1.901663268329447,-0.3340793381569061,0.1190164011659378,0.3676815604276887,-0.06902669926050334,-0.02641696302414498,0.008263275522348226,12526570,Augustyniak/RATreeView,objective-c
-0.831977731338752,-0.1835559853850806,0.7043201084880301,-2.9399201036923306,-0.5065868234516347,0.5088024739709388,-0.5497195419367144,0.5499588700252255,1.3545415923442354,-0.24293569054926242,-0.4351819371033478,-0.5178737783422049,-0.19856642620666837,0.00337905893745252,0.08282790636475208,12715951,Southpaw-TACTIC/TACTIC,javascript
0.8465799405381627,-0.5419073168147925,-0.3890926839209172,-1.4058304419825862,1.3997016653970438,-0.09002269990246883,0.14638451539576583,0.224991407044407,-0.15931215853457117,-0.0874464156463626,0.5026830810741157,-0.014629001816670942,-0.32657521368996245,0.00017845176584572575,0.023357360636057124,12895187,laravelio/laravel.io,php
-3.9702648320457095,0.28836502671788394,0.6909088330161668,-1.6253147935603547,-0.04713875807708092,0.16792833010098251,0.15488919444953206,-0.576235315988487,1.0743719006567995,0.04284410412461308,0.0030473507553210825,0.14493338140699458,0.404093427452689,0.00013817183144976296,-0.003417220104356808,13115100,stewartsmith/libeatmydata,c
3.711893836793642,-0.9159318064373378,0.864754915642872,0.36007654209161016,0.7301869314754424,-0.9759509867035676,1.2073976411714162,0.4238339665749312,0.4398569280511246,-0.20644560792046926,-0.2930468387674803,-0.11195897065021736,-0.07561360585184594,-0.3661456044246732,-0.2725278185751996,13491895,EbookFoundation/free-programming-books,python
-2.696598272567862,-0.28598759537135143,1.761272857953672,-1.1057819294139757,-0.6209444249978365,-1.5853420210215772,-0.6684880818440816,-0.7379123513047606,-0.13312322254606204,-0.06650315250231341,0.09402460427595433,0.1234946569819371,0.17139866137934312,-0.05157171412081177,0.024531976848523422,15347209,juxt/bidi,clojure
-1.3813317343841727,-0.5765882816263589,1.711784320856422,1.1738034833997515,0.08907954170806305,-0.3506995763320346,-0.3398132731463023,-0.3537668794971508,-0.17182337090553992,-0.2854975068956322,-0.019197605990209202,-0.3936021173696245,-0.37073738712987847,-0.020512955395568577,0.0006852161073108073,15505458,mattdelacdev/WOW,javascript
5.3864323114374635,-0.27088404909940267,1.489974420911524,-0.6168204445625725,-0.5050235081051929,1.451836118779033,0.442401540152343,-0.3752045792492584,-0.285579140180049,-0.9128753347632936,-0.34991593251725217,-0.1040484384415127,-0.0478370726569591,0.30994123900974097,0.004781953678006765,15634981,godotengine/godot,c++
1.2308913983173453,-0.884946461861039,0.47290328905858087,-0.8955360331079814,0.5787516827797612,-0.8903999361974313,-0.3234672901527353,-0.7004192451734618,-0.10210725869269335,-0.4164120035039135,0.6945735688692785,-0.008530826884591558,-0.21529740858213,-0.03989730958109921,0.01812655831680466,17042400,go-mysql-org/go-mysql,go
-1.978973717257761,-0.11908859578308209,-0.712758958243664,0.01429751870962055,2.3262658108666128,-0.3230108604386761,0.20471399658343215,-0.051363322242665696,0.35795516388363735,0.5611598209491254,0.03869764211462589,-0.04143546123850746,-0.018984274965484854,0.052692842762033225,0.05433210937058847,17119190,Propaganistas/Laravel-Phone,php
4.068491061900443,-1.1183848941735075,1.1367253386475507,-0.8622279377890186,-0.2510852354782756,0.11663074024385837,0.004826854728663645,-0.15762065847579948,-0.2739546871629795,-0.5954630242398878,-0.05387437492835324,-0.4459876030786888,-0.10135014563890724,-0.08901068403106768,0.006344874943510484,17728164,hashicorp/terraform,go
-1.4353087638357138,-0.21801161273627429,0.7648766400186903,0.06996697452636852,0.2312846995672615,2.017948580823495,-1.297738550988216,0.8949938027782757,-0.45557324652282016,-0.42770728460886004,0.17542166257346778,0.32761042085287023,0.5611710821051612,-0.061500420424226904,-0.00321792390123605,18486162,felixhageloh/uebersicht,objective-c
3.836222635302382,0.1553209450296816,0.2243631143567725,-2.18054923003715,0.19018624430577705,1.0525150000091499,-0.11228248120326416,0.39303210556903745,-0.6296029833401778,-0.5952956697445968,-0.47559350071619116,-0.022962773184894404,0.15812632629092457,-0.13928826853832899,0.007876254589116448,18719856,Stellarium/stellarium,c++
-3.3924637486307514,0.2816628782398413,1.7583006898582678,-0.9498314662818995,-1.3456416673462317,0.24307094986114341,1.3911753038461172,0.35062362087369453,1.845595516377079,-0.1986847783561856,-0.012591948653722325,0.025150534760614907,-0.23141132002364231,0.006735696787298574,-0.011574686762745376,19020770,liyiorg/weixin-popular,java
1.3075173739804045,-1.047533349889069,1.122453689996587,1.2313620146695847,0.8821066056034634,-1.4569477967265663,0.3755967141899547,0.30733294452427434,0.6126449198881936,0.12964608799587526,0.010248881639590033,-0.3771288389188745,0.006171627887874548,-0.05144355338947738,0.035619358286062205,19415064,ossu/computer-science,html
-0.9281097054006147,-0.5788416253329807,1.3306176742248923,0.846126178981068,0.512715500994773,0.6875135169010016,-0.5289580002815236,1.1885661087902586,-0.4647057008851344,0.4376373608796531,0.008479669538611173,0.2694211232165359,0.2171309674340282,-0.0008734151870591341,-0.0035103992876752226,19620844,ovity/octotree,javascript
-2.039481978242487,-0.30207535086211,1.366116490154965,1.8239003404806575,0.5839470215143524,-0.6179476207378469,0.6106778614274467,0.09121801464299144,-0.37109334558502277,0.07695059567377431,-0.01525304856810223,0.09421312958913378,-0.21537165948572232,-0.0062880629025972015,0.01978218440517037,19901248,checkcheckzz/system-design-interview,unknown
-0.8933427091014239,-0.888881254605604,1.6376297412477447,0.7927539869197582,0.35987175342344013,0.7262827321558256,-0.38783464631366715,-0.37098764947535245,-0.1972350769295033,0.8089883867903807,0.08186165035298804,0.1908782386521632,0.45608180798214193,0.07315703880486502,-0.02799727797038449,20060596,ogham/exa,rust
0.17457340334311483,-0.9510240513140047,1.0444493797968022,-0.35483944141263435,0.5743971211664762,-0.9177083083696533,-0.725322805461438,-0.3266311531025305,0.20973318434746943,0.4130668935813103,0.07097738471225928,-0.4091975540812374,0.05197840326110226,0.0038552102904343896,0.0015976148286083122,20506004,Quick/Quick,swift
-1.9096266792213568,-0.4054948528077463,1.8613998687060884,-0.5416020510466133,-0.693527277563982,0.4410708340698508,-0.18337800317853456,-0.06321284036945485,-0.3943408840693596,0.31300276285789086,0.02219231601198251,-0.11155902369788612,-0.032458257480039075,0.03722426803846804,-0.028772772471796167,20986101,GriddleGriddle/Griddle,javascript
3.071938548530215,-0.9069820201887543,0.4104726654819427,0.1771062365320615,0.47422627079697705,1.7321549597078223,1.0768772683420471,-0.135772110919763,0.10218569331823409,-0.31046476991105215,0.3617777511159946,0.5279067496614355,-0.0780854140420159,0.07902324004563686,0.06363067174836148,22067521,ocornut/imgui,c++
2.446958504077432,-1.1943669290825922,0.9322259256679409,-0.7006315213064357,0.08230966875483474,-0.5358528746473828,-0.19997636091640236,-0.5754605492761304,-0.026574813538885227,-0.31115542923877804,0.700984650915047,-0.14778605693059513,0.05677579878508476,-0.05040957288472623,-0.024735617681926593,22394357,osquery/osquery,c++
-1.8593974312119996,0.3571194192741229,-0.8097613084065207,-0.38221610317405474,1.4850816897364625,0.5021836169917187,0.34605161981673926,0.1090104712253412,0.19482725526543412,-0.054599819530079786,-1.1544457196088262,-0.029746404617131652,0.14874370122381383,-0.010481827091654045,-0.039927139102701514,23022345,DMarby/picsum-photos,go
-0.23386089802598606,-0.4548386086732905,0.40612853686328065,0.307350096438467,0.79957349601674,0.7090287385520135,-0.08711640009152405,-0.029924938393673946,0.00927811006272163,0.035086206202311204,-0.3318007839667204,0.19245746050854504,-0.03341348760157581,0.03668055065366146,0.06760930106684275,23086893,google/re2,c++
-3.11184918066283,0.2631686845632932,0.9185832174678471,-1.3572630183897252,-0.5980742053867879,1.4501515424372589,0.24326023120298587,0.5523600638554602,0.9517979465066172,0.009822047409574949,-0.0501034406022773,-0.1339946739441971,0.11650069801206883,0.01784301664084431,-0.03345221404422578,23121722,RaftLib/RaftLib,c++
4.012599521258322,-0.8592052797092518,0.7780243551343773,-0.7032729977797211,0.12213264931521266,-0.2532221782776097,0.3960018419646708,0.24601724823633778,-0.10516794547270182,-0.3851949199007494,-0.24469228985016228,-0.2996827198308778,-0.13427164965472263,0.03828356060790566,0.09042909565573519,23357588,protocolbuffers/protobuf,c++
-4.087992315421499,0.6846000351457668,1.509027566530342,-1.4723657968517936,-1.3692434328010783,1.2525903331695225,1.4656958037102492,1.0876572078587257,-0.9784265911605771,0.06996575860145358,-0.05064168035959933,0.05326535565753035,-0.1422378920196617,0.017013299515732105,-0.0289641573671316,24151545,johnpapa/gulp-patterns,javascript
-0.31258929466038693,-0.9684410812301505,1.9991824285513504,1.090254004620967,-0.1416453243721159,0.7306240594030364,-0.5516214383365294,0.023199314646296768,-0.18016175138084403,0.42995590783734716,0.11008683826119574,0.08004846901287885,-0.09539416254659047,0.06231342869598036,-0.02709053196732509,24579238,vuejs/devtools-v6,typescript
4.739204964776756,-0.8029386514838522,0.9970509634919694,-0.30158050826663807,0.012637132246708427,-0.6595423769669584,0.5868042429139885,0.9057103158448485,0.07855203563532807,-0.3468949986809834,-0.4674753075459578,-0.491347114105897,0.2112764700573847,-0.01084220527639121,0.05340043554544922,28457823,freeCodeCamp/freeCodeCamp,typescript
-0.20746344102314004,-0.3077613273895443,0.3927903730794465,1.1710604640343265,0.6065379169903654,-0.46910644661316886,-0.051106261046384605,-0.9968927595688,0.1424173893743928,-0.7983489138846296,-0.6217559502262482,0.35318906506020203,-0.06071995909571137,-0.09442994240147957,0.008992441168781012,28515839,skywind3000/kcp,c
-1.1685876176143866,0.04044301304203157,-0.18434091956863746,1.0956700050642345,1.2632050747706922,0.5965146817262511,-0.27190023477956043,1.5761389742331366,0.3244722268244244,-0.43525422222900617,-0.18872515427528774,0.04723531332017876,0.21574998704133277,-0.09988791073125393,0.03466741235834603,29397594,ssloy/tinyrenderer,c++
-1.9560724954243063,-0.3964168924026868,1.0351668566113128,0.7700884957816937,0.36473572052075665,0.5205932144425736,-0.383149498473909,-0.7379736361541868,-0.516382784162665,0.20804055770634172,0.1374489266004825,0.17611089385307516,0.13764715047302714,0.04367242711011404,-0.009930212537127068,29613985,jorgebastida/awslogs,python
-1.0718082658449544,0.10033516265731324,-1.0417051070708023,-0.7155835881634968,1.4982789768261842,0.7230990624350149,-0.1108394277892289,-0.04329652125442704,-0.21831473432266738,-0.30965758291536366,-0.005041669502914513,0.0374935876347994,-0.18703787089755716,0.006602987357827255,0.05481332159263149,30088118,mat/besticon,go
-2.098003466594424,-0.292544494166128,0.11818715176893553,0.839754467347591,1.311183313804668,-0.6181931744727651,-0.5030403200653271,-1.1966717797257471,0.37870381342996057,0.08707524339602836,-0.04590333005898207,0.0605246958830598,0.18457953180893563,-0.0006042786716656392,-0.016433122508785654,30202970,karlhorky/learn-to-program,unknown
4.887106803107519,-0.45942790500523895,1.0778588480564166,-1.288768366037475,-0.6013307720566778,0.43071553115276445,-0.18929959758587572,-0.13260151712589405,-0.5177011184919817,-0.8022387335955277,-0.3331875086684208,-0.22787853393378785,0.12270597769296587,0.19877511274687787,0.03884194044592949,30203935,metabase/metabase,clojure
-0.8229860815222927,-0.24808061854851737,0.38134944850719593,1.1299221387329492,0.5670037239466997,-0.2985669047547541,-0.4826540997564147,-0.6400619402510054,0.28838506472595776,-0.8379755378882516,-0.409694081645942,0.24829145142032868,-0.11469279279982354,-0.07472362679036412,-0.0007336496400869216,31365325,happydog-intj/JsBridge,java
-4.206898873843702,0.5448855930349867,0.7310583400848988,-0.8880035595849617,-0.4488131986646778,0.26001016397183074,1.3277008871505225,-0.15605496047180664,1.345896267006984,0.19443928456941323,-0.11615028887938156,-0.2444657882694715,0.6569918287255296,-0.008328048576560665,-0.013550749907294499,31686893,d4l3k/go-pry,go
0.2414847675967825,-0.3476319892993513,0.1783123377834441,-1.2949887518997725,0.18606635452886222,-0.4495494348750209,-0.835845499353234,0.3318928955725304,0.20742394967971647,-0.4410934201550552,-0.09637284137015927,0.4610468290305828,-0.021530161450905413,-0.07307579653917494,0.05046763902751274,32243098,coin-or/pulp,python
2.565129466673066,-0.7585722911002406,-0.1094618133929997,0.1421678959889342,1.3516221566185322,-0.38509734075010243,1.4569238201306989,0.5375551238091492,0.4500922163266762,0.5014419992834744,-0.026516794635441487,0.17776572804659838,-0.03191603938964844,0.04087213996196414,0.05350739691230595,32484381,ripienaar/free-for-dev,html
-0.01590857983114024,-0.4634670288686182,0.7437425665521057,-0.5637606384820285,-0.14792557369199552,-0.7329391456050952,-0.34453448216415306,-0.9123837309398146,0.4356684355747833,-0.34404288936528216,-0.5532702561756911,0.22017490468190018,-0.018422175221998457,-0.013478782924303876,0.08342833429342329,33200340,react-native-linear-gradient/react-native-linear-gradient,typescript
1.690985167587229,-0.6701658894148395,-0.1689249368411872,-0.08580438129522275,0.9093665745644752,0.8079670061557409,1.0608130037187193,-0.5404855712660765,0.2097642135211387,-0.04361093970162891,0.493097150080681,0.2896680448234683,-0.059118120501102815,0.05019297699691566,0.01164660594564835,33486016,onevcat/Kingfisher,swift
1.2432418481529093,-0.8025148686527089,0.5601378346241275,-0.13726394315153392,0.7649997716166325,-0.055929601227530885,-0.3144107543173646,0.9590055477265681,0.34284317288824473,0.6610890385291749,-0.5682614698900937,0.4115585878096771,-0.11888577988218477,0.02513472467232214,0.012717247255103137,33569135,ReactiveX/RxSwift,swift
-0.16320371703300446,-1.0729018950079525,2.0732637736664365,1.5775168348204938,-0.07036926137519793,0.33896815577740386,-0.2842186778019343,-0.18654631430386256,-0.15596175823156497,0.7106469783621535,0.09222280192930316,0.011954121865075355,0.3597809669309527,0.05422119882127191,-0.024062528169849724,33614304,nvbn/thefuck,python
1.5390753824391596,-0.2955422349749633,-0.48757172065564597,-1.45964406163232,0.759389213533818,-0.012728142502477906,0.0445916498843379,-0.2977935577773758,-0.33521973431873336,-0.2531659018157059,-0.25467342308498847,0.1621969180595307,0.17651948798422185,-0.19412076704929282,-0.16557843990947158,33943153,cssnano/cssnano,css
-4.670170305781499,0.898059066047988,0.9379723525698267,-1.3291455473119698,-0.8561561770179575,0.4962515029742542,1.7315387466204748,1.1494288137771833,-0.48836944228246015,0.2728820621540092,-0.17501010509418044,-0.08887948583518313,-0.19219866390788315,0.01832278939368409,-0.018395319933484817,35534645,greatyao/v2ex-android,java
-2.635935116007987,-0.14072155110326787,1.5422237077933358,0.8607622157012843,-0.19870793219875935,-0.10874326358813625,0.822840214780482,-0.457152932275423,-1.4819345366036814,0.47588172087303643,0.001952778869068023,-0.11709425378953572,0.33357878533117136,0.02317718509604766,-0.011078707977300437,36267537,purifycss/purifycss,javascript
2.2649849404753883,-0.9040770820287789,-0.061773129897386723,0.15147164997718587,1.6564728562802737,-1.3026844779649387,1.1974284958850787,1.5591096477731339,0.6099599908843327,0.9948676124041903,0.1431136584135183,-0.2585073432885649,0.2622424847686976,0.013133609355848914,0.08435110304078476,36633370,awesome-selfhosted/awesome-selfhosted,unknown
-0.6402553535952704,0.11590321402425584,-0.6073426028980954,-0.9215077283997655,0.5113295908468931,0.5874802063668771,0.6870827249088132,-0.8600741576062583,0.6330733291780731,-0.6481181845343044,-0.12849782741191884,0.04854262047212725,0.0655166096940308,-0.060222930994034835,-0.06290989214761789,36959618,madelson/DistributedLock,c#
0.44152323497191426,-0.326225492969511,-0.12887238307385543,-0.27979754894591635,0.6641769940622905,0.5641426065738421,0.16049551893566488,-0.5176742291287163,0.11245189324324184,-0.2191135855239577,-0.3392228082951912,0.5179040330518889,-0.21926756995347596,0.02089110877021816,0.050291203658101656,36997653,TimOliver/TOCropViewController,objective-c
-1.9325067708714996,0.19135950558995124,0.2322838503742446,-2.0456051379797606,-0.5105606889659394,0.676216728555932,-0.5051120203925095,0.5771560761286814,1.4906676081712997,-0.4327598524809712,0.06942814408868325,0.45336871031291937,-0.10019074087271398,-0.021587372750428453,0.00647479018351783,37164499,baopham/laravel-dynamodb,php
-4.006234858777512,0.5364340656054657,1.284198571974578,-1.2752156498374323,-1.2934508706612524,-1.5516702704849572,0.22892865108875757,0.06546035725593663,0.20087448162643284,-0.6154182757106185,0.07769456996925245,0.08889744808826452,-0.0769255218223239,-0.09970493215843154,0.039976072345079314,39198097,Brainfock/Brainfock,javascript
-3.4645193979568334,0.4169794450129012,1.0561412987686924,-0.8163910002299054,-1.1744313135604074,-1.3006036878235787,-0.4434228906707479,-0.2643998451328183,1.046147057754719,-1.2133981945764736,0.16298072993090176,-0.021091112557376362,0.12503373629767758,-0.15390711921690328,0.05069310683143517,39333020,MatiBot/MBCircularProgressBar,objective-c
3.346525783875005,-0.205825766594684,1.3840492905846307,-0.6125415667798245,-0.6165774730386298,1.0293438167059623,-0.2258164456352339,-0.4507497108185202,-0.3739821242246119,0.03559608837956295,-1.5085467672561854,0.2582933321151267,0.23157342177987483,-0.017237926182932788,0.023084048031992942,40276274,ziglang/zig,zig
-4.441623334080034,0.6189663913156869,1.0409220174164182,-0.47353893881336223,-0.5039023678554553,0.12064722936643052,1.6076346891096467,-0.009074800916330724,-1.6073109184188634,0.49244446912123035,-0.10373626410106235,-0.13511961837401237,0.1458051922075962,0.034378018575316444,-0.017659868060938617,40905410,owenthereal/hacker-menu,javascript
6.54049162444707,1.9352707845201143,2.139062874070266,-0.6794117514497915,-0.603809384576007,0.6628888474170503,0.1490811258129603,-0.6833510288321774,-0.2690303002627258,-0.6677947711828451,-0.5632983295266346,-0.6823672156784736,-0.01228571749561313,0.6573567229632589,-0.1532547587129641,41881900,microsoft/vscode,typescript
-0.13984137640980138,-0.8381833703756665,1.0462599928325587,1.177910677796575,0.8224562601078823,0.9110270447930093,-0.6145530598754021,1.3649881036577705,0.6774967503743461,1.0070324655414342,-0.21727713226990528,-0.42217115887900253,-0.16164625519884485,0.08087216173902108,-0.04314343637666424,41912791,v2ray/v2ray-core,go
2.0787608763827787,-0.990472747498155,0.48418363183540686,0.11811563274001849,0.726901762863481,-1.0558023195882558,0.6370536856827065,0.028477041894826617,0.481444217062184,0.40808070069312735,0.16270010797421203,-0.06921591328570731,-0.1903408043037509,0.006510757432393746,0.0028247037308550306,42489829,rust-lang/rustlings,rust
-5.630724159114831,0.9450867043551553,0.7087880873971428,-0.7900829070477505,-0.3076912940727132,-0.5900023769338886,2.0811364165411836,-0.44538311471030134,-1.9321362994777471,0.6803494146840031,-0.07940476531233226,0.14919878648323398,0.4151883435199985,0.03232101100140766,0.0006970069569510103,44154770,VictorTaelin/LJSON,javascript
2.25548318173262,-1.0573710497779083,0.5961911244727598,0.09602837694090068,0.4832201785117933,-0.7427225753147665,0.43313474196125995,0.07264543324831088,0.40319203890083505,0.2139370071682414,0.504302160345432,-0.008204949081035457,-0.038871517766828886,-0.003921276344787548,0.0063831446058200125,44571718,vuejs/awesome-vue,unknown
1.727120854177759,-0.9975115636233477,0.7454862523177617,0.7238501246147938,0.47425121024669353,-1.2700695667931927,0.4181280567249528,-0.7448369519581725,0.3620793378746031,0.06902819235484642,0.12859398326314792,0.09411503777763533,0.055716753691623384,-0.044355849505992306,-0.035094715714633254,44882201,MunGell/awesome-for-beginners,unknown
-1.5552070908683138,-0.1314568814069056,-0.48860357582754377,-0.4566101278369391,1.1171550814045985,0.21187873014105407,-0.44642372920366813,-1.1798301196647019,0.05226200899334624,0.1818089213199683,-0.21537729279969103,0.42623862605394314,-0.15307348407263582,0.07137979430577969,0.010064364102956688,45144378,ixti/sidekiq-throttled,ruby
-0.603072090212294,-0.048686393585332687,0.2857241647302555,0.8425319945422202,0.3222597622366036,-0.4104404090163423,-0.9083871278882136,1.3701195745111383,-0.059147502620069785,-0.9551893612835051,-0.10541004013235558,0.43837780059065695,0.3579428806316291,-0.18887779748955452,0.04445196718662383,45680749,kholia/OSX-KVM,shell
0.39623524605686217,-0.2173832948279091,-1.0320277277406447,-0.5393372848135609,1.4870362194443862,0.8157441181910978,0.533490276118836,0.42455266896025357,-0.1328724235032344,0.10146599274456042,0.4541378826545054,0.017798999567594943,-0.1706979492843934,-0.007460776233921401,-0.12061527275585367,47726042,VREMSoftwareDevelopment/WiFiAnalyzer,kotlin
-2.7900462243770585,0.24766345013951094,-0.5627252384703718,0.03817745240184376,0.8524617025533273,1.1553851367934125,-0.9516208685012709,-1.1171994515674593,-0.20784274958116125,-0.5909245721717548,0.00860796773976063,-0.22139023849394,0.040149121360994494,-0.011701719164035854,-0.04141972702432579,48200340,gpertea/gffread,c++
-5.199650842924011,1.2347107517106741,1.2959050857225602,-1.271661203837446,-1.7254635282223232,0.5323316880454231,2.2824263015731328,1.3664270086296264,-1.64849292167135,-0.07415275321805247,-0.04486302343428956,0.13448418498937936,-0.0026182748942170484,-0.03118207717980792,-0.003830097251086359,49280918,Nightonke/LeeCo,java
-2.900201669586712,0.07904524127991819,1.047798155779717,1.3583919172564425,-0.29119910034279023,-1.0737767052436709,0.6086021226020762,-0.9275401058574522,0.9620165624177662,-0.5837468037494428,0.09422064673444147,-0.1568477739495193,-0.1535427219392532,-0.041981845241187726,0.02842753660369151,50936918,vishnubob/wait-for-it,python
-3.7912881450759826,0.6156463012536098,0.937507447474353,0.014780258690881145,-0.9796500058452955,-1.1969911741127595,0.26755848862969434,0.007655567291034231,0.14703036199904393,-1.0981058568535622,0.17703720266833936,0.17907113093652283,-0.0015602511903976134,-0.1364946393820714,0.05654116565315752,51283181,asLody/legend,java
-1.5638640018465844,0.009044029472285503,-0.49956078337872584,-1.2400199175114226,0.7281812617271026,0.4067483502858877,-0.03366873260505374,-0.4389155144097344,0.41628890517875855,0.2790359793866311,-0.07382360999220199,0.05442215409589585,-0.4076539882477562,0.08740881464568558,0.004213927969269744,52110639,pybliometrics-dev/pybliometrics,python
-0.5802294954312666,-0.48312614635172574,0.4527542844650945,-1.5246704559824298,-0.061044886738439295,-0.47161543325792765,-1.223583678357586,-0.7141938024554407,0.2577249774098566,0.15336433343983327,-0.3707596197670735,-0.5839892452450999,-0.5180604078972311,0.06930145861056261,0.06299863407856636,52270857,postmanlabs/postman-collection,javascript
-3.0824552198805235,0.2743209281981703,0.13770930175309676,1.5155454217738253,0.8142456905703158,0.11789934156636774,0.31941734025923985,-0.1961350046156893,-0.44633842852021066,-0.26196483800171705,-0.0353569695409079,-0.21460407133113737,-0.6025412929198436,0.019357368795761665,0.006297803456646592,52285269,makeyourownneuralnetwork/makeyourownneuralnetwork,jupyter notebook
0.032129772896056195,-0.4590168581118224,0.703336320984829,-0.4125212297908228,-0.3763069605436205,-0.6195280523284438,-0.8094389456909535,-0.8726420961689205,0.5894879226158697,-0.4329153905329205,-0.482700474331302,0.5018165643550682,0.04053570388294171,-0.03860087648325313,0.03437320224549112,52316423,react-native-config/react-native-config,ruby
1.865235596410156,-0.7496120094147294,0.1758296558003044,0.37679816758696966,0.6386875439794027,0.2971773848795457,0.7357167402822272,-0.6136953833581372,0.215408151956841,0.29538267613983593,-0.052660552656940654,0.640063533356758,0.28525001829397956,-0.005798973493874633,-0.01734716186617695,53631945,BurntSushi/ripgrep,rust
-1.1947762214240951,-0.17276223226827006,0.5029707129786056,0.7115930480638628,-0.03416308570650022,1.3482300095247153,-0.7217915822710292,0.05023452673209376,0.3188387068178877,-0.5670194627874918,0.07695240973480633,-0.015615799135085855,-0.16985683048515565,-0.015732046188456472,-0.043305051935403856,55608993,begeekmyfriend/yasea,c++
-2.9598156918774876,0.1395253274021151,0.346402621499002,0.9526797099101877,0.3770377170472763,0.20346848035556442,0.03164636146050731,-0.7137392065095952,-0.07912833301122169,-0.18745810255809126,0.08437509613090866,-0.044880257269514445,-0.15694075716543132,0.02108158823354911,0.002379130210719385,56901410,wiseman/py-webrtcvad,c
-2.233813349703902,-0.22993942831456132,0.6286736771643356,-0.6316424533748141,0.1714844828220112,-0.9516230446106,-1.3931921471430422,-0.06471886335433558,-0.26322857523346466,0.34939015282172264,0.03615840170740196,0.02921275295334627,0.061817958417266165,-0.004317656010850267,0.0106416044157051,56933990,geometry-zsh/geometry,shell
1.362863504669192,-0.35683618040778786,-0.4877204104751052,-0.4077314298675546,0.873736009545718,0.6557149099439423,0.5053637051545072,0.5557165083602198,0.08300942870302315,0.15714765051846677,-0.19183401005197503,0.6262876528691147,-0.35094768363484097,0.0604836398264136,0.05069326026555078,57165232,HugoBlox/kit,html
-2.8187385452275264,-0.022624754603428835,0.7150821384887746,0.821895430544315,0.3882447675641897,-0.032995287837899484,0.3817453170996574,-0.42499822834577206,-1.0412450489665481,0.5798549846589346,-0.008706494241059577,-0.030455227111194527,-0.2878517454423268,0.08458386586679349,-0.014674965735778487,59951874,AhmadElsagheer/Competitive-programming-library,java
0.9587074989028794,-1.2972187965395905,2.2210831266979794,2.2007832783572354,-0.12865192307344184,-0.29411389400045146,-0.45938578067745267,1.072471841431932,0.5760043930709404,0.8856753141818988,-0.020508768794121838,-0.14656520159186265,-0.17692815783516644,0.05402655258405903,-0.018555043926534905,60493101,jwasham/coding-interview-university,unknown
-2.579783622778721,0.5866297176345905,0.27258900604398917,1.687846631745358,-0.37607730483308055,0.9815890313458395,-0.43437237251705296,0.8193691590406458,0.004868648484205603,-1.8884947725690042,0.38774744491483415,0.5324167529357797,0.2376253803198845,-0.188782081262061,0.06400854892503775,61980073,hackware1993/MagicIndicator,java
1.4643371586831715,-0.8141888298383452,0.6447001807504428,1.058424284476225,0.48596896228977154,-0.3814871016225614,0.06171571184271973,0.8925750187764114,0.44200102847449224,0.24757046185198633,-0.0782951033985242,0.07627997379733897,0.0581872354662025,-0.04142890746599649,-0.04142542420572165,62607227,yangshun/tech-interview-handbook,typescript
3.7399969069732135,-0.9165468489351405,0.7760391551621554,0.42446864043281857,-0.09027822481790071,-1.3388492002914267,0.6658073570982143,-0.09613122582309334,0.28346334072666374,-0.3606044670195602,-0.02922470682053617,-0.04402697720978603,-0.16795774595272775,-0.3374836848778749,-0.30227412895327643,63476337,TheAlgorithms/Python,python
-1.165637843955398,-0.45065218340408864,0.9119176947182136,0.6710361095738832,-0.14991217369229876,0.9338521839086804,-1.1272390969968427,-0.20125805399581606,0.18526416587803538,-0.08951248420083523,0.18196412733546877,0.0020545125486594587,-0.09710217104542157,0.03137277267984445,-0.01728858365506953,63937742,frontend-collective/react-sortable-tree,javascript
2.1689837881849514,-0.6176754379789653,-0.09925049886583387,-1.560647964380372,0.11424679456553904,-0.7556616667550108,-0.5392233197302162,0.8270996106529488,-0.20671969221398637,-0.26583009496705895,0.4273309182268315,0.04573553426698773,0.16333355667403754,-0.0827572485799554,0.05771127317016792,64654523,openebs/openebs,unknown
0.30182698924338425,-0.43067954763745936,0.13317478640971303,-0.6940685671531256,0.03440826436614183,-0.7696467333392988,-0.7744571617513557,-0.48921453611466964,0.02551296733363648,-0.46262154723505067,0.01817713686332533,-0.5453126190292863,0.14278599284805654,-0.07007159584581013,0.04108987183778395,65215684,shoutem/ui,javascript
-2.2254671110593445,0.46413035771442485,-0.8600859716254861,-1.3171911215981693,0.46719344072189567,1.0020879606002753,0.446478600715849,0.3635020303220407,1.1542814127972572,0.04358115070056482,-0.09125628199967081,-0.5072493927548597,0.6302921298438097,-0.0011246158280523407,0.05310177806629748,69188189,p-gen/smenu,c
0.41924274646976495,-0.26796161157583187,0.027478699892316154,1.2066820867011543,0.3769447588697001,0.5740916111687949,0.5995878243158379,-0.8599641717877619,0.3090867732227397,-0.3848806442428153,-0.5463173463973944,0.22977378285075287,-0.24898000657293728,0.002546174047170204,0.015316734719879767,74762106,jhao104/proxy_pool,python
1.9937374431611763,-0.010033688601450966,-0.8870952060507166,-2.3329873919698,0.24070185935394997,1.235785761683779,-0.11238014839706753,-1.0759083958580693,-0.816733273330309,-0.34193369472634844,-0.1310898283321351,-0.11498732476176379,-0.3245713049898503,0.050716551119058643,0.007624184416232796,75077977,coopcycle/coopcycle-web,php
-0.3681877351757353,-0.10453292077474588,-0.5723935658495476,-1.52702455651434,0.3863372262911108,-0.6784895643442482,0.07246992805842081,-0.8605675398605133,0.45917470938765265,0.022338106266329424,-0.1618313611852887,-0.05085712782044601,-0.2613371584671153,0.009559841584619436,-0.013950486326199217,75791177,rsheftel/pandas_market_calendars,python
-1.3642590483023376,-0.08813864186027727,0.30928411311759496,1.795692443575655,0.8846696840418151,0.6054141302253447,0.0995327976208979,2.0098503956735887,0.2654736147835915,0.46588014735092015,-0.21657803052735644,-0.32412548606587266,-0.25718612757143144,0.01150763589205439,-0.0089764884302,77189043,bailicangdu/vue2-elm,vue
-3.2643959428113454,0.6802099773633292,0.367559233317063,-0.24612063483177246,-0.8532596911959519,0.3777801031883709,-0.18480533350097503,1.0724178794537533,0.7091681825622923,-0.9717242714533637,0.21002281756480987,0.40831201927582933,-0.12343964268130335,-0.09336428454273746,0.03462806016711488,77513419,react-redux-antd-es6/react,javascript
-2.3288088030513574,-0.26018381913538874,0.647805611692358,0.3026822127954955,0.3604056877125261,-0.5635178569144917,-0.1545562353590195,-0.38613802221626237,0.1787250927391577,0.943926764672981,-0.03271453444041134,-0.0598116263448184,0.14850648764372984,0.07911618412484303,-0.013978606519860446,77689140,thoas/go-funk,go
-3.726443186006312,0.5779504277395386,0.05697900682337215,-0.005774494562292984,-0.06400185556081323,0.6081441091900713,0.0039688293494897775,-0.15790087803158845,-0.7239665016812972,-0.27041418886132557,0.10535709685113447,0.07354257537620476,-0.18621494646928685,0.010987207826511025,0.00036231600869700867,78220614,juristr/angular-testing-recipes,typescript
-3.9007981480744798,0.739902948140841,0.8004112153835238,0.18168104445874683,-0.49935735901428824,-1.2217195833756327,0.8508275524407082,1.412530095077266,-1.8640570340146831,-0.05656191106156392,-0.06254508076567239,0.10950477348206236,-0.5752880769609606,-0.050670012264540404,0.035231410892743106,78221549,datacamp/datacamp-community-tutorials,jupyter notebook
1.0924589713837258,-0.09134835234312902,-1.1100564110486704,-0.8344496577679806,0.6220000417165688,1.606099083009269,0.6133651857647938,-0.6342035427216522,-0.38144882129992735,-0.47864816415184613,0.29367870151224273,-0.2884345603304059,0.16460073253232346,0.020216306919772258,0.01858821769584442,79987996,zufuliu/notepad4,c++
-3.2903868117074397,0.14493986554554564,0.23545341751510676,-0.4962564460951791,0.300053957349534,-0.0767482677415179,-0.2572132445971739,-0.38193329768852036,-0.8610296080730252,0.8151366751272896,0.010220922692917018,0.09914758292945816,-0.08001182926789988,0.09435180210099717,-0.017721587058258943,82204858,pandoc-scholar/pandoc-scholar,lua
1.3369736376673056,-0.8419008064484834,1.2071038726782803,2.4147388701438603,-0.20328850160901762,-0.08334333232798546,-0.05127690116038753,0.2025718191109625,0.6845684633588434,-0.4056357892991976,-0.028674571345823453,0.3197998567829722,0.03782732948300358,-0.05219454426559427,0.004135170405604199,83222441,donnemartin/system-design-primer,python
-1.1351956344968124,-0.35081039636626005,0.37205742511443163,0.6023719033057876,0.16261837822389785,0.587799508295685,-1.1658094850426854,-0.47894074647888685,-0.0054103929001061545,-0.1193535093553458,0.18116523159393194,0.35976335989692676,-0.2864198695614152,0.03776581271040674,-0.03568286866279086,83773237,wuxudong/react-native-charts-wrapper,java
3.0888269582296553,-0.6715777536394428,-0.3454481728189898,0.11922239608498907,1.1994240070420625,-0.8413307232488387,1.153004044558801,2.4380033264161707,0.5277128684797979,0.8690659842412777,-0.09574960598675873,0.04158577582683331,0.013548965460809007,0.027369482243887782,0.12387890264693857,85077558,nilbuild/developer-roadmap,typescript
-0.5315826804059707,0.05331134560461362,-1.4979550825277075,-0.4133192732365022,1.5762127109674282,0.03896805255880731,0.9131286391943106,-0.22894415922031763,0.18771245662162903,0.22502498252100542,0.47609048755680405,-0.16467006306984308,0.10705591668009279,0.007768912397128448,-0.05996686823647969,86743880,Tyrrrz/CliWrap,c#
1.2937251152518856,-0.7927550009916441,0.9038181222024918,2.141035081551087,0.13743500031093842,-0.9090596610583151,0.4292124391427101,-0.629545778383517,0.7292920674322736,-0.05347288662475964,-0.6043435550389089,-0.07907525041985373,-0.018917761356804216,-0.043942457585499056,-0.026786136371303892,88011908,practical-tutorials/project-based-learning,python
0.3519002214526931,-0.2591582087938364,-0.24543578610446026,-0.4887251362696714,0.32799490105330964,-0.012226050901027153,-0.48722360076910587,-0.3353927208221865,-0.2294183697757317,0.10696731403464353,-0.6141696141688738,0.2971842081117152,0.2700391818194042,-0.0024643118784901026,0.07043448574555207,90903705,graffle-js/graffle,typescript
1.7308716621576568,-0.52013328498751,-0.4815816023764511,-0.7544576072526582,0.5772551127938464,-0.9202149623314159,0.03725788610545886,0.12254099953877334,-0.17703678191694716,-0.0548284778959833,0.4012082229997146,0.060505360804702694,-0.1483485261845949,-0.05155535377449993,-0.010796650159998226,91277330,OWASP/wstg,python
-0.7697227633307676,-0.24351583199598772,0.4877701165582217,-0.7282671106014444,-0.4996050163816528,-0.6883692022568139,-1.2152442128434033,0.6356213156250315,0.6123319193271132,-0.16395978570075326,0.2288830453546493,0.42584910260228226,0.36037287268187695,-0.06283931709528211,0.06010497122519355,94948855,airbnb/lottie,html
-3.251601016064581,0.33428714467734855,0.5912458625024383,-0.9742539368760074,-1.007956606094429,0.37125979310472035,-0.10161445715875622,-0.20804981204310233,1.219139963283315,-0.07975346935889559,0.19796494789726046,0.30395919350125317,-0.2855055578935031,0.05241768888014062,-0.009348582509802814,95382874,iamraphson/react-paystack,typescript
-0.736618269531735,-0.7233980180570955,1.191394814298153,1.7860809037650502,0.1550295427606793,-0.6545843015464576,-0.4373442361594821,-0.0758152736261028,0.4281044409244465,0.6515517041625449,0.07465571348264471,-0.006416030429180127,-0.07041841642562684,0.057087070649367744,-0.0028651529897974564,98029592,ziishaned/learn-regex,unknown
-1.9961802941863347,-0.013014751776192495,-0.11370413530603912,1.301250464214285,0.6635537603572933,-0.25342000266773185,-0.46458689393844627,-0.6626151789814234,-0.11621025383604387,-0.12330295973788483,0.015487963457159243,-0.0839993509479677,0.3984040437591832,-0.037110841815124224,-0.016023038383163275,99822164,aksakalli/gtop,javascript
-1.7177051807027786,0.0613565385354761,-0.36823007191413,0.04449191539877441,0.3072743902505359,1.1242785653573217,-0.6472641179360794,-0.7236672343580334,0.24333396071142768,-0.12070777544106918,-0.2111262713753809,0.17082493932992318,-0.2833686909856126,0.061645531475352816,-0.053273926357080885,100764624,fabiospampinato/vscode-todo-plus,typescript
2.264799800119905,-0.791897535257369,-0.12318510970865837,-0.5069788988766186,0.2232628754500876,-0.0021162725526212333,0.4107666867462881,-0.47140450789351096,0.05776985586232124,0.28144770548302933,0.4687880055059928,0.12814102694289325,0.08606662808581911,0.05967755791062146,0.017234212829582804,105379569,actix/actix-web,rust
2.251370605640529,-0.9684529000737069,0.24826580071710386,0.024183180031094632,-0.06232516887935605,1.125109355630943,0.45328671158323086,-0.7272710228872885,0.12795639927774224,0.2177830544296873,0.9090571045114828,0.20171809704629562,-0.1928728556254577,0.10407079767541282,-0.05147960375560515,106024057,pyg-team/pytorch_geometric,python
-6.087488123471662,1.3286400848304976,0.9537293528624382,-1.1585289920489397,-1.7781506733656032,-3.9755515345545533,1.2271582341980771,-0.4783744437536807,-1.1586244390229248,-0.7778521906138236,-0.022408414329382623,-0.32472830946303466,-0.024256664712891902,-0.17680966519009442,0.08072841904067911,110198232,MalwareTech/TrickBot-Toolkit,python
-2.25909101323907,0.12504504894761947,0.19337136249054268,0.805229832470532,0.053068276844005155,-0.31732919741453697,-1.031667168418332,0.36843592308224676,-0.5478056391703894,-0.30155941675460113,0.21139914127329576,0.328919747899959,-0.12521700826106985,-0.0368068344777652,0.031195854381923224,116340040,ipazc/mtcnn,jupyter notebook
1.3826656897856393,-0.5261041638635815,-0.052996454865616514,0.17318181792250492,0.357946201741582,-0.36484910817072935,-0.2483299756422923,1.5422679178176142,0.25730463642535956,0.2599949170876255,0.19709714984273732,0.4117488178670116,0.04410263047786023,-0.03204019556452542,0.017519911212759854,117372806,yangshun/front-end-interview-handbook,javascript
0.6468637974400909,-0.21841247596151603,-0.6935189610402823,-0.37172633213798084,0.5933335939044124,0.5111078536408691,0.03653967585991237,0.4105648208289602,-0.06551178494117905,0.2218090171210793,-0.04629351479942008,0.3058713999052114,-0.32638556898376797,0.019862371831071517,-0.06149233566556009,118820677,labex-labs/python-cheatsheet,vue
-2.3217231663120486,-0.05662370423183744,1.5482204079711186,-1.802359994168671,-2.1290383601890124,0.4019719093237207,-0.5777986962827467,-0.19482035622719565,0.4245456420503122,0.2929729531487374,0.14215578251166508,-0.23209074662506252,-0.11218197784617401,0.06438102460145764,-0.04448349067707342,120145570,sourcecred/sourcecred,javascript
3.8444916094778607,-0.7642599895994957,0.518215717461327,-0.6721711634591834,-0.9397232652408122,0.14073505554236013,-0.06249117275034728,-0.6407714482712996,-0.2284358370647,-0.6071074714104305,0.18787277431971094,0.09605904438653041,-0.2604347642829391,0.11085980001755907,0.11857593776812547,120896210,argoproj/argo-cd,go
-4.623515219267394,1.1581255262365258,0.4200043465151124,-0.39633238884371297,-1.304790227869186,0.3150224651040564,1.4331101900119005,0.9609215925710741,-0.02807012433355748,-0.45060542529145803,0.05109210346403175,0.09807829200881693,-0.584465254901087,-0.00556568972732202,0.006161732379481081,121214869,tulingxueyuan/CookBook_and_code,jupyter notebook
0.9747905319489825,-0.2772125349501865,0.3849992807364916,2.3932225307168125,-0.32761408347308496,1.7145442571251681,0.031517337715419876,1.2243596838891695,0.29166608696567875,-1.1115741009488924,0.3148134766656211,-0.12402799564769239,-0.06903049382425223,-0.07575195175292518,0.039364262716679664,123458551,jackfrued/Python-100-Days,jupyter notebook
1.674269527660068,-0.8064490603657084,0.5702069762105866,1.7872586321295318,0.005064810350027369,0.5541741729763625,0.48938698120513563,0.12830032669765262,0.5211120601124043,0.09606326393201614,0.3208125138453081,0.3757081047849809,-0.07067596050176944,0.05310158213113628,0.02696376038330567,126577260,trekhleb/javascript-algorithms,javascript
4.005261201120107,-0.6282018696041759,0.14085467786535044,-0.7699241219840509,-0.40178984662621275,0.1024963155225811,0.07733572607453451,0.5797340379086238,-0.24961245231748672,-0.1378736842209782,-0.07677367339937018,0.025426020795714335,-0.12490568723072319,0.1176650004690112,0.08789692027098764,127769231,DIYgod/RSSHub,typescript
-5.831730251022585,1.4102160089681446,0.5497766047838151,-1.4039138864463008,-1.9845035029662088,-0.0634119997121861,2.3664778873961443,-0.07883114274412911,1.3737643042542163,-0.26615747847934096,0.034536974136028006,-0.02744863551769955,-0.24193134385110499,0.02452536133030364,-0.006473717038651136,129376414,lb2281075105/Python-WeChat-ItChat,python
-2.4862465020347995,0.41487819678592897,0.21068915584864548,0.8060834720728763,-0.4074747550801035,1.0875086790637973,-0.18414241651295657,0.9724545519551391,-0.4014444625751728,-0.33709427865271596,0.1282768796096115,0.028607586112637445,0.09705804917558074,-0.032506308361643865,0.001547278869345517,131404910,DingMouRen/LayoutManagerGroup,java
-4.047678843660919,0.626270366963968,-0.5139496497350194,1.116580659260489,0.7571985037513144,-0.6907440221093543,0.2889871907947593,-0.6096762344663504,-0.8678151585369432,0.05825809817979681,0.01242389159273199,-0.0876334936985109,-0.30421706549722044,0.027655857714145082,0.018286171072688533,131905732,can1357/ThePerfectInjector,c
1.5092124799931752,-0.8792840954157063,0.9666390315621813,2.4966819685670805,-0.18609940019992538,-0.4064177757614572,0.534555194773185,-0.485236080640608,0.7200580472569844,-0.05531560677872083,0.02499427839218765,-0.01924281367642722,0.11156126895368149,-0.006307700629442114,-0.0055056040348686035,132750724,codecrafters-io/build-your-own-x,markdown
-3.4288784016075438,0.4388119078924856,-0.4961341180578913,-0.32295927455035184,0.5366233807105268,0.6294527131935711,-0.2727859110625741,0.20026388643856213,-0.6206729376153474,0.7509824878706648,-0.13454542399911978,-0.3883064196870889,-0.13681093835379915,0.0905617324328053,-0.034239451191159516,133742035,nfrechette/acl-ue4-plugin,c++
-2.434349541615871,0.20766078415533631,-0.3788438876123783,0.12146841469585752,0.3279507496615847,0.5905707109518676,-1.4654557412489688,0.2970136932406033,-0.5311056801856422,-0.044372261393011515,0.15911878766543655,0.14803217826233883,0.10883863699574431,-0.0027519686716749865,0.004943893071697006,133999378,elisescu/tty-share,go
-0.9399542348547211,-0.06502977302942142,-0.5476941877946877,0.6089734614094788,0.7396096540281093,-0.2474104402027233,-0.02219483534417809,0.33905269962991114,0.3401454090086707,0.27260383700230334,0.17928389961066454,0.03917785950357342,-0.5104420494996376,0.07449442880795298,0.06830467504222262,144026869,sudheerj/angular-interview-questions,unknown
1.535418290796599,-0.522720589859128,-0.5022444039677002,-1.1411469918230233,0.039165232789298295,-0.16844642505118196,-0.5404562625092109,0.16812144925613268,-0.3197366361247689,-0.037849429454055186,0.8151665772700768,0.13524942604426995,0.03034235259453073,0.0015249129364009546,0.02345611398878659,144329209,CrowCpp/Crow,c++
0.32218958724054125,-0.3924069044231464,-0.17027773535781238,-0.049429364614347465,0.010553000686919455,-0.24761103445440777,-0.849340127074671,-0.050112412970546166,-0.057059029764454615,0.0478948614566558,0.2304108390676216,0.22457132940582455,0.3113102853929201,-0.020323484707578325,-0.00020321262224403663,156768326,ThreeDotsLabs/watermill,go
0.5600373385836959,-0.4631549136588863,-0.04155068923075049,-0.4637743428178877,-0.37506884364662507,-0.677440770639331,-0.7202764068752312,-0.6538925310015831,0.02378795612084555,-0.24426544424172245,0.5734263870076242,-0.211349118706537,0.4767197577472137,-0.06346999517866864,-0.02577857977252807,157318000,vercel/ncc,javascript
1.386620906532594,-0.5488170964704926,-0.6537365412481972,-0.4462071636168303,0.6145850428158584,-1.186931027893032,0.08161002028665686,0.13717015886160927,-0.04603939694898382,0.44402371526554013,0.5805190789744885,-0.30444263742743033,0.3210268235951667,-0.021849752863534164,-0.015971813335512,159981830,spicetify/cli,javascript
-2.6112378998473154,0.5763465352638533,-1.3464305761824436,0.685445994438735,1.1522934091699308,0.31978842970127136,-0.41806021242230634,0.7244200006236153,-0.08285956425545042,-0.045679928154395914,-0.07611516281598868,-0.31459467272998176,0.02797644172394753,-0.01027978969503425,0.044936586211707874,160875594,TH3xACE/SUDO_KILLER,shell
2.9562164834274,-0.6529367946473194,-0.10750343191965606,-0.9337234304076338,-0.3703398791607653,-0.7957174542852039,-0.33523425654724254,0.6784745053949188,-0.1283977897349834,-0.13603489637793417,0.3510826313903185,0.3706544581240372,-0.6025791949479737,-0.021663510982476788,0.0043096037240939935,162613268,ethereum-lists/chains,kotlin
2.8871736273918285,-0.6959159865342535,0.14277733112752128,0.37583357447013144,-0.2759317796258185,-0.5887090065571027,0.3569166921852837,-0.3036627822256295,0.11477659463239687,-0.05732919905149685,-0.044105617044863925,0.034089051255369644,0.008852356254075605,-0.18102090402914187,-0.2488949709523507,162998479,sherlock-project/sherlock,python
-0.6133661039766907,-0.43078705867175293,1.1696147963706605,0.4271278507427042,-0.9606208511845173,-0.010098387471031088,-1.4429455439185837,1.0565734122956376,-0.8268625947837114,0.34267331921578587,0.10866817850312287,-0.21335627544025765,0.10914477961344851,-0.011589759876015793,-0.011107887689089943,170161374,microsoft/computervision-recipes,jupyter notebook
4.1328588867206255,-0.5884996889173767,0.18223107687328738,-0.3440489875716221,-0.7139567821929178,0.6179390102850307,0.307045438432606,-0.17824226266612828,-0.2215333975114456,-0.1899265369055686,-0.003930878229655004,0.02956983402609928,0.08454270297398349,0.11392273728655873,0.06165553340145235,173228436,NationalSecurityAgency/ghidra,java
2.490842935794118,-0.3672917261057225,-0.9036333838229068,-0.8812712367956332,0.5804617366235438,-0.3353166315281869,0.6145717647959172,0.8132125135249122,0.0842328248116423,0.7088642313427773,-0.031776559309496286,0.3535739307186911,-0.06663505678989086,0.01953493312074255,-0.044957737904304386,175405157,JanDeDobbeleer/oh-my-posh,go
1.510712095510854,-1.3244675046701684,2.3489831610341056,2.1963079902673837,-1.5942147663752524,1.3123127822089142,-1.1808374078474242,0.04019558536997026,0.11340452753173472,0.38920726861914645,0.466255993486295,0.30930889338197315,0.2848240418074563,0.07431024984190862,-0.035752851433631556,177736533,996icu/996.ICU,unknown
-3.612586634897399,0.5807012273617078,-0.05705038919403205,-1.5557168169227997,-0.9553755645734703,0.03752863732826615,-0.428000847320876,0.08910802246513035,0.9989714631256674,0.28801629549891344,-0.02656946673679234,-0.44801021622558296,0.3344005282563958,0.013482715234961085,-0.022094514377823678,180575663,svrxjs/svrx,javascript
-3.6469151769537125,0.7850747053071343,0.5117200941444813,-1.7975511037681189,-2.0847090907054437,0.9780743261507245,0.9784153153483851,1.0910913393958148,3.2365668771196363,0.18622410129702227,0.030787440860567776,-0.05602481429373102,-0.04203726370594229,0.05731662628407824,-0.03627718221368665,186361323,enilu/web-flash,javascript
2.0167586331274845,-0.3060159710514828,-0.9571207443184194,0.2638420288331887,0.4070980662758475,1.1453127299064272,1.1833751103975936,-0.6529616891191795,0.004114617474158654,0.15379224680632902,0.2765862443003598,0.12535423055496714,0.2680184364509408,0.08186448117741343,0.018305047298142096,188700274,9001/copyparty,python
0.6216200868618382,-0.2134741343909113,-0.5556178229794868,-1.5246790094539315,-0.015530772011977329,-0.426919430843815,-0.9856873289745619,0.06567893274367478,-0.6124109786531959,0.5966011094867563,-0.6405612735496636,0.2799811965876377,-0.30356234766174855,0.007218231528722072,-0.0638740874436955,188936134,sampsyo/cs6120,html
-3.221803408132488,0.445375492539403,0.03743049192177844,0.42250216980596,-0.4505040630965323,-0.2021550498432497,0.14543758582855768,-0.11003488869624387,0.53225544335834,0.13048739314424107,0.11456660650034366,0.01677095064940154,-0.014464274148018482,0.03025869362182676,0.002567237148291038,189363210,he-y/Awesome-Pruning,unknown
-0.001902552643929508,-0.94677235118905,1.6468874137263962,1.3724115652971673,-0.6003186266392835,-1.2265262070883551,-0.6881358770049094,0.4786984501159395,0.02674051543528995,1.280608574965615,-0.014658365156074833,-0.3427798634027272,-0.09161588729578983,0.08352289027487934,-0.02209448341188764,191529732,lydiahallie/javascript-questions,unknown
3.533271656586048,1.7842204913416901,-0.45744633150554825,-0.20629168473748055,-0.34602820641896,1.7087443429115639,0.7395665653687205,-0.7118727480767972,-0.3468909640731763,-0.9085150832284091,-0.492466317158137,-0.26039415574256114,0.3344304657988798,-0.6760908406304373,0.09915983982494939,192925833,prisma/orm,typescript
5.262303998822558,0.2582039378234593,0.6244127717691142,-0.08502394800378978,-0.7549984493154178,-0.10954556285273069,0.4932290881337631,0.2218493439107946,-0.025495783260277,-0.18839714426162052,-0.4049284290026186,-0.19672480153310573,-0.20936872932099468,0.08543674433986281,0.034564636418777016,193215554,n8n-io/n8n,typescript
-0.6638614764746058,0.11538450893004457,-1.0350399594349213,-1.570807702522432,0.058018970844108564,-0.7822368058991812,-1.027265088517551,0.24647540638011733,0.007656150857052975,-0.12670361486449871,0.29226581467827634,-0.2694250488244337,-0.3017660272388786,0.0134982380039776,0.11253517654505832,196753133,artiebits/pdf-to-printer,typescript
3.8269960475964764,-0.6823315602300305,0.1454877039928811,-0.3811120954946366,-0.7395732559878933,-0.34574143633973164,0.15420196278922477,-0.47406081298596525,-0.18965009796425591,-0.1000792549623177,0.009109051433258764,-0.16768621288481078,-0.1568189242157752,0.025002375630424626,0.01148681399222504,212613049,cli/cli,go
-4.241489612818086,0.8395212573910542,-0.07814463045123865,0.016948699814685136,-0.9385493768625711,-1.3026477135311822,0.4073860805951022,-0.4987004749482702,1.3658740424543963,-0.4572882439258205,0.1444101500243549,-0.029409793902180705,-0.19147625222774542,-0.026680837288233283,0.031403517221748764,213399136,Denrox/nestjs-microservices-example,typescript
-1.525109342360098,0.15148961327380464,-0.5883150708918798,0.24897400638691464,0.10846744257609729,-0.12354536465288625,-0.6581109459558558,-0.23315590124475916,0.051937145704956306,0.07569967935709922,-0.18361919102765697,-0.16824308266749485,-0.06623649921595057,0.011842762415951183,-0.02230097056972289,215608265,kadenzipfel/smart-contract-vulnerabilities,unknown
-2.660964538175792,0.4816459490909427,-0.7596150341174768,2.173106039646799,0.3377151837595749,0.2637932429651326,-0.030328092956238856,-1.1294718459797,0.0745228028794163,-0.7708749623590416,0.11871938899598582,-0.26792262378463677,0.2712398241107458,-0.05051440098646279,-0.013530444682288876,216210734,ripperhe/Bob,unknown
2.1592308857442375,-0.3266530584073631,-0.5155097969769594,0.8783785086848824,-0.1256404247383573,-0.006715351070442003,0.633066040446618,0.1340649217411551,0.11566066470959445,-0.49453124869195825,0.353909048590209,0.1706829117678212,-0.09241859487201091,-0.12195056218379054,-0.16229075078834485,222751131,Asabeneh/30-Days-Of-Python,python
1.4003354846709248,-0.15205720026392983,-0.15232383921771292,-0.5200271845087396,-0.33532612827728075,-0.010873428490912712,-0.79241688981612,0.7498363273738945,0.013548295054023444,0.5227987846862648,-1.2237524302204181,0.0879511785417577,-0.13142472504544397,-0.08122546603713954,-0.04475258537875687,223636350,pycaret/pycaret,python
-3.21559231306277,0.40890113541750084,-0.17835478550068865,0.4790506146949084,-0.1696474663952607,-0.2472680713635689,-0.4667500897345383,-0.35258080551992443,-1.2854350422238021,0.3253169884081538,0.19446635397949505,0.18850644127986727,0.04041608535545366,0.042932824869507474,0.005514119771244211,232785528,matteopuc/swiftui-navigation-stack,swift
-0.0010551321566325165,-0.23763809406985484,-0.23424451744055375,-0.724275245234136,-0.45898251660548905,-1.048458184676989,-0.8418530021270866,-0.5504045006228325,0.047877313201932774,0.1615563883698873,-0.20029637535541608,-0.17882354018285262,-0.12072419281152706,0.015307421276812115,0.022802580716300844,233102473,crytic/building-secure-contracts,solidity
-4.457689944257348,0.9050993439730394,-1.3327162462198565,1.2163629457488763,0.8861031518131652,-0.5864093895453714,-0.07912131190053467,-0.8409994405950314,-0.5654537588202638,-0.1491261343288066,0.14735781939281398,0.16677617401945993,-0.30734627729242464,0.030952910236852232,0.030522134096507884,236093531,0xthirteen/SharpStay,c#
-3.790457368580671,0.6702731089191416,0.006968422117174464,-0.7880134775827653,-1.2246991663157993,-0.4290106581880076,-0.09963692057089685,-0.40573363173489063,1.1042482824799746,-0.0874448749854506,0.1146467363361988,-0.23262275487106085,-0.11227502148051326,0.02162931887634334,-0.004648854017944523,239711956,PacktPublishing/Learn-LLVM-12,c++
3.1657362110753158,-0.7823596319282382,0.04560100371388528,0.26382116728209437,-0.6391969871443204,0.1006317487132579,0.00030321458134496994,0.585303461312582,-0.02001125220034075,-0.08644011330537413,0.6740381788633725,0.39038160914799325,0.12186415929005079,-0.08481761392324642,-0.17776675312058707,243950408,Anduin2017/HowToCook,unknown
-0.4475575808466943,0.43471693881992446,-1.9559244707279304,-1.6674354940754756,0.36949282512499265,-0.3168080583610109,-0.948312365722734,0.14505637243589498,-0.8153522563103405,-0.5639114477401397,0.32798065873985693,-0.5477406597250644,0.13889863562778393,-0.10409332729963651,-0.03754694924241633,250886658,Neverous/efibooteditor,c++
3.6543124629728414,-0.821782682561996,0.12181991291628151,-0.11097229809943812,-0.7284702714217882,-0.38691996277787105,0.1702592169077541,-0.29090811339219114,-0.0776567037294712,0.09229931070910703,0.23218209109318666,-0.1437670495043069,0.0545522590889409,0.08689143468802198,0.10900338007984867,257485422,vitejs/vite,typescript
-6.291521568534848,1.5299479298633762,-0.1918873097750831,-0.24323906181807983,-1.2424103138017222,-1.2199419777017637,2.574390947437409,-0.6908469950769406,0.9258713932294149,0.13237003387347357,0.10047204085950044,0.243295488084459,0.20819627660450046,0.02659868430126583,0.023406984388186163,258964362,IndieVisualLab/UnityGraphicsProgrammingSeries,unknown
-1.3704339121372717,0.03139126790692696,0.37488329056954456,1.4362929358569532,-0.7624029955938072,1.2144796704061294,-0.7530101492053014,0.5958709032940672,-0.5888084492420662,-0.10393701190197077,0.2614264865051583,0.02761150740868859,-0.012639401029830754,0.02021380254817584,-0.01339251072403875,261247446,xuebinqin/U-2-Net,python
4.142314968942332,-0.5965634368963799,0.16818925674489452,-1.2727770053667657,-1.3982937402839006,0.325667032686828,-0.5996036742765203,-0.30612518590617754,-0.5316720621580332,-0.33025661273124707,0.08422508540177522,-0.06332100335013584,0.21868930944681964,0.0222925104440688,0.015576642454624529,262395224,dotnet/maui,c#
-3.9101798872831606,0.7310101976219581,-0.10599741062495394,-1.5430175537981754,-1.183985413844383,1.1524963209684325,0.42952206294550344,0.25219947752931976,0.3951720923472366,0.9438886134225487,-0.02418846192036789,-0.3161242244487361,0.35054019748171406,0.11291721865174482,-0.05822355401797925,269350727,goostengine/goost,c++
-0.8176581187178966,-0.08727453434750838,0.5816949005976301,1.9895613161942196,-0.85647861920914,2.294532793002272,-0.16729194958569746,0.5586510336380965,-0.43845868582019965,0.027662280213205402,-0.177105794660908,-1.7167907541187424,0.03076353472259366,0.03339588522897469,-0.08198295399735718,270171567,freefq/free,unknown
-1.9200451826673315,0.32691627636522413,-0.3951474993118467,0.025495339674660417,-0.43556534063756364,0.5339872447760758,-1.945632207298455,1.0983180008456415,-0.803355079505842,-0.3022241635554043,0.0035500631358418803,-0.7287969546401881,-0.1090078185699409,-0.05173771217833309,-0.010226340861822567,273129304,ViewFaceCore/ViewFaceCore,c#
2.6652250640809947,-0.39132776466880215,-0.6621509001800856,-0.19443225829267402,-0.11360808876127867,0.0842548574694734,0.4166442100709562,-0.08937665741212562,-0.10421176887412009,0.27113011271940624,0.052083065461125164,0.18505340110731386,0.20610431652232566,0.02139984719256199,0.02931624793482527,273871859,juanfont/headscale,go
-1.623199106617153,0.06389154566168447,-1.0541024735993427,0.7929239812889206,0.837728229245711,0.008723533624814294,-0.013044050925171843,-0.5555711332782391,0.20360170598720087,0.7590242980523013,0.179044289722203,-0.05954334048138646,0.023965743066445618,0.13169421376782922,0.06567330732389456,276852180,below/HelloSilicon,assembly
-1.354984289662517,0.7474793611859128,-2.501644313783872,-0.8912066379631429,1.3214863221218358,0.44489825183653414,0.07773255431437742,0.15460822437740124,-0.3432865582770117,0.5179247903679075,-0.8558756579051091,-0.17645517507355,0.185024747102569,0.07555091409758348,0.09809805758266993,279725533,elesiuta/picosnitch,c
-3.6257876306244192,0.5434200553053975,-1.1350937308560007,-0.05159414181686898,0.7086001010605535,-1.2380161825017841,-0.9693529394989822,-0.14800781230695434,-0.48878233602704924,0.7554012968386641,-0.09735403692618178,-0.4470848812396154,0.5037878289466764,0.0058966322759466125,0.009151548681513624,295834617,pmndrs/react-nil,typescript
-3.442282197056005,0.7261073373268329,-1.7460107936166918,1.685843816497438,1.0921706277870549,-0.5303772736042058,-0.026907304973237695,-1.3815974650807554,0.292372649148742,-0.32661129843919584,0.14487100715297505,-0.19671687149899864,0.0959303031136878,0.01655356958590687,0.06256636352964645,306803927,GyanD/codexffmpeg,unknown
-0.22638767910048666,-0.12107640054843867,-0.2912652079002169,1.087814569616186,-0.08008933694008151,0.48638085251971425,-0.623933420536185,0.9619598821721814,-0.09166172624536689,0.4219155633144119,-0.18476795617189443,-0.2597553760218187,0.10432590160496208,0.047674611337287606,0.057164761271993186,317319347,qeeqbox/social-analyzer,javascript
-2.9857429876645996,0.5751228824063629,-0.5084349435361385,0.8475923455393646,-0.31291471924817066,0.40275674877059137,-0.46241450410107143,0.24940357069743857,-0.5832685368592488,-0.011361990176657158,0.18922488046176625,0.07033826814494945,-0.4538803897715901,0.05190328546237086,-0.0013738278764481942,331362202,themesberg/volt-react-dashboard,javascript
0.6213009878424629,0.08338575481824771,-1.7223630022772474,-2.006785562697429,0.35991443289690095,-0.8064409483759439,-0.9416376960811093,0.7830814029391294,-0.5868371310678534,0.4441614832435823,0.18395741429409992,0.21146523408481585,0.07410000850401588,-0.03204960600073533,-0.03411176598516968,332526289,FirefoxCSS-Store/FirefoxCSS-Store.github.io,javascript
-2.447372274707726,0.7405145822059042,-1.300144088738293,-0.3597957093214737,-0.15213968944873105,-0.6335375195259084,-0.5240122192306313,0.06570450749742122,0.7612775963772594,-0.21822505471668616,-0.4112704178634018,0.4228203839382946,0.003525650868385882,-0.022525908332234085,-0.004436066027931324,336985289,likaia/js-screen-shot,typescript
3.18516374483621,-0.2247553529357405,-0.8093870829289398,-0.10344154514651305,-0.1610832845395259,-0.7618019553866564,0.1819551533290534,2.074876767686679,-0.02079605885322369,0.02313269348905161,0.007562326046793997,-0.005805753233525364,-0.1242755193369965,-0.1767213736253619,-0.10586811527737472,343965132,microsoft/ML-For-Beginners,jupyter notebook
-3.308776794864522,0.5311195368936081,-0.9276735474045176,-0.06360602696129257,0.17547536783610887,-0.4221018070667932,-1.185863323538651,0.0018485595065695405,-0.9726540966347336,0.5278798586395684,0.13446078127583863,0.09780957248567343,0.16338875423198373,0.038002584830178376,0.007038545351436268,347547386,maaslalani/typer,go
-1.6751636313655949,0.20038938910389434,-1.0246230855191312,0.6581250083701224,0.24011534239430887,-0.1968644306560915,-0.6695409008768699,-1.0482611843392968,-0.018952656932484855,0.18393110194443443,-0.13770573381488554,-0.05834253667148569,0.059491858543081894,0.041962657237718526,-0.029228092197907556,352429422,community-archive/obsidian-style-settings,typescript
0.5817038407504437,-0.2550130877781892,-1.261236863635028,-0.4899654862389333,0.3252756056956803,-0.09704011658606015,0.13915338651370196,-0.6687308841717964,-0.0855490186567312,0.6771689174508259,0.7155785137906511,0.08021177531819236,0.05585111925667965,0.10132693310831496,-0.02616991185626475,363910063,uptrace/bun,go
-1.3174550205450895,-0.09284020112258488,-0.5724065338763772,-0.4934823866917856,-0.3392204871588137,-0.38914445272999043,-0.9197347311582202,-0.9834748184702496,0.5155399312239491,0.581239450647909,0.3480738635210833,0.04341254815769045,-0.17257123402559912,0.1374218471204028,0.06246196110105842,368842448,Mofiqul/vscode.nvim,lua
3.999930394009391,-0.23663866127414304,-0.40137478501179574,-1.0937258418074234,-0.9182040744655504,0.18839381458664686,-0.24501597564944788,0.11077473883914388,-0.5027947261074733,0.09862873668381178,-0.1163702890206396,-0.069791018384574,0.02963924179424635,0.1321061898223864,0.04168355282478311,384520418,MaaAssistantArknights/MaaAssistantArknights,c++
-1.845757564159993,0.9938423569542719,-2.2161763138973285,0.7485440284657361,0.493744865114669,0.3772912271406395,-0.5750223910191404,1.349151629758656,-0.1883470527784443,-1.069394004674223,0.4472981784957619,0.2720159331388053,-0.024633419300276165,-0.09434250761196852,0.11436176249329805,411521053,mlt131220/Astral3D,javascript
0.4326366362239199,0.17018718273613892,-1.2511488909158508,-1.9870879624493387,-0.9295072224249689,1.2532798790515958,-0.21587529179301776,0.4404215837352137,0.47844504997181586,0.1599962612791509,0.5336278429721139,-0.02041123833226362,-0.14621727690977834,0.07510058143148922,-0.027254469033370417,445477700,joBr99/nspanel-lovelace-ui,typescript
-3.713108260137142,1.0071454104369375,-1.1624803622153512,-1.2330575118491707,-1.1285722714040576,1.1158106395759553,-1.1124582248519992,0.3929188427423365,1.3696425276976134,-0.2731551446588492,0.2988070664763653,0.19944949246193472,0.7577865270061689,-0.02450803404717783,-0.0007453170467425855,451707465,googlefonts/morisawa-biz-ud-mincho,python
-1.0376110452336902,0.30961746213435093,-1.9644397285664854,-0.19272488918643763,0.3958287134288352,0.5467814346998973,0.033466766212131766,-1.5409292034774231,-0.29283866531062397,0.056296521762560725,0.691851124791164,-0.05996631418445896,-0.00702374423828306,0.09875111090009388,-0.008566033823069665,452483626,alexheretic/ab-av1,rust
4.153488891868811,-0.5007627936799739,-0.15310391839390702,-0.2775357107305636,-1.0589901789990914,-0.3354704506188389,0.04717217798504363,0.007553856754563533,-0.1940664539434087,0.15316146801024513,0.03791057774122486,-0.04121686896611209,0.2796917451546338,0.12006493203999591,0.09608505542611546,455229168,immich-app/immich,typescript
-0.10122974549483577,0.15429133981015183,-1.3959814508435595,-0.22964866265190229,0.021040417661472983,0.4374377123904872,-0.05404088527239316,-0.17383969751814346,-0.10857844701357454,0.4657526131002452,-0.01038686004930582,0.28803782187979904,-0.25600824434331454,0.0674669867674107,-0.09966665191005843,462938438,AngusJohnson/Clipper2,c++
-3.1117308295060138,0.904369549446055,-1.006459274639997,0.39158558127158255,-0.5030520826371759,0.8089857093568781,-0.8212465965984773,1.341337373385226,-0.7098491115481962,-0.11787056426386597,0.2109983893863077,0.21422845070792046,-0.0332690160933337,-0.006919903861542231,0.009281224638001342,473439500,zouzhibin/zb-admin,vue
0.33240187724678394,-0.45498739320421744,-0.36881747787777985,-0.20404087444141472,-0.661811135604983,-0.7450755761472951,-1.138081915340437,-1.3795791375335928,-0.13981441100311218,0.467534089515391,0.2609054673118193,0.013479276729698644,-0.17418259081469853,0.05712084452530844,-0.13581484407071343,475932672,huggingface/evaluate,python
3.687524332977224,-0.4131217680804743,-0.40091328289387007,-0.2778472503895688,-1.1508616232795874,0.37631708742091285,0.15475822316106147,-0.23858276533095962,-0.13728335065290165,-0.037150283645773344,0.22142762042267697,0.3874924958056414,-0.021935582991427807,0.08993118026514092,0.01496905515841534,488641606,agno-agi/agno,python
-1.9716392621455365,0.30286330807992,-0.8736172939532131,-0.37913495020763105,-0.5372737791422865,0.39975586079575914,-0.6719275470659232,-0.6510412065976469,0.32967901302802766,0.6749300349149234,-0.17353499291068544,0.10116218536611345,0.049205564141298286,0.11255022377145632,-0.06428004224904198,499830255,OML-Team/open-metric-learning,python
2.5258655379884254,0.305378146882232,-1.489706207550947,-0.7875721168013217,-0.259321829655795,0.6582728421837598,0.39319318688358035,-0.6959853782056632,-0.45299313190220425,0.2526517727234402,-0.017122971386916788,0.4282261657759566,0.1686769032711691,-0.11067447400058478,-0.07373016077426851,517572452,jeffvli/feishin,typescript
0.8566907954169471,0.19695868264150163,-1.8456091740301284,-1.332283064447748,-0.2754068563351229,0.4389558946699552,-0.3408664270531195,-0.9092494728686102,-0.6151633721586794,-0.025567120993269743,0.3402394423748416,0.22978595609869762,-0.503676078554603,0.055469716063517395,-0.04844388397002503,535160981,cashubtc/nutshell,python
3.5601998386446057,-0.4607380430457205,-0.41660675243139667,-0.219863301412164,-1.1422533230562444,-0.1482822228109079,0.037017650344386276,-0.8416204899113648,-0.27606839543547235,0.0485920688442868,0.22172664645903445,0.2241759173211266,0.21376413785815782,0.011799371577018682,-0.024978733817376735,542284380,usebruno/bruno,javascript
4.487080092556077,-0.5400213496525471,-0.08658659140699412,-0.048892201109398174,-1.2393817767384194,-0.545953847462417,0.05945265144833184,0.4652331502674424,-0.09422919173740585,0.16049845781800834,-0.03003115850027029,-0.15157141967061233,-0.04261619714978205,0.07741584391469396,0.03889002276387979,552661142,langchain-ai/langchain,python
0.20741663502653757,0.49797115561587235,-2.263665685917187,-0.44220768952264156,0.20356047894863818,0.09445561292932543,0.25236930394521856,-0.2688710194484136,-0.3919200592465385,-0.21894940203874985,0.1950237038680593,-0.7307108893781284,0.34858117030039465,-0.041701384596243216,-0.01138804598010875,555855184,triwinds/ns-emu-tools,rust
-0.26072649215686244,0.1827105029137025,-0.7529393152963446,-1.4906727475931418,-1.427695960255656,-0.13943996493329439,-1.0629280820549885,-0.21545183379043575,0.5989670240221637,0.18413821056789229,-0.26021863449075383,0.27243666115709286,-0.2551307433744813,0.016940969588858098,-0.10408371246362072,593813395,scroll-tech/scroll-documentation,mdx
1.5527030493281102,-0.2817449720646005,-0.9106137052812879,0.49888312383193595,-0.7059793066405736,0.4781897034313186,0.11617494837350398,-0.496491717033352,-0.004557710025992572,0.03183783411984441,0.8646295298773239,0.21472342146181153,0.1363201662188677,0.022697995307777812,-0.10652805595024983,609416865,nextai-translator/nextai-translator,typescript
3.2591559462963113,0.10130614217379713,-1.1567049124237934,-0.09527543863512625,-0.4516805237710141,0.30854956729071564,0.6734808687911867,0.008579545261241689,-0.12985406625124177,0.3624102786122689,-0.05427574505553078,0.2747487922296611,0.04991605245601784,0.12775299851041347,0.037193667444821374,615869301,mudler/LocalAI,go
-0.5630845209077081,0.5168340493101875,-2.0163726173205028,0.2300512862629828,0.3189793979824321,-1.8031466665187244,-0.16983829022464914,-0.6019138753029039,-0.1895871669728193,-0.07157034968153446,-0.41479776731885626,-0.44986427078064667,-0.08901978497013321,-0.10205427392989966,-0.09992076112157769,630824392,SamurAIGPT/llm-wiki-agent,python
-0.5982517297359803,-0.03341879469356967,-0.5377950621767833,1.1909670719261427,-0.5485244101240174,0.08331728614145249,-0.8315747247867997,-0.08936915227363511,0.10375209278147572,0.5272765153287176,-0.20510616598428763,-0.2001670092176359,-0.13147225092581663,0.07820914524708975,-0.05671284411966653,643285887,hiteshchoudhary/apihub,javascript
4.651934684688714,0.36794544848721306,-0.3652032353977692,-0.20385735250126863,-1.1809962278008956,0.15573418805353664,0.20935798954542334,0.18796617656836945,-0.23093435857202074,0.04080408827094883,-0.19006471962477772,0.09989466429994134,-0.09751363316735624,0.1823821433439007,0.029302786002553257,643445235,lobehub/lobehub,typescript
2.6276526487876994,-0.5750174304556073,-0.6392412328073521,0.9515878280009241,-0.7532581398233487,0.6234216504478963,0.6828576945851488,-0.6953426182894742,0.14337093568369574,0.34415237062509824,0.7601160824612728,0.22910663283054586,-0.09042074482731187,0.13228827600284368,-0.000856838733832058,646410686,hiyouga/LlamaFactory,python
0.7443479872210625,0.344310018721059,-2.198338876614116,0.8602450086731791,0.46245612965667954,0.5199829261159079,1.2016643599032175,0.2411269400729335,0.03119066299449784,0.17457268376679846,0.38068681470125737,-0.6710994842858746,0.22698078518974296,0.029763678940668475,-0.0003916144838237348,661957079,gkd-kit/gkd,kotlin
-0.6901296774080284,-0.01783633186280609,0.23989723437075786,2.0122279038194026,-1.5072234915331681,0.3760927856659303,-1.4962416972157468,0.4345807162655818,-0.1344963416111106,-0.4470507587910359,0.43889112788803086,-0.006661507822213033,0.11317259451556731,-0.028434666213125515,0.008716884791495952,662028682,graphdeco-inria/gaussian-splatting,python
3.981926633335657,0.9791781825110473,-1.1413746647562968,-0.9864980160661719,0.20861316699668622,-1.6213233827969795,0.44644348102175396,1.310375560604373,-0.016856856082499004,1.3191576998553038,-0.6519004456904715,-0.054000930101193126,0.040381983031043484,0.09084084885268394,0.045051760501659516,666299222,openinterpreter/openinterpreter,rust
0.7826978282505295,1.0723190433598355,-2.5836599601230015,-1.8951649220710836,-0.1937356868519393,1.399411888734204,0.13760044566045543,-0.07972057383363253,-0.43251434776598224,0.06743180275264904,-0.443583933648609,-0.07769210532171067,-0.27440897981874013,-0.21823486243979073,-0.16110230403352235,669982264,ColdWindScholar/MIO-KITCHEN-SOURCE,python
1.4714102980889585,-0.7015023902988554,-0.29677248819046986,0.13337789850398535,-0.8550951768089147,-0.2839601955551094,-0.7384224075463245,-0.9540326726715929,-0.14511050189577637,0.984319185329541,0.45380555734821554,-0.07503982528244921,0.44897839860984984,0.11823851916208039,-0.003467087153330797,671832156,eza-community/eza,rust
-3.7528313127261956,0.8473718058850481,-1.066861607423348,-0.8133581126543131,-0.7608813757788981,-0.15629563447368272,0.012344275749288924,0.6984998682502065,1.5497207593686786,1.160703450004677,0.034609356717193826,0.013001325586139726,0.1684219510077172,0.11674815670635881,-0.02330474228074337,672673877,PeterGriffinJin/Awesome-Language-Model-on-Graphs,unknown
3.622031255368641,-0.5661449517750693,-0.3731390949676113,-0.23858691589143857,-1.410184298303566,-0.39162306886567155,-0.43728355821080145,0.17311972789846466,-0.31228885329880085,0.002036447826575643,0.3829976202465537,-0.119465908041473,-0.057996666204612114,0.0025591527888790427,0.015284728184066204,676672661,langchain-ai/langgraph,python
-0.6016659703872703,0.6435304356517231,-2.1042465526617122,0.13387087848161772,0.04627079444020741,0.9454610316061648,-0.2104283596394505,-0.1627615977415221,-0.23031359402906398,0.22761205679261726,-0.68984935939404,-0.22247424277870664,-0.027353133621221083,0.005700175299642254,-0.10095637673092735,700183290,synctv-org/synctv,rust
-0.25102435874055107,0.3400340284202721,-1.3834590692500128,0.07463723422893259,-0.3466227520421788,-0.16355472192636106,-1.3783371888186295,1.0771333881012692,-0.3758778866041209,0.30789239607110813,-0.5742165808967518,-0.07354076724607937,0.17776640713030406,-0.038759971116422584,-0.03510651416762862,707667804,simondankelmann/Bluetooth-LE-Spam,kotlin
1.6579352946986399,0.3400745809563135,-1.381005608422052,1.464031978622068,-0.3765701182718114,0.7191047597710466,0.8912294528473524,-0.10956769755373727,0.16193827805537248,-0.018744974620948245,-0.6638574496330298,-0.0713220389316212,-0.03632452350595619,-0.038425955830943444,-0.010992060349636656,718741813,abi/screenshot-to-code,python
3.0453721520509225,-0.24295135629590595,-1.0464957531102035,-0.23929795099487766,-0.7164014845083938,-0.6617247547021561,0.07146180549350827,0.42621788955254886,-0.17677060407049602,0.45404312732255475,0.14618731937143528,-0.03741592527813933,0.05179292574011745,-0.04270555229952714,-0.05277437620855381,738733003,danielmiessler/Fabric,go
4.392121610766622,-0.24013306223856343,-0.38251399596911034,-0.18120464222462443,-1.4444417532961047,-0.533179350629389,-0.06422009339753813,0.06047199115419565,-0.21934718029513664,0.17104668968322553,-0.028211668323548537,0.04217930617318653,0.010834223039167323,-0.00898698564853762,-0.01171095904348571,771302083,OpenHands/OpenHands,typescript
3.81337487383882,-0.26365168490518526,-0.6637695072225537,0.35295669101933935,-1.2512575428642565,-0.22272656158181098,0.28957487048736275,0.07804685703600264,-0.12567502862550878,0.030331282057799083,0.06936721034894874,-0.2871991163235378,0.3257569161630578,0.05017921256158168,0.04768547078839298,787076358,firecrawl/firecrawl,typescript
2.646819901690729,-0.0605880543080774,-1.3764407070530529,0.7734473245629715,-0.37745890742418176,-0.47453578227473847,0.6317747234917787,1.380191918193962,0.16335942361063824,0.2565893850436436,0.27751599808899136,0.05805531127437532,-0.02761744563598073,-0.040440767412752605,-0.053442706320064336,793375104,Shubhamsaboo/awesome-llm-apps,python
2.234785319752138,0.36685160391653954,-1.7832418538122743,0.19927232280221543,-0.27289389367643757,-0.9048832851261123,0.3297759340133332,1.3256304431363763,-0.09177806367126741,0.08456672521959405,-0.18979961284482183,-0.17866308595030256,-0.10698341476314234,-0.24964253977564116,-0.18233439336651083,822604462,666ghj/BettaFish,python
1.060164521438702,0.004917705067671709,-1.0812467516622186,1.2265997016405157,-0.8674408593072077,0.23643123984132988,0.2504403265008517,-1.0840658772107623,-0.10890518634108731,-0.07830356299795484,0.11038563574250504,0.10457196259988381,-0.047188767280215656,-0.00045076209608348975,-0.14022517305517712,823430322,QwenAudio/CosyVoice,python
-0.4459299024341726,0.8013758579528092,-3.1652001690582297,-0.7116180079415984,0.5882777273066861,0.22333774654878982,0.23277882356566434,0.16054867663408098,-0.6032396775656547,0.12186460069087221,0.38808179264296727,-0.8559450202899078,-0.1912337926283942,0.11279600579686874,0.15572005104826453,839909855,ViggoZ/producthunt-daily-hot,python
3.533375650406417,0.21287876802033537,-1.2650904194508388,-0.15305480920733672,-0.9869576007062846,0.19000521798338682,0.2475826335920556,0.37019296713511324,-0.2763108100100363,0.1904410668843751,-0.02627304329920942,0.2359516349119092,0.08018112767551748,-0.019891378094801727,-0.024583378817558257,896924279,moeru-ai/airi,typescript
-0.9437445164955607,0.6687693171576584,-2.2952701986274437,0.12708952273149646,0.11802609618655995,-0.7432552436474098,-0.24705229189857994,0.04955114706446146,0.0653118111498801,0.45159961345069577,-0.42350298056454094,-0.04422193392474854,-0.11856616850983366,0.025481542804345152,-0.026270856802576906,908040880,Exorust/TorchLeet,jupyter notebook
-3.465899852386784,0.9823193673600285,-1.3478542294261397,0.44945166205399556,-0.9088035823950664,0.4753681524337095,-0.29231655129977263,0.38607610019632144,0.5626729442909404,0.39011103387402585,0.14978683082923336,-0.2583810510778352,-0.20104334860751985,0.09068074687914698,-0.021863726110733568,915759691,disler/always-on-ai-assistant,python
-0.18331339168825828,0.4957847708021825,-1.7540488026900514,2.4918924789069763,-0.35987924104343877,0.5902625646955773,0.7272570648422152,-0.1536463105185112,0.21304437731957457,-0.6663366157671183,0.594642581837086,-1.0000346868788228,-0.17379723417892862,0.037009685487644946,0.11719594365854884,942867788,elder-plinius/CL4R1T4S,unknown
1.570526071662287,-0.014014316148908168,-1.3292610395998343,2.168552547263349,-0.49938048950369673,-0.11025813131189816,1.2504687362949658,-0.2938695943028,0.4095400594367198,-0.035601678626846454,0.5620640765376843,-0.3441249464838522,-0.2985555482178928,0.03977248167542209,-0.05464976672595865,943398999,x1xhlol/system-prompts-and-models-of-ai-tools,unknown
2.8279679539709535,-0.28358847537700693,-1.120115509215889,-0.6276858915339604,-1.1874076034833105,-0.82990583544814,-0.5070598369424993,-0.26206490899927315,-0.41276131464124866,0.3030438636440938,0.4413836242589934,0.2790756099169961,-0.17887374494716757,0.11670071955694143,0.082981577620404,952238700,awslabs/mcp,python
-1.8630144150281363,0.7949719153664291,-1.8602047529891004,1.5196134684905904,-0.2903934980580211,0.42075344948848054,-0.5194954221451099,0.34637820143232584,-0.08631735511098204,-0.09337857529417284,0.011384799735750958,-0.17142427037098093,-0.04727992084558871,0.035036496731441796,0.0378881652399177,972519099,going-doer/Paper2Code,python
5.671654162094425,1.3716822733791636,0.20728227325910106,0.18421321935101614,-1.7677718451632485,-0.0960899233623337,0.08013865436414724,-0.5413157972790108,-0.16498792028226633,0.14738884270216443,-0.1661182744945076,-0.0032517625826712524,0.012261947062020955,-0.16237447967444002,0.05260799248186318,975734319,anomalyco/opencode,typescript
2.824760230938279,-0.08054535598435025,-1.2702055514902837,-0.5899899186936478,-1.2225515420776798,-0.8079285136594132,-0.31259232429721784,0.1996243487201129,-0.34269872243012217,0.11779503284534745,0.1041000848357997,-0.6266748932909949,0.20089534822327249,-0.00023017438106507114,-0.001242312218610409,976568879,zama-ai/fhevm,rust
4.041953332519471,-0.04839581587782177,-0.6192741427869792,0.20984277857749734,-1.4365808596669933,-0.7929981298689213,0.166934198719632,-0.47876048172972274,-0.1057930921126876,0.22853654667589487,0.0715121466582495,0.2009542525053864,-0.06568602231875151,-0.08824134074193063,0.0093587966302697,979115477,bytedance/deer-flow,python
1.0322004453848321,0.010655367148059071,-1.4132340685490448,0.6985194046065832,-0.7286794535679685,-1.0185417915370722,-0.010106088695340411,-0.3748765925273352,0.0772847923926355,0.13876607577050895,0.5683036470218163,-0.24533275045717107,0.07674309851348912,-0.013622710222153138,-0.07419079595049148,1006496207,SuperClaude-Org/SuperClaude_Framework,python
1.4294786314149857,0.06869791512661172,-1.1251819118045672,1.5176939803913463,-0.823830688064844,-1.3490974498458383,0.0675701518739879,0.14196219802540058,0.2078254706912536,-0.006207137670276988,-0.21864983060898838,-0.08960932152923705,-0.0778106796619347,0.020647714721003352,0.14606989929890357,1010681419,shareAI-lab/learn-claude-code,python
-2.833345091014907,1.217438079726216,-2.354870775801115,1.4805576925621724,0.0036018719730065408,-0.09293005304141416,-0.7424383236799326,1.1957109144015377,-0.2545422693550866,-0.25342572920759077,0.08923320496269364,0.44318165685355365,0.4364429883906825,-0.0677360848435995,0.01529122333481176,1023456048,Kodezi/Chronos,java
0.1385226582993886,0.49811345253347783,-1.4553925563579788,1.120939112644446,-0.9984852540778956,-0.6165868817193961,-1.0499679025610507,1.3805999433149767,-0.06046245322092426,-0.5576824290457013,0.11043530418905806,0.09698694411423114,0.2513184479937461,-0.13562548026978097,-0.035362729769668304,1046423290,PicoTrex/Awesome-Nano-Banana-images,unknown
1.9463715533413823,0.3438696933229464,-2.0421229681757125,0.4326792064664651,-0.44457468149649854,-0.33292138687898243,0.3114425932634842,1.2117779437411373,-0.10160347587612617,0.15337567373281558,0.20256143725661083,0.2604101441211398,0.13300697160255498,0.00475765774563275,0.06779652909325781,1079456184,K-Dense-AI/scientific-agent-skills,python
1.1056169733330197,0.3847141430308918,-2.0371118391995777,1.2317812672131818,-0.37178936624139414,-0.17289711198098845,0.6155649982889377,0.37239727646805926,0.0610601757553299,-0.04797040231508574,0.3222451740778526,0.0749516243328287,-0.02203756641508205,-0.009454833540650853,-0.02102123195225234,1092047360,luongnv89/claude-howto,python
9.871269633551686,17.15499155401681,4.899118478889171,0.3930001197166782,0.9957180109451016,1.5883973343851323,-0.9438867257089314,-1.6135406548775844,0.518385291128529,2.918439622652003,0.6964791841126802,-0.13194627035572037,-0.3695350766459804,-0.7249021267822942,0.15059807788369736,1103012935,openclaw/openclaw,typescript
-3.4952545483364448,1.3675062890324547,-2.7573197658734854,1.2081473728341354,0.2560652284482287,-0.512868089306483,-0.7986087487018629,0.6869277738522105,-0.23766677363240302,-0.20171859458810876,0.10893501434368194,0.5938558302977608,-0.5168000848494955,0.014045985022215213,0.013833483671225338,1127184239,kyksj-1/StrategyRealizationHelp,python
3.5913159895270645,0.3028236647757164,-0.892072797841212,1.2929501574384477,-1.0066592538695134,-0.06111831738371008,0.8104558527879536,0.16901271069185403,0.3308764066259349,0.6291191728418869,-0.5128196623141675,0.5152414998753242,-0.10984096122811574,0.047992353063943734,0.09521636822800475,1136590548,affaan-m/ECC,javascript
3.0587927448939665,0.004433574401080912,-0.7882613533355649,0.7740360338885705,-1.5442511317243481,-0.5336587827506883,0.10390922364991748,-1.1368822142160089,-0.09071237023871832,0.09210816304924474,-0.353035171475037,-0.0055702343260148075,0.19492596959741765,0.15272584186348992,0.11082759768788829,1139971460,rtk-ai/rtk,rust
-0.2774700052559404,0.3061089614401439,-1.0269098692444916,3.4856639704886687,-0.7134540829901891,-1.4967053417697256,0.7624156036771548,-1.155530190827474,0.5880430456366285,-0.26819856737680126,-0.32536652232366475,-0.3602089643335343,0.018368204274836555,-0.01914172354693916,0.011139452484133835,1142983825,multica-ai/andrej-karpathy-skills,unknown
1.4276114278118082,0.5763214614463532,-1.6847053993942993,2.6449566813770264,-0.857222605232404,0.584251195140544,1.2966456824371442,-0.5763608717410221,0.2796012745356136,-0.6963922490158795,-0.41410855245334016,-0.6190965862728118,0.1462186595623393,-0.08984736103413529,-0.014996059554365993,1148788086,mattpocock/skills,shell
0.6419493347413487,0.5991559388568445,-2.012903331035304,1.9821616163193883,-0.5983149581028704,0.615649909499481,0.49372725396528044,0.6303693242811769,0.08923077681150557,-0.4945054066134328,0.13634791461096285,-0.07585101488266384,0.2775650347006434,0.00042868653883214346,0.13504390621618376,1162099055,Leonxlnx/taste-skill,javascript
1.2243920954105216,0.34416420365600564,-1.6612807363778568,1.8829524266625213,-0.600218581011489,0.13339143882166143,0.8452386868059508,-0.5587781469191849,0.2803005236381996,0.1656720615673967,-0.3356006914619394,0.22988422635416467,0.03517485049625838,0.03967731540687065,0.043666537186941294,1165277268,Panniantong/Agent-Reach,python
3.0543214133845815,0.9050486001916334,-1.3155483870933622,0.4582902097100105,-1.147801838652002,0.9723234480972058,0.1789021540735981,-0.15173168597362469,-0.20403710648334594,0.2562604610483585,-0.5906257537195779,0.7465836114664484,0.12048766674817743,-0.09503694707935914,0.07625114627578136,1166102148,DeusData/codebase-memory-mcp,c
1.3317977804246166,0.7190319466717433,-2.2301911462612765,1.17469728532674,-0.34153478160351386,0.598589784281795,0.8286157081702777,0.2720504853136213,0.02779232753773221,0.15784970052123581,-0.5604784582326069,0.08147953309897636,0.10507239616895789,-0.02545936489316582,0.0018175572610391862,1167300963,Imbad0202/academic-research-skills,python
1.3042532645819884,0.39745904994205833,-1.4586235692886385,-0.07642160039113727,-1.3828803761402007,-0.4485169045937388,-0.9180064969634415,-0.3412185069942257,-0.346408768099883,-0.17958000482364578,-0.4040738238700196,0.6140746530333727,-0.5324955703857058,-0.09862802414204327,-0.07423243776338058,1171376163,nitrocloudofficial/nitrostack,typescript
-2.651769297086485,1.5125951888446363,-3.3423543461424865,-0.4629765466218704,0.10073276755070634,0.17779499996880732,-0.5003477389490383,-0.22305672754747458,-0.4335314207371909,0.08015461248439346,-0.8305684660463395,0.12243935716555966,-0.11295574546529104,0.0269821811443845,-0.000149393160524756,1193239504,Stanshy/AgentHub,typescript
2.972567052439981,0.1417428306755344,-0.7750195597108707,1.334792404439648,-1.4050556572704813,0.26746042523855873,0.34955994416134867,-0.7812917822389533,0.15396562193944938,0.37087247219413516,-0.6916848200215122,0.6228753707963457,0.04490344151626134,0.29194813872448705,0.10955801794079831,1200597263,Graphify-Labs/graphify,python
1.5593143037938237,0.41792410958728615,-1.9898087313230264,0.14662149268658276,-0.9049960582273368,-0.4072733674615705,-0.02562503470632037,-0.4503431375448637,-0.40799888475708235,-0.19202967728367154,-0.026588799734860835,-0.3419594969957257,-0.03874000302137617,-0.02832416321975778,-0.016133047095363888,1211925923,cloudflare/cloudflare-os,typescript
1.503136415838888,0.19621102023448433,-1.0469538820030515,1.9767958693484837,-1.1371148594748912,-0.6966933101965062,0.1530196859409296,-0.628976641778537,0.2889686729565834,0.1285022456878754,-0.6604744275813434,0.3827146018931086,0.2639490680523142,-0.06771400049953832,-0.004275319479336164,1266797999,DietrichGebert/ponytail,javascript
-2.1987675144915277,0.9742416575410672,-2.4994220320483156,0.602544018899764,-0.2716992184904204,-1.0543830375019827,-1.0691891765346064,-0.634571948932186,-0.2275210921656288,-0.04661725267143803,-0.23766641033142585,0.2347935762016815,0.07279053437754339,-0.01324840233763623,-0.013951777446780314,1338671045,DenisSergeevitch/desktop-fly,swift
