contributor_id,repository_count
103,1
136,1
137,1
141,2
174,1
188,1
193,1
211,1
230,1
232,1
260,1
319,1
354,1
357,1
375,2
381,1
500,1
508,1
535,1
556,1
591,1
596,1
604,1
641,1
693,1
714,2
755,1
772,3
782,1
836,1
867,1
887,2
975,1
983,1
1000,1
1060,1
1070,1
1090,1
1172,2
1212,1
1221,1
1228,1
1261,1
1270,1
1295,1
1299,2
1338,1
1348,1
1371,1
1396,1
1402,1
1421,1
1424,1
1465,1
1512,1
1580,1
1664,3
1732,1
1762,1
1839,1
1915,1
1917,1
1945,1
1973,1
2071,1
2088,1
2130,1
2134,1
2182,2
2248,1
2289,3
2300,1
2370,1
2371,1
2432,1
2567,2
2622,1
2651,1
2660,1
2713,1
2737,1
2752,1
2794,1
2829,1
2868,1
2892,1
2924,1
3001,1
3012,2
3032,1
3044,1
3048,2
3082,1
3124,1
3129,1
3145,1
3150,1
3154,1
3204,1
3274,1
3324,1
3370,1
3461,1
3467,1
3487,1
3535,1
3548,1
3596,1
3602,1
3724,1
3746,1
3760,1
3811,1
3818,2
3827,1
3848,1
3861,1
3899,1
3959,1
4117,1
4122,1
4178,1
4271,1
4292,1
4303,3
4352,1
4365,2
4368,1
4427,1
4458,1
4534,1
4575,1
4624,1
4735,1
4744,1
4758,1
4791,1
4802,1
4804,1
4807,1
4876,1
4932,2
4950,1
4963,1
4990,1
5003,1
5010,1
5013,1
5061,1
5099,1
5250,1
5259,1
5271,1
5323,1
5348,1
5418,1
5433,2
5520,1
5561,1
5628,1
5656,1
5676,1
5706,1
5750,1
5866,1
5914,1
5941,1
6013,1
6042,1
6059,1
6105,1
6135,1
6148,1
6188,1
6338,1
6362,1
6412,1
6441,1
6444,1
6553,2
6589,1
6628,1
6820,1
6833,1
6859,1
6862,1
6889,1
6902,1
6942,1
7056,1
7074,1
7081,1
7227,1
7280,1
7288,1
7339,1
7341,1
7346,1
7362,1
7367,3
7393,1
7396,1
7495,1
7641,1
7740,1
7751,1
7783,1
7896,1
8015,1
8100,1
8110,1
8210,1
8445,1
8459,2
8477,1
8500,1
8524,1
8529,2
8548,1
8577,1
8588,1
8599,2
8608,1
8639,1
8739,1
8780,1
8839,2
8899,1
8901,1
8911,1
8961,1
8965,1
8974,1
8994,1
9030,1
9051,1
9061,1
9091,1
9278,1
9282,2
9374,1
9423,1
9537,1
9578,1
9595,1
9599,1
9748,1
9766,3
9792,1
9854,1
9906,1
9955,1
9975,1
10111,2
10128,1
10196,1
10213,1
10234,1
10311,1
10406,1
10438,1
10548,1
10632,1
11134,1
11156,1
11460,1
11489,1
11493,1
11512,1
11541,1
11580,1
11620,2
11696,1
11734,1
11752,1
11798,1
11849,1
12060,1
12112,1
12123,1
12165,1
12275,1
12426,1
12481,1
12537,1
12575,1
12584,1
12680,1
12710,2
12789,2
12801,1
12833,1
12918,1
12953,1
13041,2
13136,1
13277,1
13352,3
13697,1
13700,1
13707,1
13709,1
13790,1
13829,1
13903,1
13906,1
13947,1
13990,1
14003,1
14008,1
14009,1
14028,1
14142,1
14254,1
14259,1
14387,1
14433,1
14464,1
14539,2
14606,1
14615,1
14639,1
14671,1
14799,1
14805,1
14849,1
15000,1
15001,1
15092,2
15182,1
15198,1
15209,1
15594,1
15639,1
15725,1
15763,1
15801,1
15857,1
15877,1
15984,1
16015,1
16088,1
16103,1
16205,1
16245,1
16319,1
16338,1
16481,1
16507,1
16527,1
16631,1
16724,1
16758,1
16768,1
16893,1
16927,1
17006,1
17011,1
17031,2
17111,1
17164,1
17307,1
17361,1
17377,1
17406,1
17435,1
17535,2
17760,1
17761,1
17770,1
17785,1
17942,1
17998,1
18020,1
18042,1
18056,1
18165,2
18193,1
18217,1
18235,1
18242,1
18288,1
18299,2
18499,1
18515,1
18544,2
18677,1
18690,1
18741,1
18755,1
18808,2
18865,1
18938,1
18968,1
19105,1
19299,1
19319,1
19335,1
19343,1
19351,1
19409,2
19564,1
19658,1
19663,1
19670,1
19705,1
19725,1
19824,1
19859,1
19922,1
19938,1
19977,1
20057,1
20063,3
20180,1
20234,1
20269,1
20320,1
20321,1
20511,1
20598,1
20802,1
20810,1
20962,1
21019,1
21059,1
21072,1
21087,1
21134,1
21325,1
21328,1
21414,1
21435,1
21725,1
21787,1
21967,2
21979,1
21985,1
22064,1
22348,1
22350,1
22369,1
22544,1
22646,1
22841,1
22977,1
23033,1
23060,1
23238,1
23281,1
23304,1
23426,1
23453,1
23651,1
23670,1
23741,1
23789,1
23798,1
23818,1
23874,1
23887,2
23920,1
24025,1
24027,2
24062,1
24063,1
24123,1
24195,2
24216,1
24359,1
24449,1
24669,1
24681,1
24727,2
24752,1
24827,1
25068,2
25086,1
25124,2
25238,1
25241,1
25278,1
25395,1
25421,1
25607,2
25641,1
25710,1
25720,1
25788,1
25916,1
26064,1
26196,1
26421,1
26463,1
26470,1
26493,1
26554,1
26580,1
26638,1
26661,1
26679,1
26752,1
26833,1
26936,1
26949,1
26979,1
27003,1
27145,1
27153,2
27211,1
27226,1
27232,1
27239,1
27243,1
27246,1
27286,1
27297,1
27399,1
27417,1
27430,1
27624,1
27645,1
27687,1
27722,1
27885,1
27926,1
27929,2
28071,1
28119,1
28193,1
28332,1
28355,1
28356,1
28357,1
28523,1
28530,1
28582,1
28604,1
28627,1
28652,2
28679,1
28685,1
28710,1
28787,2
28851,1
28969,1
29040,1
29072,1
29085,1
29096,1
29114,1
29137,1
29233,1
29282,1
29462,1
29562,1
29597,1
29612,1
29657,1
29678,1
29744,1
29800,1
30107,1
30133,1
30143,1
30146,1
30210,2
30296,1
30344,1
30423,1
30430,1
30565,1
30594,1
30607,1
30812,1
30813,1
30823,1
30825,1
30834,1
30848,1
30901,1
30996,1
30999,1
31095,1
31096,1
31292,1
31308,1
31427,1
31533,1
31543,1
31547,1
31736,1
31878,1
31961,1
31996,1
32021,1
32120,1
32127,1
32154,1
32288,1
32321,1
32407,1
32483,1
32488,1
32653,2
32696,1
32717,6
32871,1
32999,1
33087,1
33132,1
33163,1
33216,1
33351,1
33430,2
33444,1
33471,1
33501,1
33544,1
33569,3
33676,1
33886,2
33921,1
34112,4
34150,1
34457,1
34460,1
34467,1
34704,1
34773,1
34903,1
35014,1
35067,1
35091,1
35096,1
35148,1
35170,1
35205,2
35420,1
35443,1
35702,1
35755,1
35909,1
35960,1
35998,1
36154,1
36158,1
36209,1
36460,1
36468,1
36478,1
36590,1
36638,1
36863,3
36872,1
36873,2
36877,1
36963,1
37169,2
37181,1
37345,1
37363,1
37398,1
37474,1
37534,1
37775,1
37794,1
37814,1
37931,1
38203,1
38238,1
38245,1
38294,1
38321,1
38350,1
38372,1
38524,1
38747,1
38784,1
38807,1
38894,1
39069,1
39084,1
39163,1
39166,1
39342,1
39396,1
39438,1
39471,1
39759,2
39889,2
39996,1
40499,1
40796,1
40799,2
40802,1
40906,1
40956,1
41171,1
41240,3
41277,1
41422,1
41442,1
41495,1
41545,1
41547,1
41565,1
41669,1
41681,1
41730,1
41755,1
41789,1
41798,1
41873,1
42158,1
42183,1
42201,1
42297,1
42300,2
42327,2
42338,1
42386,1
42419,1
42440,1
42457,1
42500,1
42529,1
42581,1
42626,1
42941,1
43072,1
43198,1
43268,1
43375,1
43388,1
43429,1
43508,2
43557,2
43559,1
43772,1
43789,1
43795,1
43821,1
43941,1
43946,1
44036,1
44076,1
44107,1
44164,2
44199,1
44402,1
44512,1
44542,1
44606,1
44620,1
44640,1
44656,1
44774,1
44849,1
44989,1
45020,1
45071,1
45407,1
45412,1
45416,1
45467,1
45469,4
45714,1
45732,1
45753,1
45809,1
45985,1
46033,1
46093,1
46264,1
46521,1
46775,1
46858,2
46888,1
46959,1
46977,1
47007,1
47011,1
47085,1
47155,1
47313,3
47317,1
47342,1
47395,1
47413,1
47430,1
47489,1
47514,1
47517,1
47542,2
47560,1
47586,1
47653,1
47783,1
48211,1
48253,1
48613,1
48695,1
48833,2
48873,1
48881,1
48936,4
49038,4
49046,1
49090,1
49289,1
49298,1
49378,1
49415,1
49422,1
49480,1
49503,1
49583,1
49715,1
49722,1
49783,1
49902,1
50012,1
50041,1
50110,1
50130,1
50206,1
50304,1
50348,1
50389,1
50518,1
50543,2
50593,1
50637,1
50639,2
50654,1
50656,1
50682,1
50729,1
50838,1
50936,1
51063,1
51141,1
51180,1
51218,1
51236,2
51265,1
51363,1
51405,1
51421,1
51534,1
51799,1
51848,1
51889,1
51907,1
51954,1
52041,1
52077,1
52149,1
52174,1
52195,1
52222,2
52289,1
52294,1
52435,1
52466,1
52544,1
52640,1
52677,1
52713,1
52729,1
52795,1
52814,1
52852,4
52989,1
53023,1
53049,2
53106,1
53115,1
53144,2
53164,1
53233,1
53346,1
53399,1
53520,1
53531,1
53535,1
53640,1
53660,2
53676,1
53770,1
53919,1
53929,1
53956,1
54155,1
54412,1
54418,1
54459,1
54515,1
54519,1
54566,1
54693,1
54934,1
55081,1
55154,1
55161,1
55262,1
55347,1
55424,1
55650,1
55656,1
55681,1
55726,1
55820,1
55975,2
56208,1
56330,1
56331,1
56370,2
56459,1
56651,1
56662,1
56779,1
56902,2
56919,1
57011,1
57162,1
57224,2
57309,1
57419,1
57446,1
57536,1
57542,1
57564,1
57580,1
57640,1
57712,1
57725,1
57791,1
57982,1
58158,1
58177,1
58325,1
58332,1
58376,1
58493,1
58521,1
58540,1
58582,1
58604,1
58662,1
58669,2
58758,2
58824,1
58894,1
58907,1
59080,1
59236,1
59249,1
59292,2
59300,1
59344,1
59397,1
59598,1
59742,1
59875,2
60136,1
60204,1
60206,1
60294,1
60318,1
60520,1
60961,1
60970,1
61091,1
61129,1
61148,1
61225,1
61256,2
61341,1
61346,1
61351,2
61626,1
61632,1
61654,2
61678,1
61721,2
61808,1
61872,1
62043,1
62053,1
62154,1
62267,1
62333,1
62628,1
62661,1
62707,1
62906,1
63070,1
63082,1
63222,1
63241,1
63247,2
63355,1
63648,1
63733,1
63764,1
63876,2
63933,1
63959,1
64129,1
64223,1
64274,1
64289,1
64340,1
64350,1
64362,1
64367,1
64377,1
64386,1
64667,1
64739,1
64772,2
64833,1
64965,1
64987,1
64992,2
64996,1
65171,1
65181,1
65313,1
65444,1
65675,1
65866,1
65918,1
66017,1
66092,2
66176,1
66227,1
66249,1
66291,1
66489,1
66577,1
66951,1
67073,2
67130,1
67223,1
67258,1
67395,1
67402,2
67448,1
67496,1
67539,1
67560,1
67615,3
67677,1
67680,1
67695,1
67798,2
67807,2
67829,1
67905,1
68125,1
68196,1
68203,1
68257,1
68273,2
68307,1
68341,1
68368,1
68444,1
68491,1
68575,1
68591,1
68616,1
68637,1
68680,1
68859,1
68917,1
69123,1
69169,1
69181,1
69285,1
69331,1
69443,1
69519,1
69727,1
69922,1
69980,1
69984,1
69994,1
70011,1
70075,2
70274,1
70335,1
70373,1
70525,1
70562,1
70602,2
70628,1
70637,1
70797,1
70800,2
70825,1
71047,1
71188,1
71201,1
71206,1
71256,1
71291,1
71423,1
71468,1
71479,1
71899,1
71910,1
71916,1
71983,1
72027,1
72059,1
72149,1
72159,3
72201,1
72429,1
72538,1
72777,1
72890,1
72922,1
72989,3
73069,1
73085,1
73185,1
73419,2
73480,1
73652,1
73663,1
73757,1
73974,1
74128,1
74358,1
74385,2
74455,1
74459,1
74583,2
74619,1
74625,1
74628,1
74892,1
75067,2
75278,1
75300,1
75337,1
75446,1
75449,2
75496,1
75517,1
75658,1
75841,1
75876,2
75886,1
76098,1
76149,1
76208,1
76348,1
76552,1
76576,1
76611,1
76661,1
76983,1
77278,1
77322,1
77388,1
77448,1
77524,1
77759,4
78045,1
78082,1
78114,1
78139,1
78187,1
78193,1
78199,1
78225,1
78236,1
78284,1
78387,1
78398,1
78547,2
78582,1
78607,1
78644,1
78673,1
78827,1
79017,1
79144,1
79168,2
79169,1
79330,1
79334,1
79355,2
79419,1
79528,1
79609,1
79707,1
79732,1
79843,1
79913,1
79943,1
80132,1
80173,1
80254,1
80283,1
80341,1
80450,1
80672,1
80915,2
80938,2
80975,1
81026,1
81112,1
81205,1
81240,1
81432,1
81459,1
81471,1
81476,1
81654,1
81847,9
81854,1
81912,1
81939,1
81942,2
81981,1
82186,1
82342,1
82368,1
82501,1
82535,1
82608,1
82667,1
82745,1
82823,1
82855,1
82880,1
83361,1
83376,2
83483,2
83515,1
83631,3
83672,1
83684,1
83695,1
83998,1
84008,1
84035,1
84118,1
84122,1
84346,1
84461,1
84566,1
84696,1
84700,1
84763,1
85002,1
85041,1
85053,1
85106,1
85144,1
85259,2
85355,1
85374,1
85389,1
85504,1
85660,1
85683,1
85772,1
85783,1
85827,1
85957,1
86076,2
86080,1
86304,2
86574,1
86622,1
86790,1
86900,1
86911,1
86958,1
87088,1
87115,1
87322,1
87356,1
87385,1
87429,1
87436,1
87477,2
87548,1
87581,1
87628,1
87800,1
87889,1
87961,1
87983,1
88061,2
88065,1
88103,1
88113,1
88163,1
88188,1
88258,1
88278,1
88600,1
88693,1
88731,1
88755,1
88803,1
88981,1
89061,1
89343,1
89450,1
89680,1
89739,1
89889,1
90059,2
90097,1
90130,1
90185,1
90200,1
90247,1
90380,1
90405,2
90466,2
90494,2
90821,1
90853,1
90891,1
90930,2
90942,2
91080,1
91159,1
91188,1
91293,1
91534,1
91535,1
91560,1
91895,1
91933,4
91987,1
91995,1
92051,1
92071,1
92457,1
92503,1
92535,1
92724,1
92734,1
92770,1
92777,1
92839,1
92894,1
92896,1
92999,1
93058,1
93147,1
93179,1
93214,1
93388,1
93560,1
93721,1
93752,1
93804,2
94054,1
94108,1
94297,1
94310,1
94493,1
94505,1
94628,1
94721,1
94755,1
94782,1
95060,1
95156,2
95405,1
95421,1
95499,1
95606,1
95696,1
96100,1
96150,1
96200,1
96205,1
96239,1
96372,1
96468,1
96469,1
96502,1
96618,1
96848,1
96890,2
96978,1
97087,1
97182,1
97228,1
97253,1
97280,2
97317,1
97428,1
97921,1
98012,1
98103,1
98132,1
98207,1
98330,1
98431,1
98482,1
98590,2
98647,1
98758,1
99103,1
99110,1
99264,1
99367,1
99377,1
99590,1
99704,1
99715,1
99752,1
99769,1
100226,1
100233,1
100457,1
100479,1
100689,1
100738,1
101023,1
101118,1
101152,1
101209,1
101238,1
101424,1
101556,1
101581,1
101597,1
101693,1
101746,1
101780,1
101816,1
101859,1
102052,1
102112,1
102141,1
102242,1
102495,2
102694,1
102749,1
102931,1
102958,1
102968,1
103023,1
103281,1
103326,1
103434,1
103446,1
103808,1
103941,2
103977,1
104014,1
104030,1
104127,1
104180,2
104274,1
104339,2
104456,1
104643,1
105009,1
105012,1
105045,1
105074,1
105126,2
105211,2
105223,1
105233,1
105276,1
105278,1
105314,2
105529,1
105828,1
105957,1
106029,1
106105,2
106127,1
106178,1
106475,1
106511,1
106776,1
106934,1
106971,1
107076,1
107117,1
107187,1
107439,2
107643,1
107676,1
107679,2
107689,1
107720,2
107763,1
107867,1
107891,1
107893,2
107988,1
108076,1
108107,1
108177,1
108301,1
108344,1
108421,1
108670,1
108741,1
108780,1
108989,1
109060,1
109141,1
109152,4
109224,1
109308,1
109376,1
109489,1
109529,1
109662,1
109809,1
109829,1
109915,1
109974,1
110029,1
110087,2
110096,1
110125,1
110130,2
110280,1
110455,1
110559,1
110615,1
110625,1
110627,1
110642,2
110782,1
110999,1
111134,1
111324,1
111427,1
111561,1
111600,1
111614,1
111730,1
111823,1
111920,1
112170,1
112245,1
112334,1
112358,1
112600,1
112653,1
112699,1
112836,1
112917,1
112971,1
113264,1
113399,1
113496,1
113544,1
113642,2
113730,2
113819,1
114097,1
114114,1
114198,1
114300,1
114388,2
114568,1
114642,1
114715,1
114880,1
114976,1
115040,1
115103,1
115131,1
115188,1
115227,1
115270,1
115286,1
115310,1
115400,1
115474,1
115679,1
115697,1
115958,1
115972,1
115992,1
116087,2
116134,1
116161,1
116172,2
116314,1
116432,1
116494,1
116610,1
116662,1
116838,1
116910,1
116915,1
117249,1
117380,2
117398,1
117453,1
117461,1
117582,1
117678,1
117807,1
117921,1
118161,1
118266,1
118367,1
118480,1
118624,1
118850,1
118935,1
118965,1
119121,2
119164,1
119303,1
119337,1
119407,1
119451,1
119488,1
119512,1
119518,1
119711,1
119780,1
119851,1
119903,1
119948,1
119972,1
120090,1
120441,3
120447,1
120693,1
120890,1
120915,1
121003,2
121028,1
121173,1
121208,1
121299,1
121322,2
121503,1
121766,1
121793,1
121909,2
122007,1
122095,2
122422,1
122602,1
122666,3
122718,1
123053,1
123199,1
123245,1
123344,1
123365,1
123563,1
123679,1
123772,1
123822,1
123843,1
123878,1
124152,1
124274,1
124301,1
124496,1
124499,1
124501,1
124687,1
124738,1
124872,3
124937,1
124952,1
125021,1
125088,1
125105,1
125162,1
125209,1
125254,1
125499,1
125676,2
125773,1
125900,1
126021,1
126084,1
126104,1
126132,1
126204,1
126263,1
126378,1
126461,1
126603,1
126671,1
126757,1
126780,2
126848,1
126898,1
126996,1
127199,1
127219,1
127353,3
127379,1
127486,1
127512,1
127535,2
127636,1
127811,2
127924,1
127971,1
127987,1
127995,1
128243,1
128431,1
128716,1
128952,1
128964,1
129061,1
129182,1
129536,1
129705,1
129742,2
129952,1
130071,1
130158,1
130286,1
130302,1
130311,1
130360,1
130593,1
130664,1
130797,1
130809,1
130920,1
130925,2
131119,1
131161,1
131174,1
131175,2
131192,1
131616,1
131687,1
131877,1
131890,1
131893,1
131916,1
132009,1
132048,1
132198,1
132355,1
132421,1
132485,1
132562,1
132851,1
132955,1
133019,1
133036,1
133277,1
133425,1
133498,1
133625,1
133645,1
133937,1
133987,2
134083,1
134301,1
134307,1
134495,1
134518,3
134911,1
135053,1
135246,1
135340,1
135443,1
135461,1
135528,1
135530,2
135563,2
135601,1
135607,1
135641,1
135700,1
135728,1
135765,1
135803,1
135970,1
136261,1
136306,1
136313,1
136534,1
136564,1
136587,1
136590,1
136644,1
136692,1
136826,1
136835,1
136907,1
136917,1
136926,1
136959,1
137253,1
137574,2
137710,1
137838,1
138050,1
138143,1
138215,1
138269,1
138474,1
138476,1
138608,1
138684,1
138706,1
138827,1
138888,1
139089,1
139212,1
139322,1
139603,1
139937,1
139997,1
140142,1
140144,1
140147,1
140497,1
140526,1
140542,2
140823,1
140937,2
141124,1
141198,1
141232,1
141300,1
141435,1
141447,1
141519,1
141546,3
141622,2
141832,1
141904,1
142033,1
142099,1
142199,1
142262,1
142294,1
142403,1
142457,1
142658,1
142663,1
142868,1
142916,1
142962,1
143465,1
143861,1
144031,1
144132,1
144328,1
144373,2
144684,1
144858,2
145040,1
145172,1
145218,1
145258,1
145412,1
145449,1
145585,1
145806,1
145854,1
146040,1
146052,1
146126,1
146133,1
146378,1
146497,1
146631,1
146691,1
146727,1
146877,1
146896,1
146917,1
146995,1
147090,1
147228,1
147243,1
147284,1
147321,1
147410,1
147686,2
147757,1
147991,1
148013,1
148037,1
148708,1
148813,1
148902,1
149135,1
149323,1
149410,1
149450,1
149705,1
149835,1
150036,1
150152,1
150157,1
150237,1
150329,1
150598,1
150663,1
150875,1
150886,1
151001,1
151003,1
151272,2
151335,1
151600,1
151723,1
151829,1
151924,1
152137,1
152158,1
152159,1
152236,2
152354,1
152636,1
152701,1
152713,1
152786,1
152841,1
152875,1
152948,1
152970,2
153041,1
153142,1
153175,1
153197,1
153219,1
153225,1
153287,2
153341,1
153388,1
153469,1
153526,1
153596,1
153700,1
153704,1
153854,1
153937,1
153992,1
154143,1
154400,1
154427,1
154463,1
154467,1
154633,1
154641,1
154725,1
154811,1
154904,1
154960,1
155113,1
155459,1
155511,1
155633,1
155669,1
155692,1
155814,1
155958,1
156077,1
156120,1
156269,1
156314,1
156464,1
156522,1
156560,1
156627,1
156746,1
156867,1
157136,1
157270,1
157300,1
157314,1
157336,1
157534,2
157695,1
157733,1
157812,1
157840,1
157892,1
158015,1
158074,1
158075,1
158125,1
158177,1
158417,1
158528,1
158658,1
158724,2
158820,1
158879,1
159100,1
159177,2
159180,1
159245,1
159256,1
159288,1
159289,1
159355,1
159493,1
159540,1
159546,1
159687,1
159782,1
159842,1
159967,1
160072,1
160242,1
160391,1
160627,1
160754,1
160790,1
161052,1
161071,2
161459,1
161495,1
161631,1
161701,1
161727,1
161965,1
161972,1
162007,1
162442,1
162508,1
162526,1
162735,1
162737,1
162766,1
162850,2
162986,2
163093,2
163115,1
163117,1
163187,1
163431,1
163497,1
163549,1
163582,1
163766,1
163979,1
164045,1
164061,1
164408,1
164454,1
164497,1
164540,1
164856,1
165325,1
165546,1
165599,1
165846,1
165856,1
166018,1
166269,1
166301,1
166590,1
166640,1
166810,1
166869,1
167312,1
167314,1
167336,1
167356,1
167488,1
167574,1
167588,1
167619,1
167759,1
167772,1
167821,1
167908,1
167940,1
168042,1
168158,1
168193,1
168303,1
168498,1
168513,1
168604,1
168651,1
168661,1
168931,1
168965,1
169064,2
169170,1
169247,1
169252,1
169384,1
169707,1
169760,1
169999,1
170023,1
170161,1
170197,2
170240,1
170270,2
170670,2
170981,1
170992,1
171113,1
171276,1
171319,1
171597,1
171818,1
171827,1
171858,1
172084,1
172217,1
172294,1
172399,1
172584,1
172697,2
172702,1
172800,1
172966,2
173559,1
173595,1
173889,1
174258,3
174281,1
174332,1
174457,1
174509,2
174626,1
174703,1
174783,1
174864,1
175077,1
175128,1
175163,1
175195,1
175237,1
175515,1
175530,1
175568,1
175578,1
175809,1
175873,1
175880,1
176002,1
176037,1
176295,2
176363,1
176399,2
176620,1
176934,1
176984,1
177150,1
177168,1
177227,1
177588,1
177608,1
177976,1
177982,1
178038,1
178494,2
178512,1
178582,2
178714,1
178892,1
179026,1
179251,1
179327,1
179356,1
179542,1
179686,1
179742,1
179978,1
180032,4
180068,1
180154,2
180326,1
180363,1
180404,1
180453,1
180819,2
180987,1
181059,1
181174,1
181308,1
181399,1
181531,4
181628,1
181635,1
181693,1
181773,1
181919,1
181959,1
182000,2
182219,1
182222,1
182520,1
182580,1
182751,2
182853,1
183046,1
183103,1
183223,1
183248,1
183285,1
183404,1
183461,1
183619,1
183673,1
183678,2
183747,2
183837,1
183879,1
184063,1
184187,1
184246,1
184316,1
184372,1
184545,1
184622,1
184731,1
184798,1
184965,1
185023,1
185122,1
185322,1
185776,2
185782,1
185856,1
186094,1
186496,1
186704,1
186724,1
187133,1
187183,1
187501,2
187831,1
187980,1
188033,1
188038,1
188186,1
188302,1
188410,1
188526,1
188768,1
188776,1
188903,1
188915,1
188986,1
189114,1
189241,1
189321,1
189379,1
189547,1
189705,1
189742,1
189862,1
189939,1
189962,1
189964,1
189989,1
190005,1
190057,1
190343,1
190447,2
190477,1
190633,1
190779,2
190799,2
190962,1
190986,1
191056,1
191082,1
191109,1
191142,1
191200,1
191204,1
191335,1
191358,2
191378,1
191397,1
191561,1
191622,1
191822,1
191879,1
191970,1
192222,1
192305,1
192336,1
192639,1
192650,1
192723,1
192728,1
192974,1
193047,1
193112,1
193115,1
193269,1
193272,1
193286,1
193341,1
193792,1
193874,1
193923,1
193936,1
193979,1
194008,1
194140,1
194183,1
194220,1
194417,1
194594,1
194764,1
195041,1
195070,1
195210,1
195211,1
195374,1
195494,1
195534,3
195615,2
195745,1
195768,1
195925,1
196091,1
196144,1
196182,1
196210,1
196272,2
196333,1
196390,1
196477,1
196552,1
196617,1
196700,1
196710,1
196840,2
197017,2
197231,1
197253,1
197369,1
197375,1
197540,1
197573,1
197597,1
197767,1
197920,1
198276,1
198316,1
198344,4
198471,1
198538,1
198739,1
198999,1
199035,1
199038,1
199095,1
199373,1
199517,1
199592,1
199917,1
200112,1
200123,1
200185,1
200475,1
200528,1
200563,1
200613,2
200646,1
200804,1
200876,1
200904,1
200997,1
201034,1
201036,1
201125,1
201189,1
201313,1
201390,1
201456,1
201608,1
201747,1
201897,1
201963,1
202000,1
202011,1
202140,1
202437,1
202449,1
202580,1
202643,1
202695,1
202839,2
202862,1
202895,1
202916,1
202988,1
202994,1
203120,1
203261,1
203266,1
203423,1
203457,1
203604,1
203651,2
204125,1
204321,1
204372,1
204376,1
204552,1
204566,1
204594,1
204647,1
204671,1
204694,1
204765,1
204970,1
204971,1
205176,1
205275,1
205317,1
205350,1
205373,1
205375,1
205466,1
205478,1
205556,1
205579,1
205629,1
205707,1
205815,1
205906,1
206175,1
206364,1
206480,1
206746,1
206841,1
206848,1
207260,1
207323,1
207375,1
207671,1
207795,2
207870,1
208016,1
208123,1
208153,1
208280,1
208340,2
208523,1
208546,1
208596,1
208617,1
208853,2
208952,1
209225,1
209384,1
209477,1
209621,1
210009,1
210140,2
210214,1
210361,1
210420,1
210457,2
210543,1
210635,1
210980,1
211009,1
211070,1
211127,1
211155,1
211185,1
211263,1
211389,1
211416,1
211855,1
211900,2
212007,1
212106,1
212750,1
212880,1
212984,2
213059,2
213140,1
213275,1
213281,1
213498,2
213514,1
213707,1
213795,2
213815,1
213920,1
214433,1
214449,3
214454,1
214558,1
214676,1
215145,1
215282,1
215510,1
215618,1
215910,2
216089,1
216148,1
216213,1
216339,2
216396,1
216508,1
216931,1
217132,1
217200,1
217568,1
217628,2
218905,1
219137,1
219160,1
219272,1
219286,1
219298,1
219358,1
219373,1
219378,1
219422,1
219470,1
219623,1
219644,1
219689,1
219704,1
220083,1
220153,1
220436,1
220535,1
220772,1
220839,1
220973,1
221066,1
221234,1
221294,1
221943,1
222557,1
222635,2
222647,1
222731,1
222763,1
223234,1
223250,1
223396,1
223439,1
223753,1
223875,1
224169,1
224215,1
224255,1
224267,1
224268,1
224272,1
224964,1
224994,1
225131,1
225180,1
225309,1
225508,1
225712,1
225809,1
225897,1
226199,1
226475,2
226612,1
226650,1
226696,1
226804,2
226866,1
227041,1
227068,3
227091,2
227318,1
227391,1
227396,1
227427,1
227442,1
227672,1
227823,1
227879,1
228140,1
228536,1
228671,1
228778,1
228880,1
228987,1
229382,1
229453,1
229485,1
229571,1
229837,1
229881,2
229914,1
229966,1
230044,1
230214,1
230335,1
230432,1
230511,1
230613,1
230639,1
230877,1
230949,1
231125,1
231186,1
231284,1
231307,1
231351,1
231518,1
232002,1
232059,1
232139,2
232147,1
232244,1
232300,1
232373,1
232593,1
232606,1
232662,1
233439,1
233706,1
233766,1
233857,1
234027,1
234454,1
234503,1
234544,1
234575,1
234658,1
234676,1
234783,1
234804,2
234891,2
235094,2
235466,1
235550,1
235570,2
235670,1
235739,1
235740,1
235882,1
236058,2
236290,1
236413,1
236571,1
236774,2
236845,1
236943,1
237005,1
237530,1
237537,1
237707,1
238054,1
238119,1
238401,1
238679,1
238681,1
238759,1
238766,1
238804,1
238830,1
238948,1
239058,1
239454,1
239532,1
239533,1
239676,1
239685,2
239742,1
239754,1
239925,1
239975,1
240091,1
240284,2
240344,1
241032,1
241128,1
241156,1
241309,1
241458,3
241512,2
241552,1
241633,1
241708,1
241745,1
241857,1
241873,1
242216,1
242242,1
242259,1
242274,1
242400,1
242668,2
242750,1
242827,1
242988,1
243356,1
243408,1
243587,1
243665,1
243674,3
243893,1
243995,1
244044,1
244277,1
244381,1
244453,1
244663,2
245089,1
245131,1
245432,1
245435,2
245494,1
245610,1
245611,1
245804,1
246103,1
246402,1
246520,1
246978,1
247258,1
247386,1
247555,1
247559,1
247721,1
247775,2
247819,1
248078,2
248140,1
248213,1
248383,1
248385,1
248761,1
248818,3
248924,1
248952,1
249088,1
249125,1
249164,3
249268,1
249604,3
249719,1
249782,1
249800,1
249891,1
249912,1
250407,1
250723,1
251287,1
251364,1
251987,1
252053,2
252119,1
252233,1
252295,1
252950,1
253413,1
253457,1
253473,1
253635,1
253664,1
254128,1
254250,1
254398,1
254562,1
254863,1
255015,1
255453,1
255715,1
255857,1
256046,1
256431,1
257004,1
257678,1
257712,1
258128,1
259374,1
259697,1
259800,1
260057,1
260188,1
260284,1
260340,1
260370,3
260438,1
260705,1
260873,1
261579,1
261698,1
261803,1
263280,1
263366,1
263461,1
263583,1
264396,1
264590,1
264799,1
264818,1
264906,1
265023,1
265045,1
265086,1
265338,1
265507,1
265657,1
265697,1
265872,1
265903,1
265945,1
265988,1
266018,1
266251,1
266271,1
266302,1
266641,1
267284,1
269860,1
270445,1
270513,1
270571,1
270592,1
270718,1
270928,1
271079,2
271363,1
271418,1
271432,1
271512,1
271514,1
271734,1
271950,1
273095,1
273287,1
273461,1
273464,1
273857,1
274062,1
274931,1
275120,1
275221,1
275622,1
275678,1
275715,1
275871,1
276118,2
276273,1
276323,1
276364,1
276682,1
276923,1
277023,1
277103,1
277161,3
277193,1
277214,1
277474,1
277492,1
278097,1
278869,2
278907,1
278957,1
279130,1
279339,1
279376,1
279498,1
279769,1
279826,1
279839,1
279925,1
280032,1
280420,2
280619,1
280709,1
280794,1
280811,1
280825,1
280981,1
280996,1
281039,1
281260,1
281337,1
281544,1
281593,1
281784,1
282458,1
282890,1
282964,1
283179,1
283309,1
283441,1
283558,1
283772,1
283886,6
283960,1
284187,1
284476,1
284576,1
284688,2
284779,1
284866,1
284934,1
285321,1
285923,1
286093,1
286287,1
286878,1
287213,1
287396,1
287446,1
287584,1
287641,1
287721,1
287744,2
287778,1
288051,1
288228,1
288263,1
288535,3
288581,1
288746,1
288976,2
289289,2
289369,1
289392,1
289504,1
290084,1
290303,2
290658,1
290859,1
290976,1
291051,1
291348,1
291475,1
291576,1
291750,1
292014,1
292153,1
292394,1
292468,1
292671,1
292921,1
292951,1
293292,1
293473,1
293581,1
293588,1
293763,1
294034,1
294349,1
294474,1
294597,1
294695,1
294807,1
294844,1
295225,1
295386,1
295480,1
295492,1
296106,1
296125,1
296279,1
296510,1
296718,1
296840,2
296876,1
297124,1
297445,1
297498,2
297583,1
297604,1
297902,1
297982,1
298292,1
298682,1
298807,1
299106,1
299126,1
299644,1
299649,1
299979,1
300131,1
300257,1
300279,2
300834,1
301036,1
301239,1
301363,1
301728,1
301795,1
302063,1
302469,1
302566,1
302730,1
302886,1
302891,2
302992,1
303034,1
303166,1
303201,1
303546,1
303663,1
303833,1
303932,1
303936,1
304101,1
304193,1
304215,1
304265,1
304283,1
304384,1
304639,1
304902,1
304904,1
304918,1
304929,1
305012,1
305197,1
305263,1
305268,1
305282,1
305730,1
305901,1
306069,1
306100,1
306976,1
307373,1
307605,1
307660,1
308074,1
308134,2
308262,1
308519,1
308588,1
308592,1
308886,1
309103,1
309224,1
309265,1
309543,1
309783,1
310137,1
310370,1
310393,2
310766,2
310901,1
310946,1
311156,1
311316,1
312252,1
312671,1
312873,1
312902,1
313003,1
313058,1
313363,1
313528,1
313562,1
313886,1
313942,1
313962,1
314009,1
314036,1
314077,1
314564,1
314607,1
314633,1
315518,1
315593,1
315615,1
315758,1
315834,1
315866,1
315873,1
315880,1
316195,1
316748,1
316880,1
316931,1
317506,1
317514,1
317518,1
317532,1
317847,1
318082,1
318208,1
318295,1
318483,1
318490,1
318501,1
318504,1
318564,1
318622,1
319001,1
319471,1
319907,1
320163,1
320201,1
320281,1
320302,2
320582,1
320904,1
321040,1
321194,1
321201,1
321306,1
321463,1
321520,1
321605,1
321723,1
321888,1
322135,1
322311,2
322436,1
322569,1
322576,1
322700,1
322915,1
323009,1
323082,1
323517,1
323548,1
323600,2
323761,1
323836,1
323861,1
323868,1
323878,2
324152,1
324764,1
324815,2
325092,1
325166,1
325384,1
326163,1
326348,1
326527,1
326577,1
326807,1
327237,1
327411,1
327594,1
327706,1
327741,1
327925,1
327948,1
327998,1
328001,1
328008,1
328076,1
328179,1
328359,2
328388,1
328798,1
328952,2
329071,1
329145,1
329591,1
329781,1
329822,1
330135,1
330223,1
330396,1
330436,2
330628,1
330828,2
331167,1
331214,1
331303,1
331353,1
331548,1
332151,1
332254,1
332271,1
332294,1
332330,1
332571,1
332653,2
333010,1
333180,1
333398,1
333840,1
334018,1
334085,1
334102,1
334791,1
334797,1
334808,1
335032,1
335152,1
335157,1
335383,1
335402,1
335467,1
335497,1
335698,1
336433,1
336964,1
338100,1
338116,1
338470,1
338984,1
339080,1
339165,1
339166,1
339208,1
339286,2
339293,1
339546,1
339691,1
340001,1
340006,1
340318,1
340752,1
341158,1
341387,1
342540,1
342720,1
343183,1
343288,1
343366,1
343415,1
343470,1
343499,1
343563,1
343850,1
343881,1
344948,2
345446,1
345702,1
345885,1
345913,1
346042,1
346166,1
346355,1
346576,2
346774,1
346819,2
346873,1
347147,1
347173,1
347398,1
347400,1
347406,1
347809,1
347870,2
347918,1
348552,1
348591,1
348793,1
349154,1
349164,1
349242,1
349360,1
349516,1
349621,1
349848,1
349909,1
350168,1
350183,1
350282,1
350314,1
350466,1
350468,1
350474,1
350658,1
350665,1
350735,1
350822,1
350882,1
351038,2
351117,1
351125,1
351151,1
351301,1
351370,1
351553,1
351568,4
351644,1
351693,1
352030,1
352113,1
352251,1
352287,1
352517,1
352522,1
352625,1
352626,2
352753,1
352979,1
352982,1
353138,1
353166,1
353361,1
353372,1
353542,1
353887,1
353893,1
354842,2
354848,1
355033,1
355401,1
355427,1
356022,1
356100,1
356292,1
356330,1
356488,1
357116,1
357170,1
357219,2
357324,1
357642,1
357685,1
357820,1
357872,1
358062,1
358124,1
358358,1
358585,1
358930,1
359029,1
359161,1
359552,1
359739,1
360255,1
360279,1
361594,1
361671,1
361905,1
362146,1
362226,1
362261,2
362454,1
362733,1
363363,1
363511,1
363540,2
363877,1
364015,1
364033,1
364538,1
364725,1
365188,1
365207,1
365210,1
365385,1
365659,1
366230,1
366290,1
366438,1
366502,1
366526,1
366683,1
366926,1
367260,1
367440,1
367503,1
367605,1
367916,1
368133,1
368545,2
368583,1
368842,1
369881,1
370239,1
370317,1
370372,1
370420,1
370699,2
370814,1
370919,1
371042,2
371258,1
371302,1
371383,3
371475,1
371876,1
372141,1
372476,1
372616,1
372620,2
373005,1
373389,1
373530,1
373545,1
373659,1
373675,1
373762,1
374616,1
374857,1
374864,1
375580,1
376284,1
376376,1
377188,1
377433,1
377520,1
378067,1
378162,1
378178,1
378279,2
378740,1
378835,1
378878,1
378918,1
378966,1
379071,1
379202,1
379288,1
379332,1
379606,1
379692,1
379814,1
379918,1
380158,1
380408,1
380586,1
380791,1
380816,2
380950,1
381274,1
381345,1
381566,1
381860,1
382001,1
382011,1
382226,1
382538,1
383068,1
383090,1
383212,4
383873,1
384037,1
384223,1
385102,1
385232,1
385324,1
385366,1
385639,1
385684,1
385754,2
385877,1
386070,1
386122,1
386250,1
386271,1
386545,1
387628,1
387896,1
387904,1
388074,1
388594,1
388808,1
389286,1
389581,1
389734,1
389746,1
390569,1
390631,1
390779,1
390889,1
391240,1
391371,1
391567,1
391674,1
391704,1
392811,1
393086,1
393605,1
393881,1
394185,1
394198,1
395123,1
395294,1
395621,1
395730,1
395778,1
396475,2
396538,1
396654,1
397037,1
397559,1
397995,1
398027,1
398254,1
398619,1
398828,1
398875,1
399029,1
399289,1
399473,1
399533,1
399560,1
399776,1
399895,1
400034,2
400092,1
400133,1
400625,1
400783,1
400795,1
400890,1
401055,1
401264,1
401512,1
401600,1
401766,1
401938,1
402008,1
402454,1
402547,1
402777,1
403432,1
403456,1
403630,1
404411,1
404460,1
404731,1
404765,1
404825,1
404933,1
405237,1
405312,1
405538,1
405556,1
405697,1
406387,1
406631,1
406821,1
406832,1
406950,1
407270,1
407310,1
407342,1
407859,1
408368,2
408570,1
408830,1
409115,1
409207,1
409321,1
409378,1
409455,1
410110,1
410447,2
410615,1
410689,2
410890,1
411136,1
411296,1
411554,1
411755,1
411832,1
412180,1
412214,1
412282,2
412463,1
412713,1
413011,1
413206,1
413571,1
413772,2
413810,1
414336,1
414894,1
415094,1
415502,1
415517,1
416077,1
416322,1
416441,1
416477,2
416566,1
416575,1
416727,1
416849,1
416941,1
416989,1
417524,1
417751,1
417780,1
418181,2
418191,1
418277,1
418721,1
418773,1
418920,1
419091,1
419703,1
419884,1
419909,1
420230,1
420541,1
420735,1
420786,1
420848,1
421001,1
421392,1
421435,1
421488,1
421501,1
421701,1
422013,1
422075,1
422159,1
422184,1
422474,1
422478,1
422547,1
422722,1
422998,1
423050,1
423549,1
423701,1
423769,1
423772,1
423821,1
424032,1
424369,1
424490,1
424602,2
424891,1
425024,1
425166,1
425200,1
425226,1
425368,1
425410,1
425689,1
426027,1
426437,1
426803,1
426980,1
427759,1
428171,1
428384,2
428478,1
428479,1
428696,1
428788,1
428841,1
429010,1
429119,1
429260,1
429263,1
429706,1
429739,1
429858,1
429902,1
430481,1
431177,1
431191,1
431220,1
431226,1
431257,1
431267,1
431360,1
431696,1
431873,1
432049,1
432127,1
432263,1
432308,1
432379,1
432536,1
432592,1
432684,1
433484,1
433494,1
433716,1
433817,2
433958,1
434010,1
434122,1
434140,2
434254,1
434274,1
434333,1
434619,1
435208,1
435571,1
435620,1
436255,1
436407,1
436613,1
436895,1
437025,1
437172,1
437196,1
437440,1
437517,1
437723,1
437982,1
438219,1
438308,1
438312,1
438313,2
438482,1
438507,1
438516,1
438573,1
438838,1
438899,1
438920,1
439104,1
439185,1
439365,1
439401,2
439457,1
439459,1
440179,1
440661,4
440768,1
440909,1
441098,1
441188,1
441333,1
441346,1
441474,1
441646,1
441858,1
442117,1
442180,1
442279,1
442683,1
442687,1
443181,2
444049,1
444158,1
444294,1
444313,1
444816,1
444822,1
444845,1
445304,1
445349,1
445372,1
445459,1
445557,1
445641,1
445737,1
446024,1
446036,1
446131,1
446228,1
446462,1
446744,1
446781,1
446808,1
447017,1
447143,1
447317,1
447512,1
447522,1
447615,1
447736,1
447849,1
447917,1
448060,1
448166,1
448931,1
449015,1
449178,1
449385,1
449558,1
449779,1
449835,1
449874,1
450067,1
450559,1
450934,1
450980,1
451306,1
451321,1
451334,1
451613,1
451815,1
451855,1
452052,1
452065,1
452240,1
452376,1
453031,2
453203,1
453360,1
453402,1
453543,2
453548,1
453776,1
453844,1
454023,1
454288,1
454320,1
454563,1
454630,1
454724,1
454813,1
454975,1
455116,1
455137,1
455140,10
455383,1
455944,1
456109,1
456140,1
456545,1
456674,1
456754,1
457089,1
457094,1
457136,1
457158,1
457552,1
457834,2
457894,1
458591,2
458781,1
459267,1
459464,1
459648,1
459669,1
459878,1
459938,1
460296,1
460329,1
460418,1
461112,1
461330,1
461491,2
461537,1
461885,1
462513,1
462836,1
462906,1
463230,1
463313,1
463342,1
463642,1
463857,1
463861,1
463904,1
464145,1
464251,1
464441,2
464561,1
464574,1
465064,1
465069,1
465155,1
465279,1
465790,1
465798,1
465984,1
465989,1
466380,1
466609,2
466674,1
466713,1
466920,1
467106,1
467411,2
467495,1
467746,1
467872,1
468093,1
468296,1
468477,1
468479,1
469305,1
469365,1
469989,1
470136,1
470400,1
470455,1
470531,1
470564,1
470797,1
470810,2
470884,1
471011,1
471275,1
471278,1
471387,1
471525,2
472374,1
472446,1
472468,1
472477,1
472589,1
472810,1
472830,1
472840,1
473155,1
473530,1
473672,1
473789,1
474235,1
474302,1
474659,1
475017,2
475367,1
475450,1
475463,1
475613,1
475844,1
476013,1
476186,1
476219,1
476338,1
476418,1
477519,1
477680,1
477771,1
477931,1
478237,6
478239,1
478458,1
478549,1
478564,1
478856,1
478921,2
479223,1
479538,1
479673,1
479715,1
480330,1
480388,1
480724,1
480753,2
480759,1
481185,1
481198,1
481354,1
481429,1
481441,1
481458,1
481729,1
481910,1
482276,1
482425,1
482931,1
483422,1
483531,1
483692,1
483853,1
484008,1
484068,1
484069,1
484108,1
484245,1
484309,1
484559,1
484672,1
484720,1
484829,1
485033,1
485042,1
485230,1
485572,1
485936,1
486382,1
486557,1
486984,1
486988,1
487130,1
487168,1
487223,1
487668,1
488189,1
488301,1
488406,1
488837,1
488872,1
488992,1
489338,1
489576,1
490500,1
491117,1
491388,1
491458,1
491462,1
491495,1
491675,2
491863,1
492234,1
492603,1
492618,1
493124,1
493347,1
493828,1
494012,1
494013,1
494043,1
494087,1
494097,1
494201,1
494230,1
494426,1
494446,1
494755,1
495285,1
495429,1
495617,1
495664,1
495892,1
496233,1
496367,1
496373,1
496526,1
497165,1
497214,2
497556,1
498032,1
498106,1
498212,3
498257,1
498274,1
498479,1
498608,1
498887,1
498909,1
499192,2
499340,1
499361,1
499550,3
499678,2
499769,1
499866,1
499932,2
500289,1
500836,1
501052,1
501109,1
501424,1
501585,1
501695,1
501702,1
501976,1
502170,1
502178,1
502325,1
502747,1
502876,2
502942,1
503025,1
503051,1
503760,3
503804,1
503951,1
504055,1
504701,1
504980,1
505001,1
505089,1
505429,1
505619,1
505649,1
506034,1
506266,1
506344,1
506530,1
507117,1
507274,1
507502,1
507649,1
507994,1
508118,1
508403,1
509205,1
509709,1
509837,2
510285,1
510678,1
510740,1
510834,1
510842,3
511030,1
511179,1
511342,1
511374,1
511681,1
511831,1
512212,1
512317,1
512968,1
513082,1
513099,1
513138,1
513275,1
513311,1
513603,1
513813,1
514022,1
514052,1
514174,1
515866,1
515909,1
516458,1
516527,1
516602,1
516927,1
517103,3
517228,1
517619,1
517731,1
517976,1
518742,1
519061,1
519177,1
519370,1
519642,1
519731,1
520175,1
520376,1
520420,1
520424,1
520688,2
520844,1
521091,1
521510,1
521633,1
521940,1
522079,1
522354,1
522465,1
522735,1
522783,1
522870,1
523025,1
523089,1
523141,1
523300,1
523952,1
524304,1
524596,1
524617,2
524783,1
524923,1
524989,1
525124,1
525501,1
525506,1
525575,1
525675,1
525704,1
526098,1
526195,1
526414,1
526829,1
527045,1
527325,1
527540,1
527568,1
527713,1
527787,1
527924,1
528448,1
528545,1
528585,1
528882,1
529003,1
529305,1
529436,1
530140,1
530343,1
530406,1
530525,1
530713,1
530801,1
530901,1
530988,1
530992,1
531088,1
531175,1
531465,1
531650,1
532299,2
533049,1
533531,1
533590,1
533619,2
533849,2
534472,1
534603,1
534887,1
535197,1
535542,1
535708,1
535825,1
535866,1
535884,1
536331,1
536362,1
536577,1
536630,1
536914,1
537700,1
538011,1
538025,1
538504,1
538538,1
538720,1
538792,1
539027,1
539205,1
539277,1
539365,1
539546,1
539708,2
539914,1
540246,1
540266,1
540629,1
540890,1
540913,1
540981,1
541215,1
541401,1
541637,1
541805,1
542191,1
542458,1
542541,1
542828,1
543068,1
543264,1
543719,1
544028,1
544178,1
544241,1
544424,1
544541,1
544572,1
544954,3
545280,1
545713,1
545742,1
546692,3
546811,1
547070,1
547158,1
547273,1
547385,1
547561,1
548451,1
548524,1
548686,1
549039,1
549394,1
549410,1
550209,1
550229,2
550290,3
550548,1
550628,1
550654,2
550726,1
550820,1
550978,1
550990,1
551151,1
551543,1
551712,1
551713,1
551837,1
551858,1
552316,1
552452,1
552506,1
552566,1
552590,1
552629,1
552653,1
552818,1
552921,1
553169,1
553428,1
553494,1
553642,1
554101,1
554135,1
554229,1
554344,1
554668,1
554999,1
555009,1
555268,1
556162,1
557065,1
557307,1
557590,1
557602,1
557824,1
557828,1
557953,1
558042,1
558261,1
558368,1
558375,1
558441,1
558455,1
558581,1
558596,1
558709,1
559179,1
559268,1
559434,1
559564,1
562204,1
562450,1
562773,1
562943,1
563082,1
563406,1
563585,1
563587,1
563819,1
563996,1
564020,1
564295,1
564361,1
564473,1
564615,1
564768,1
564903,2
565192,1
565231,1
565765,2
565774,1
566197,1
566354,1
566486,1
566536,1
566580,1
566650,1
566767,1
566889,1
567047,1
567532,1
567558,1
567626,1
567706,1
567883,1
568204,1
568272,1
568452,1
569111,1
569494,1
570040,1
570608,1
571786,1
573047,1
573101,1
573318,1
573501,1
573530,1
573531,1
573723,1
574496,1
574696,1
574802,1
574876,1
575602,1
575792,1
576190,1
576555,1
576772,1
576954,1
577143,1
577154,1
577644,1
577970,1
578095,1
578257,1
578543,1
578547,2
578702,1
579145,1
579188,1
579299,2
579665,1
579798,1
579833,1
579835,1
579922,1
580084,1
580753,1
581043,1
581127,1
581588,1
582410,1
582461,1
582487,1
582584,1
582616,1
583075,1
583379,1
583677,1
583842,1
583851,1
584378,2
584600,1
584882,1
585174,1
585263,1
585619,1
585635,1
585833,2
585944,1
586152,1
586441,1
586805,1
586809,1
586910,1
587438,3
587487,1
587723,1
587790,1
587972,1
588172,1
588205,1
588473,2
588581,1
588601,1
588670,1
588990,1
589034,1
589279,1
589443,1
589651,1
590303,1
590325,1
590328,1
590540,1
590564,1
590669,1
590904,1
591159,1
591280,1
591435,1
591634,1
591667,1
591881,1
592032,1
592149,1
592433,1
593151,1
593208,1
593993,1
594085,2
594529,1
594614,2
594865,1
594890,1
594957,1
595469,1
595597,1
596073,1
596124,1
596220,1
596434,1
596443,1
597067,1
597596,1
597933,1
597996,1
598065,1
598307,1
598411,1
598730,1
598744,1
598990,1
599037,1
599268,1
599657,1
600083,1
600266,1
600347,1
600424,1
600483,1
600503,1
600565,1
600573,1
600668,1
601266,1
601381,1
601473,1
601548,1
601636,2
602252,1
602268,1
602422,1
602470,1
602627,1
602654,1
603056,1
603683,1
603798,1
604138,1
604657,1
604796,1
605076,2
605271,1
605402,1
605483,2
605501,1
605742,1
605806,1
606028,1
606069,1
606167,1
606459,1
606847,1
606852,1
606923,2
606959,1
607460,1
607621,1
607673,1
607715,1
607868,2
607994,1
608139,1
608417,1
608610,1
608862,1
609363,1
609879,1
610090,2
610196,1
610392,1
610685,1
610873,1
610974,1
611068,1
611168,1
611271,3
611602,1
611613,1
611716,1
611883,1
612191,1
612381,1
612413,1
612826,1
613788,1
613900,1
613943,1
614105,1
614768,1
614838,1
615155,1
615724,1
615776,1
615914,1
616169,3
616428,1
616742,1
616767,1
616784,1
617110,1
617481,2
617662,1
617780,1
618076,1
618376,2
618381,1
619186,1
619921,1
620147,1
620205,1
621057,1
621178,1
621413,1
621738,1
622065,1
622527,2
622873,1
623073,1
623690,1
624100,1
624143,1
624244,1
625357,1
625394,1
625512,1
625787,1
625793,1
626180,1
626236,1
626364,1
627486,1
627901,1
628128,1
628140,1
628267,1
628500,1
628669,1
628926,1
629120,1
629422,1
629724,1
629806,1
629953,1
629993,3
630042,1
630134,1
630271,1
630500,1
630541,1
630613,1
630869,1
630936,1
631171,1
631230,1
631368,1
631446,1
631669,1
631691,1
631757,1
632075,1
632968,1
633862,1
633969,1
634063,1
634068,1
634209,1
634714,1
635006,1
635220,1
635848,1
635902,1
635911,1
636391,1
636640,1
637186,1
637246,1
637671,1
637795,1
638391,1
638422,1
638526,1
639519,1
639682,1
639771,1
640095,1
640208,2
640223,1
640325,1
640328,1
640535,1
640536,1
640669,1
641248,1
641278,1
641351,1
641360,1
641685,1
641962,1
642504,2
642673,1
643408,1
644409,1
644628,1
644724,1
644747,1
645127,1
645241,1
645503,1
645740,1
645805,1
645889,1
646128,3
646463,1
646768,1
646979,1
647333,1
647710,1
648018,4
648538,1
648674,1
648874,1
649131,1
649202,1
649209,1
649320,1
649392,1
649798,1
650211,1
650324,1
650349,1
650430,3
650645,1
650691,1
650710,1
651797,1
651824,1
652326,1
652505,1
652734,2
652793,1
653000,1
653040,1
653288,1
653604,1
653824,1
654279,1
654449,1
654526,1
654598,1
655026,1
655165,1
655305,1
655344,1
655869,1
656294,1
656739,1
656895,1
656941,1
657357,2
657552,1
657617,2
657779,3
658005,1
658173,1
658601,1
658612,1
659057,1
659086,2
659363,1
659453,1
660037,1
660353,1
660663,1
661081,1
661157,1
661330,1
661373,1
661524,1
661637,1
661909,1
662302,1
662545,1
662566,1
662837,1
662896,1
663051,1
663949,1
664177,2
665024,1
665029,1
665097,1
665320,1
665387,1
665748,1
665754,1
665837,1
665874,1
666005,1
666024,1
666068,1
666114,1
666175,1
666465,1
666578,1
666683,1
666807,1
667048,1
667132,1
667144,1
667276,1
667304,1
667360,1
667482,1
667519,2
667567,1
667857,1
668022,1
668090,1
668256,1
668391,1
668419,1
668738,1
668763,1
669423,1
669730,1
670114,1
670599,1
670690,1
671212,1
671370,1
671513,1
671662,1
671855,1
672332,1
672477,1
672669,2
672769,1
673139,1
673185,1
673193,1
673514,1
673809,1
674200,1
674246,1
674285,1
675408,1
675506,1
676637,1
676675,2
676817,1
677167,1
677443,1
677476,1
677646,1
677704,2
678099,1
678113,1
678260,1
678338,1
678876,1
678995,1
679128,1
679137,1
679144,2
679269,1
679297,1
679513,1
679720,1
680051,1
680124,1
680210,1
680245,1
680442,1
680789,1
680946,1
681580,1
681816,1
682132,1
682658,1
682724,1
683665,1
683988,1
684102,1
684109,1
684180,1
684196,1
684218,1
684364,1
684781,1
684822,2
684948,1
685065,2
685203,1
685609,2
685718,1
685874,1
686072,1
686075,1
686190,1
687076,2
687847,1
687995,2
687996,1
688309,1
688525,1
688589,1
689163,1
689198,1
689511,1
690017,1
690269,1
690586,1
691495,1
691834,1
691952,1
692360,1
692418,1
692459,1
692538,1
692635,1
692644,1
693059,1
693496,1
693596,2
693717,1
693824,1
694043,1
694063,3
694244,1
694289,1
694420,1
694699,1
694733,1
695177,1
695294,1
695422,1
695515,1
695720,1
696441,1
696611,1
696981,1
697014,1
697131,1
697178,1
697621,1
697707,1
698229,1
699452,1
699636,1
700110,1
700385,1
700961,1
700985,1
700998,2
701128,1
701177,1
701221,1
701292,1
702318,1
702934,1
702989,1
703545,1
703554,1
703698,1
703785,1
704034,2
704231,1
704250,1
704768,1
705404,1
705650,1
705937,1
706186,1
706212,1
706406,1
706549,1
706734,1
706967,2
707366,1
707413,1
707484,1
707567,1
707699,1
707992,1
708312,1
708325,1
708488,1
708570,1
708669,1
708675,1
708746,1
709042,1
709368,2
709451,1
709500,1
709622,1
709680,1
710537,1
710608,1
711195,1
711267,1
711411,1
711564,1
711922,1
712067,1
712232,1
712310,1
712705,1
712836,1
712964,1
713451,1
713525,1
713665,1
713676,1
713715,1
714232,1
714337,1
714940,1
715161,1
715417,1
715491,1
715768,1
716334,1
716695,1
717197,1
717363,1
717901,1
717934,1
717992,1
718028,1
718938,1
719023,1
719039,1
719181,1
719641,2
720086,1
720328,1
720690,1
721228,1
721323,1
721858,1
721890,1
721926,1
722355,1
723090,1
723226,1
723723,1
723731,1
724156,1
724433,1
724479,1
724914,1
724959,1
725314,1
725468,1
725836,1
725842,1
726088,1
726447,1
726476,1
727112,1
727159,1
728060,1
728167,1
728407,1
729381,1
729648,1
729956,1
729967,1
730013,1
730047,1
730361,2
730664,1
731031,1
731233,1
731326,1
731333,1
731337,2
731497,1
731973,1
732085,1
732100,1
732291,1
732415,1
732595,1
733074,1
733326,1
733877,1
734158,1
734386,1
734919,1
735125,1
735192,1
735291,1
735684,1
735804,2
735851,1
736329,1
736895,1
736994,1
737061,1
737093,1
737181,1
737250,1
737767,1
737907,1
737941,1
738393,1
738925,1
739307,1
739450,1
739489,1
739582,1
739984,1
740090,1
740636,1
741037,1
741106,1
741302,1
741720,1
742554,1
743074,1
743291,4
743698,1
743918,1
743976,1
744063,1
744143,1
744228,2
744411,1
744556,1
744603,1
744738,1
744921,1
744973,1
745319,1
745333,1
745352,1
745532,1
745536,1
745898,1
746020,1
746399,1
746500,1
746990,1
747110,1
747588,1
747616,1
748532,1
748698,1
748770,1
748913,2
749025,2
749226,1
749277,1
749308,1
749447,1
749571,1
750306,1
750553,1
751121,1
751204,1
751272,1
751535,1
752054,1
752444,1
753206,2
753364,1
753439,1
753919,1
754768,1
755254,2
755257,1
755568,1
755844,1
756599,1
757038,1
757041,1
757060,1
757612,1
757881,1
757973,1
758033,1
758077,1
758273,1
759848,2
759887,1
760097,1
760474,1
761129,1
761381,1
761623,1
761683,1
761881,1
762135,1
762297,1
762752,1
762956,1
763230,1
763424,1
763899,1
764664,1
765629,1
765647,1
765740,1
765746,1
766423,1
766670,1
767372,1
767449,1
767530,1
767683,1
767879,1
768163,1
768328,1
769634,1
769909,1
770029,1
770269,1
770287,1
770448,1
770621,1
770655,1
770929,1
770982,1
771134,1
771382,1
772052,1
772196,1
772364,1
772445,1
772570,1
772585,1
772685,1
772818,1
772937,1
773148,2
773314,1
773400,1
773533,1
773875,1
774338,1
774516,1
774577,1
775171,1
775650,1
775653,1
775741,1
776163,1
776387,1
776444,1
776738,1
778125,1
778194,1
778799,1
778854,1
778862,1
779047,2
779534,1
779559,1
779644,1
780031,1
780408,2
780521,1
781417,1
781471,1
781635,1
781659,1
781874,2
781889,1
782102,2
782134,1
783303,1
783410,1
783959,1
784143,1
784229,1
784417,1
784787,1
784999,1
785166,1
785405,1
785492,1
785768,1
786213,2
786909,1
787351,1
787361,1
787477,1
787552,1
787658,1
787730,1
787828,1
788256,1
788456,1
788946,1
789588,1
789729,1
790038,1
790061,1
790199,1
790321,1
790842,2
791494,1
791672,1
791747,1
791994,1
792284,1
792589,1
792602,1
792706,1
793007,1
793037,1
793041,1
793406,1
793565,1
793577,1
794478,1
794640,1
795341,1
795462,1
795879,1
795995,1
796087,1
796298,1
796413,1
796525,1
796540,1
796645,1
796900,1
797416,1
797967,1
798235,1
798295,1
799003,1
799153,1
799474,1
799923,1
800119,2
800279,1
800543,1
800632,1
801020,1
801718,1
801803,1
802130,1
802316,1
802628,1
802681,1
803016,1
803092,1
803393,1
803398,1
804366,1
804625,2
804684,1
805144,1
805252,1
807315,1
807522,2
807580,3
808210,1
808369,1
808515,1
808713,1
808808,1
809093,1
809232,1
809529,1
810075,1
810139,1
810438,1
810617,1
810762,1
810824,1
811177,1
811374,1
811553,3
811889,1
811941,1
812199,1
812287,1
812618,1
812783,1
812976,2
813422,1
813492,1
814130,1
814322,1
814491,1
814566,1
814772,1
814966,1
815524,1
815848,1
815876,1
815910,1
815988,2
816150,1
816243,1
816362,1
816444,1
816673,1
816680,1
817125,1
817160,1
817344,1
817874,1
818094,1
818141,1
818728,1
819943,1
820515,1
820687,1
820752,1
820863,1
821060,1
821473,1
821695,1
821706,1
822086,1
822457,1
822510,2
822838,1
822898,1
823034,1
823150,1
823277,3
823433,1
823594,1
823700,1
824331,1
824612,1
825219,1
825392,1
825803,2
825855,1
826310,1
826656,1
827020,1
827205,2
827785,1
827859,1
828020,1
828643,1
828849,1
828897,1
829059,1
829167,1
829320,1
829483,1
829526,5
829578,1
829698,1
829783,2
829944,1
830515,2
830519,1
830589,1
830847,1
830878,1
830952,2
830995,1
831176,1
831537,1
831629,1
831974,2
831997,1
832169,1
832583,1
833043,1
833072,2
833236,1
833326,1
834048,1
834290,1
834350,1
834796,1
834865,1
834969,1
834999,1
835072,1
835121,1
835139,1
835177,1
835319,1
836408,1
836576,1
836893,1
836961,2
837283,1
837482,1
837573,2
837734,1
838674,1
839731,1
839801,1
840039,1
840042,1
840427,1
840935,1
841146,1
841216,1
841414,1
841488,1
841763,1
841866,1
842205,1
842388,1
842746,1
842881,2
843303,1
843671,1
843738,1
843958,1
843979,2
844008,1
844012,1
844102,1
844960,1
845098,1
845200,1
845364,1
845598,1
845744,1
846063,1
846194,1
846442,1
847902,1
848515,1
849140,1
849295,2
849502,1
849632,1
849872,1
850082,1
850268,1
851520,1
851978,1
852289,1
852409,2
852540,1
852747,1
852750,1
853604,1
853977,1
854252,1
854406,1
854911,1
855022,1
855115,1
855156,1
855348,1
855581,1
855649,1
855656,1
856194,2
856222,1
856836,1
857075,1
857609,2
857809,1
858039,1
858295,2
858450,1
859131,1
859964,1
860411,1
860721,1
860932,1
861044,1
861975,1
862272,1
862516,1
862684,2
863896,1
864213,2
864373,1
864376,1
864410,1
864506,1
864507,1
865076,1
865153,1
865291,1
865481,1
865556,1
865597,1
866330,2
866535,1
866695,1
867375,1
867424,1
867615,1
868013,1
868150,1
868251,1
868286,2
868536,1
868654,1
868690,1
868734,1
869272,1
869390,1
869483,1
869541,1
869592,1
870036,1
870118,1
870488,1
870628,1
870746,1
871161,1
872251,1
872310,1
872320,1
872351,1
872479,1
872712,1
872826,1
872946,1
873159,1
873584,2
873687,1
873739,1
873919,1
873990,1
874148,1
874744,1
874898,1
875116,1
875174,1
875218,1
875297,1
875330,1
875618,1
876117,1
876449,1
876694,1
876802,1
876877,1
876920,1
877163,1
877585,1
877641,1
877806,1
877919,1
878309,1
878386,1
878399,1
878612,1
879060,2
880792,1
881351,1
881608,1
881640,1
881777,1
881827,1
882547,1
883126,1
883228,1
883328,1
883348,1
883647,1
883855,1
884058,1
884095,1
884494,1
884726,1
884885,1
885100,1
885108,1
885196,1
885248,1
885516,1
885648,2
885724,1
885731,1
885856,1
886516,1
886819,1
886975,1
887133,1
887397,1
887454,1
887504,1
888126,1
889020,1
889301,1
890117,1
890772,1
891264,1
891558,1
891566,1
891664,1
892048,1
892721,1
892749,1
893057,1
894159,1
895123,1
896466,1
896475,1
896766,1
897369,1
897643,1
897678,1
897921,1
897931,1
898057,1
898335,1
899122,1
899175,2
899242,1
899325,1
899645,2
899878,1
899988,1
900097,1
900690,1
900947,1
901084,1
901113,1
901168,1
901365,1
901795,1
902512,1
903365,1
904364,1
904614,1
904680,1
904724,1
904737,1
904790,2
905328,1
905507,1
905655,1
905683,1
905716,1
905725,1
905772,1
905853,1
905857,1
906671,2
906763,1
907023,1
907063,1
908172,1
908250,1
908695,1
908716,2
908880,1
908960,1
909104,1
909587,1
909674,2
911566,2
912252,1
912741,1
912821,2
912835,1
913047,1
913281,1
913526,1
913564,1
914316,1
914826,1
914968,1
915037,1
915273,1
915431,1
915606,3
915731,1
915939,1
916064,1
916075,1
916201,1
916653,1
916841,1
916987,1
917273,1
917327,1
917449,1
917945,1
918614,1
918617,1
918661,1
918856,1
919017,1
919039,1
919634,1
919635,1
920616,2
920747,1
920841,1
920884,1
921145,1
921217,1
921573,1
921609,1
921728,1
922226,1
922574,1
922814,1
922988,1
923336,1
923759,1
923876,1
923880,1
924196,1
924885,1
924985,1
925215,1
925311,1
925330,1
925412,1
925560,1
926242,1
926409,1
926513,1
926648,1
926653,1
926759,1
927065,1
927168,2
927220,1
927533,1
927609,1
927841,1
927904,1
928116,2
928164,1
928742,1
928780,1
928812,1
929353,1
929772,1
929833,1
930215,1
930578,1
930669,1
931655,4
931724,1
931883,1
932156,2
932199,1
932290,1
932500,1
932976,1
933389,1
933465,1
934045,1
934172,1
934490,1
935155,1
935471,1
935897,1
936006,2
936069,1
936147,1
936176,1
936421,1
936456,1
937114,1
937169,1
937328,1
937705,1
938411,1
938453,2
939291,1
939704,1
939815,2
939816,1
939977,1
940070,1
940133,1
940619,1
940809,1
941041,1
941331,1
941453,1
941497,1
941763,1
941794,1
943553,1
943597,1
943893,1
944302,1
944361,1
944506,1
944727,1
945191,1
945367,1
945703,1
945734,1
946044,1
946347,1
946369,1
946421,1
946619,1
946727,1
946757,1
946826,1
946844,1
947110,2
947230,1
947523,1
947827,1
947871,1
948799,1
948896,1
949228,3
949560,2
949741,1
949859,1
949950,1
950328,1
950469,1
950759,1
951129,2
951187,1
951549,1
952007,2
952036,1
952263,1
952283,1
952446,1
952515,1
952655,1
952783,2
953105,1
953371,1
953468,1
953689,1
953994,1
954095,1
954102,2
954416,1
954732,1
955011,1
955238,1
955708,1
956930,1
957312,1
957321,2
957488,1
957792,1
957994,1
958174,1
959590,1
959733,1
960753,1
960946,1
961094,1
961375,1
961496,1
961599,1
961619,1
962130,1
962340,1
962502,1
962530,1
963151,1
963413,1
963490,1
963645,1
963647,1
963773,2
963782,1
963826,1
963873,2
964167,1
964386,1
964823,1
964912,1
965798,1
965994,1
966001,1
966302,1
966361,1
966511,1
966764,1
966856,1
966990,1
967362,1
967369,1
967816,1
968212,1
968654,1
969146,1
969646,1
969673,1
969838,1
969993,1
970071,1
970587,1
971589,1
971601,1
971717,1
971731,1
972014,1
972382,1
972442,1
972456,1
972891,1
973058,1
973269,4
973379,1
973682,1
973709,1
973964,1
974206,1
974569,1
974662,1
975235,1
975457,1
976007,1
976425,1
976803,1
976935,1
977348,1
977413,1
978196,2
978306,1
978899,2
979966,1
979984,1
980367,1
980842,1
981006,1
981375,1
981514,1
981645,1
981873,1
981915,1
982868,1
983387,1
983944,1
984760,1
984893,1
985197,1
985552,1
985800,1
986185,1
986759,1
987021,1
987360,1
987457,1
987638,2
987837,1
988098,1
988441,1
990069,1
990325,1
990736,1
991265,1
991378,1
991591,1
991693,1
992373,1
992533,1
992991,1
993399,2
993556,1
993972,1
994676,1
994691,1
995404,1
995707,3
995948,1
996970,1
997128,1
997157,3
997998,1
998036,1
998676,2
999232,1
999523,1
999845,1
1001682,1
1001890,1
1001913,2
1001948,1
1002015,1
1002461,1
1003147,1
1003261,1
1004261,2
1005544,1
1005638,1
1006477,5
1007202,1
1007361,1
1007628,1
1007702,1
1008252,2
1008320,1
1008395,1
1008651,1
1008776,1
1008889,1
1008895,1
1009114,1
1009397,1
1010008,1
1010159,1
1010404,1
1010467,1
1010989,1
1011603,1
1011712,1
1012243,1
1012256,1
1012519,1
1012772,1
1012917,1
1013690,1
1014357,1
1014428,1
1015349,1
1015758,1
1016047,1
1016218,1
1016365,1
1016458,1
1016523,2
1016746,1
1016802,1
1017279,1
1017726,1
1017762,1
1018141,1
1018447,1
1019134,1
1019198,2
1019780,1
1019875,2
1020430,1
1020496,1
1020705,1
1021269,1
1021332,1
1021512,1
1022757,1
1022844,1
1023032,1
1023607,1
1024028,1
1024162,1
1024246,1
1024284,1
1024292,1
1025117,1
1025241,1
1025800,1
1026046,1
1026551,1
1027111,1
1027300,1
1027364,1
1027823,1
1027859,1
1027886,1
1028226,1
1028244,1
1028650,1
1028688,1
1028756,1
1029134,1
1029155,1
1029200,1
1029205,1
1029298,2
1029586,1
1029770,1
1029994,1
1030688,1
1031042,1
1031515,1
1031940,1
1032291,1
1032370,1
1032692,2
1033514,1
1033613,1
1034024,1
1034910,1
1035583,1
1035653,1
1036069,1
1036340,1
1036478,2
1036561,2
1037067,1
1037088,1
1037138,1
1037526,1
1037590,1
1037931,1
1038267,1
1040252,1
1040271,1
1040459,1
1040797,1
1040871,1
1040903,1
1040943,1
1041215,1
1041312,1
1041792,1
1041863,1
1042131,1
1042301,1
1042866,1
1042946,2
1043285,1
1043908,1
1045636,1
1045977,1
1046027,1
1046124,1
1046227,1
1046415,1
1046585,1
1046787,1
1047135,1
1047337,1
1047398,1
1047502,1
1047696,2
1047859,1
1047895,2
1047922,1
1048205,1
1048314,1
1048498,1
1048669,1
1049442,1
1050213,1
1050232,1
1050712,1
1050936,1
1050937,1
1051402,1
1051838,1
1053153,1
1053622,1
1053891,1
1054469,1
1055719,1
1055731,1
1055967,1
1056731,1
1056756,1
1057103,1
1057756,1
1057784,1
1058537,1
1058934,1
1059099,1
1059149,1
1059363,1
1059453,1
1059798,1
1059914,1
1060032,1
1060436,1
1060507,1
1060669,1
1061095,1
1061922,2
1062408,1
1062518,1
1063624,1
1064832,1
1064878,1
1064917,1
1064928,1
1065271,1
1065555,1
1066085,1
1066439,1
1066486,1
1066649,1
1066883,1
1066963,1
1067672,1
1067855,1
1068089,1
1068265,1
1068295,1
1068477,1
1068531,1
1068675,1
1069028,1
1069210,1
1069318,1
1069495,1
1069899,1
1071322,1
1071837,1
1072711,1
1073273,1
1073299,1
1073881,1
1075032,1
1075116,1
1075584,1
1075694,1
1076779,1
1077319,1
1077405,1
1077480,1
1077485,1
1077520,1
1077648,1
1077971,1
1078123,1
1078320,2
1078345,1
1079061,1
1079312,2
1080370,1
1080411,1
1080430,1
1080592,1
1080789,1
1080837,1
1081478,1
1081849,1
1082334,1
1082590,1
1082650,1
1083040,1
1083215,1
1083228,1
1083307,1
1084056,1
1084089,1
1084541,1
1084920,1
1085104,1
1085902,1
1085910,1
1086005,1
1086155,1
1086317,1
1086421,1
1086617,1
1087128,3
1087165,1
1087430,1
1088987,2
1090632,1
1090754,1
1091072,2
1091304,1
1092423,1
1093186,1
1093806,1
1094150,1
1094804,1
1094878,1
1095008,1
1095328,1
1095642,1
1095866,1
1096010,1
1096161,1
1096222,1
1096616,3
1097038,1
1097371,1
1097578,2
1097932,1
1098110,1
1098280,1
1098408,2
1098500,1
1099068,1
1099609,1
1100280,1
1100381,1
1100408,2
1100440,1
1100522,1
1101362,1
1101828,1
1102097,1
1102145,1
1102723,1
1102763,1
1103087,1
1103336,1
1103477,1
1103984,1
1104419,1
1104667,1
1105515,1
1105554,1
1105899,1
1105965,1
1106239,1
1106428,1
1106500,1
1106629,3
1107151,1
1107339,1
1107541,1
1107865,1
1108173,1
1110025,1
1110337,1
1110398,1
1110676,1
1110768,1
1111118,1
1111356,1
1111538,1
1111598,1
1111743,1
1112623,1
1112671,1
1112854,1
1113045,4
1113954,1
1114117,1
1114467,1
1114542,1
1115716,1
1115728,1
1115811,1
1116116,1
1118270,1
1118508,1
1118784,1
1120448,1
1120478,1
1120569,1
1121074,1
1121418,1
1121500,1
1121581,1
1122523,1
1123124,1
1123992,1
1124024,1
1124835,1
1126483,1
1126819,1
1126928,1
1128031,1
1128055,1
1128414,1
1128630,1
1128784,1
1128822,1
1129322,1
1129476,1
1129524,1
1129902,1
1129967,1
1130103,2
1130210,1
1130491,1
1130694,1
1130717,1
1130906,1
1130921,2
1131536,1
1131567,2
1131944,1
1131967,1
1132106,1
1132466,1
1133053,1
1133892,1
1134016,1
1134086,1
1134568,1
1134611,1
1134738,2
1134748,1
1135075,1
1136114,1
1136316,1
1136529,1
1136557,1
1136971,1
1137065,1
1137108,1
1137273,1
1137510,1
1138417,1
1138433,1
1138453,1
1138455,1
1138587,1
1138779,1
1138805,1
1139517,1
1139881,1
1140384,1
1141028,1
1141198,1
1141573,1
1141636,1
1141680,1
1142033,1
1142313,1
1142569,1
1142706,1
1142830,1
1143304,1
1143712,1
1143916,1
1144056,1
1144358,1
1144419,1
1144727,1
1144890,1
1145161,1
1145226,1
1145361,1
1145635,1
1145989,1
1146007,1
1146014,1
1146156,1
1146412,1
1146876,1
1147078,1
1147328,1
1147449,1
1147767,1
1147858,1
1147941,1
1148268,1
1148298,1
1148376,1
1148410,1
1149200,1
1149213,1
1149246,1
1149737,1
1150276,1
1151071,1
1151206,1
1151394,1
1151557,1
1151760,1
1151818,1
1152011,1
1152021,1
1152102,1
1152750,1
1153183,1
1153337,1
1153368,1
1154929,1
1154993,1
1155192,1
1155573,1
1155764,1
1156489,1
1156571,2
1156676,1
1156771,1
1156793,1
1157043,1
1157147,1
1157180,1
1157207,1
1157248,1
1157344,1
1157440,1
1157580,1
1157798,1
1158172,1
1158185,1
1158253,1
1158422,1
1158733,2
1158956,1
1159133,1
1159212,1
1160069,1
1160097,1
1160316,1
1160417,1
1160608,1
1160935,1
1160963,1
1161104,1
1161222,2
1161940,1
1162017,2
1162120,1
1162160,1
1162230,1
1163295,1
1163485,1
1163510,1
1163715,1
1163717,1
1163738,1
1163856,1
1163980,1
1164565,1
1165138,1
1165598,1
1165788,1
1166143,1
1166263,1
1166445,1
1166655,1
1167062,1
1167090,1
1167525,1
1167629,1
1168175,1
1168203,1
1168344,1
1168612,1
1168853,1
1169123,1
1169162,1
1169417,1
1171066,1
1171407,1
1171608,1
1171956,1
1172526,1
1172710,1
1172901,1
1173058,1
1173230,1
1173501,1
1173886,1
1174343,2
1174461,1
1174582,1
1174646,3
1174866,1
1175190,1
1175244,1
1175275,1
1175584,1
1175921,1
1176012,1
1176222,1
1176870,1
1176922,1
1177147,1
1177304,1
1177862,1
1178003,1
1178733,1
1179138,1
1179442,1
1180736,1
1180956,1
1181420,1
1181661,1
1182593,1
1182738,2
1182785,1
1182927,1
1183619,1
1183636,1
1184239,1
1184478,1
1184700,1
1185269,1
1185346,1
1185585,1
1185635,1
1185905,1
1185906,1
1186084,1
1186102,1
1186125,1
1186129,1
1186147,1
1186197,1
1186240,1
1186658,1
1187845,1
1188278,1
1188565,1
1188812,1
1189149,1
1189640,1
1189716,1
1189768,1
1189869,1
1190450,1
1190648,1
1190687,1
1190944,1
1190995,1
1191135,1
1191285,1
1191662,1
1192057,1
1192339,1
1192527,1
1192528,1
1192572,1
1192888,1
1193282,1
1193295,1
1193368,1
1193849,1
1193882,1
1194669,1
1194855,1
1195033,1
1196012,1
1196098,1
1196562,1
1196565,1
1196837,1
1197137,1
1197433,1
1197923,1
1198158,1
1198364,2
1198848,2
1198913,1
1198975,1
1199611,1
1199655,1
1199723,1
1200566,1
1200759,1
1200832,1
1200871,1
1201644,1
1201793,1
1201969,1
1202012,1
1202149,1
1202333,2
1202528,2
1202619,2
1202959,1
1202965,1
1203825,1
1203851,1
1203881,1
1203920,2
1203923,1
1203991,1
1204698,1
1205020,1
1205023,1
1205171,1
1205386,2
1205394,1
1205444,1
1205871,1
1205898,1
1206493,1
1206980,1
1206987,1
1207380,1
1207385,1
1208344,1
1208758,1
1208858,1
1209158,1
1209285,1
1209810,1
1210641,1
1210658,1
1210661,1
1211207,1
1211228,1
1211498,1
1212509,1
1212885,2
1212959,1
1213142,1
1213442,1
1213518,1
1213587,1
1214275,1
1214559,1
1214641,1
1215104,1
1215125,1
1215213,1
1215986,1
1216162,1
1216433,1
1216493,1
1216594,1
1216626,1
1216908,1
1217472,1
1217690,1
1217741,1
1217953,1
1218087,1
1218433,1
1219073,1
1219398,1
1219650,1
1219817,1
1219990,1
1220217,1
1221067,1
1221372,1
1222165,1
1222231,1
1222362,1
1222451,1
1222646,3
1223285,1
1223300,1
1223476,1
1223859,1
1223946,1
1223983,1
1224006,1
1224709,1
1224811,1
1225014,2
1225198,1
1225343,2
1225749,1
1226059,1
1226100,1
1226260,1
1226384,2
1226415,1
1226445,1
1226638,1
1226749,1
1226825,1
1226910,1
1226972,1
1227222,1
1227759,1
1227939,1
1227954,1
1228484,1
1228807,1
1228987,1
1229367,1
1229521,1
1229737,1
1230100,1
1231441,1
1231855,1
1231935,1
1232340,1
1232587,1
1232999,1
1233188,1
1233439,1
1233481,1
1233935,1
1234326,1
1234453,1
1234808,1
1234944,1
1235097,1
1235307,1
1235454,1
1235647,1
1236435,1
1236561,1
1236620,1
1236671,1
1236790,1
1236883,1
1237191,1
1237450,1
1237723,1
1237899,1
1238183,1
1238788,1
1239359,1
1239401,1
1240238,2
1240382,1
1240398,1
1240652,1
1241198,1
1241511,1
1242091,1
1243005,1
1243023,1
1243079,1
1243092,1
1243428,1
1243479,1
1243921,1
1244112,1
1244235,1
1244599,1
1244603,1
1244690,1
1244792,1
1246139,1
1246285,1
1246486,1
1246794,1
1246795,1
1247658,1
1248413,1
1249760,1
1249777,1
1249988,1
1250162,1
1250185,1
1250307,1
1250314,1
1251024,1
1251259,1
1251825,1
1252066,1
1252126,1
1252399,1
1252956,1
1253009,1
1253817,1
1253936,1
1254022,1
1254028,1
1254162,1
1254427,1
1254493,1
1254588,1
1255062,2
1255709,1
1256298,1
1256508,1
1256627,1
1256832,1
1257192,1
1257206,1
1257835,1
1257842,1
1257913,1
1258707,1
1259952,1
1260124,1
1260149,1
1260178,1
1260461,1
1260554,1
1261421,1
1261496,1
1261725,1
1261876,1
1261887,1
1262712,1
1263270,1
1263440,1
1263486,2
1264192,1
1264759,1
1264761,1
1265038,1
1265435,1
1265448,1
1265483,1
1265646,1
1265726,1
1265863,1
1265995,1
1266205,1
1266404,1
1267050,1
1267186,1
1267483,1
1268018,1
1268556,1
1268745,1
1268976,1
1268991,1
1269020,1
1269046,1
1269157,1
1269832,1
1269880,1
1269969,1
1270299,1
1270317,1
1271040,1
1271146,2
1271289,1
1271349,1
1272029,1
1272922,1
1272943,1
1272980,1
1273273,1
1274037,1
1274722,1
1274764,1
1275206,2
1275491,3
1276421,1
1276702,1
1276798,1
1277035,1
1277089,1
1277117,1
1277811,1
1278008,1
1278445,1
1278995,1
1279486,1
1279564,1
1280022,1
1280061,1
1280258,1
1280742,1
1280922,1
1281218,1
1282116,1
1282315,1
1282691,1
1282980,1
1283109,1
1283328,1
1283556,1
1284324,1
1284466,1
1284973,1
1285136,1
1285296,1
1285546,1
1285652,1
1286254,1
1286668,1
1286674,1
1286768,1
1287180,1
1288038,1
1288090,1
1288716,1
1289028,1
1289165,1
1289207,1
1289514,1
1289794,1
1289884,1
1290052,1
1290165,1
1290231,1
1290234,1
1291108,1
1291396,2
1291671,1
1292082,1
1292556,1
1292956,1
1293090,1
1293145,1
1293187,1
1294257,1
1294297,1
1294707,1
1295197,1
1295244,1
1295337,1
1295639,2
1295873,1
1295883,1
1295890,1
1296162,1
1296369,1
1296705,1
1296726,1
1296882,1
1297371,1
1297448,1
1297598,1
1297734,1
1297788,1
1299073,1
1299401,1
1299411,1
1299717,1
1299728,1
1300022,2
1300387,1
1300408,1
1300844,1
1301147,1
1301152,2
1301335,1
1301586,1
1302212,1
1302313,1
1302542,1
1302641,1
1302979,1
1303154,1
1303385,1
1303668,1
1303957,1
1303967,1
1304766,1
1304876,1
1304918,1
1305185,1
1305972,1
1306575,1
1306635,1
1306870,1
1307289,1
1307314,2
1307460,1
1307633,1
1307745,2
1307809,1
1307927,1
1308419,1
1308450,1
1308591,1
1309029,1
1309035,1
1309177,1
1309544,1
1309744,1
1309829,1
1309841,1
1310437,1
1311078,1
1311555,1
1311594,1
1311679,1
1312112,2
1312258,1
1312662,1
1312824,1
1312968,1
1313497,1
1313500,1
1313578,1
1313624,1
1314854,2
1315101,6
1315331,1
1316992,1
1317121,1
1317267,1
1317457,1
1317792,2
1317846,1
1317847,1
1318579,1
1319502,1
1319633,1
1320357,1
1321596,1
1321892,1
1322974,2
1322983,1
1323536,2
1324225,3
1324692,1
1325411,1
1325482,1
1325502,1
1325560,1
1325813,1
1325915,1
1326112,1
1326521,1
1326575,1
1327050,1
1327155,3
1327215,1
1328129,1
1328417,1
1328699,1
1328814,1
1328916,1
1328979,1
1330045,2
1330321,1
1330522,1
1330668,3
1330851,1
1331981,1
1332043,1
1332095,1
1332320,1
1332395,1
1333214,1
1333483,1
1333608,1
1333663,1
1333960,1
1334111,1
1334295,1
1334409,1
1334898,1
1335359,1
1336701,1
1336703,1
1336862,1
1337046,1
1337259,1
1337867,1
1338257,1
1338731,1
1338823,1
1338958,1
1339276,1
1339483,1
1339925,1
1341071,1
1341084,2
1341446,2
1343140,1
1343797,1
1343979,1
1344084,1
1346143,1
1346559,1
1346676,1
1348560,1
1348691,1
1348793,1
1348987,1
1349199,1
1349282,1
1349371,1
1349578,1
1349865,1
1351499,1
1351571,1
1351814,1
1352729,1
1352934,1
1353258,1
1356005,1
1356263,2
1356335,1
1356513,1
1357198,1
1357510,1
1357885,1
1358361,1
1358764,1
1359581,1
1360238,1
1360357,1
1360438,1
1363104,1
1363287,1
1363772,2
1364213,1
1364479,1
1364952,1
1365231,1
1365334,1
1365584,1
1365881,1
1365912,1
1366654,1
1367199,1
1367798,1
1367952,1
1367968,1
1368733,1
1369770,1
1370199,1
1370732,1
1370918,1
1371925,1
1372328,1
1372431,1
1373010,1
1374161,1
1375006,1
1375008,1
1375137,1
1376026,1
1376043,2
1376088,1
1376924,2
1377307,1
1377567,1
1377772,1
1378002,1
1378165,1
1378201,1
1378718,1
1379666,1
1379701,1
1380496,1
1380777,1
1381261,1
1381313,1
1381629,1
1381736,1
1382102,1
1382156,1
1382452,1
1382553,1
1382556,1
1382903,1
1383363,1
1383798,1
1383861,1
1383864,1
1383932,1
1384090,1
1384478,1
1384638,1
1384790,1
1384908,1
1385263,1
1385356,1
1385374,1
1385427,1
1385518,1
1385900,1
1386930,1
1386931,1
1387106,1
1387165,1
1387386,1
1388179,1
1388680,1
1389369,1
1389609,1
1389619,1
1389808,1
1389894,2
1390347,1
1390382,1
1390709,1
1390808,1
1391030,1
1391101,1
1391197,1
1391330,1
1391482,1
1391608,1
1391715,1
1391716,1
1391925,1
1392222,1
1392398,1
1393495,1
1394282,1
1394648,1
1394879,1
1396388,1
1398263,1
1398427,1
1399231,1
1399796,1
1400401,1
1401288,1
1401589,1
1401630,1
1401817,1
1401989,1
1402100,1
1402241,1
1402405,1
1402924,1
1403048,1
1403741,1
1403744,1
1403779,1
1404232,1
1404289,1
1404810,6
1404818,1
1404846,1
1407280,1
1407980,1
1408020,1
1408859,1
1408922,1
1409643,1
1409734,1
1409844,1
1409924,1
1410004,1
1410358,2
1410895,1
1411774,1
1412073,1
1412469,1
1412705,1
1412813,1
1413056,1
1413408,1
1413412,2
1413468,1
1413547,1
1413873,1
1414207,1
1414307,1
1414385,1
1415027,1
1415602,1
1415981,1
1416706,1
1417717,1
1418185,1
1418735,1
1418791,1
1419010,1
1419779,1
1420884,1
1420974,1
1421092,1
1421702,1
1423005,1
1423115,1
1423642,1
1424663,1
1425259,2
1425453,1
1425636,1
1426681,1
1426823,1
1426824,1
1426848,1
1427081,2
1427117,1
1427241,1
1427530,1
1427761,1
1428838,1
1429315,2
1429458,1
1429641,1
1429690,1
1430279,3
1430820,1
1430875,1
1430979,1
1431035,1
1431337,1
1431555,1
1431557,1
1431570,1
1431969,1
1432186,1
1432730,1
1433023,1
1433066,1
1433080,1
1433775,1
1434734,1
1434736,1
1434745,1
1434802,1
1435378,1
1435391,1
1435395,1
1436265,1
1436309,1
1436675,1
1436853,1
1437003,1
1437056,1
1437058,1
1438610,2
1438884,1
1439341,3
1439770,1
1440751,1
1440785,2
1440846,1
1441140,1
1442484,1
1443067,1
1443449,2
1443499,1
1443504,1
1443911,1
1444499,1
1444526,2
1444844,1
1445635,1
1445753,1
1445984,1
1446186,1
1446221,3
1446531,1
1446793,1
1447163,1
1447303,1
1447416,1
1447492,1
1447847,1
1447882,1
1448666,1
1448859,1
1448896,1
1449065,1
1449133,1
1449193,1
1449512,1
1449826,1
1450004,1
1450169,1
1450685,2
1450836,1
1450984,2
1451095,1
1451125,1
1451365,1
1451824,2
1451894,1
1451920,2
1452146,1
1452613,1
1453118,1
1453151,1
1453344,1
1455148,1
1455535,1
1455673,1
1455697,1
1455846,2
1456118,1
1456708,1
1456913,1
1457095,1
1457446,1
1458084,1
1459603,2
1459866,1
1459994,1
1460917,1
1460997,1
1461331,1
1462441,1
1462548,1
1462574,2
1462706,2
1462796,1
1463347,1
1463553,1
1463626,1
1465106,1
1465302,1
1465605,1
1465768,1
1465841,1
1466386,1
1466545,1
1466943,1
1467072,1
1467158,1
1467340,1
1467889,1
1468889,1
1469560,1
1469613,1
1469638,1
1470625,1
1470769,1
1471305,1
1472110,1
1472250,1
1472352,1
1472485,1
1473254,1
1473433,1
1473535,1
1473644,1
1474466,1
1474479,1
1474509,1
1474734,1
1474848,1
1475830,1
1476029,1
1476105,1
1476868,1
1478103,1
1478194,1
1478800,2
1479163,1
1479283,1
1479448,1
1479468,1
1479528,1
1479804,1
1479980,1
1480128,2
1480253,1
1480321,1
1480980,1
1481125,1
1481135,1
1481350,1
1481523,1
1482313,1
1482681,1
1483350,1
1483385,1
1483492,1
1484002,1
1484692,3
1484868,1
1485640,1
1485680,1
1485753,1
1485767,1
1485873,1
1485998,1
1486562,1
1486609,1
1487073,1
1487413,1
1487505,1
1487616,1
1487875,1
1487889,1
1488195,1
1488490,1
1488837,1
1489284,1
1489309,1
1489465,1
1490081,1
1490287,1
1490347,3
1490533,1
1491315,1
1491451,1
1492044,1
1492127,1
1492322,1
1494347,1
1494611,1
1496235,1
1497140,1
1497203,1
1497212,1
1497361,1
1497626,1
1498529,1
1498607,1
1499214,1
1499446,1
1500037,1
1500092,1
1500309,1
1500446,1
1500881,1
1501017,1
1501100,1
1501176,1
1501599,1
1502034,1
1502505,1
1503609,1
1505227,1
1505715,1
1505907,1
1506493,2
1506900,1
1507086,1
1509002,1
1509566,1
1509692,1
1509831,1
1510460,1
1511446,1
1512341,1
1512551,1
1513130,1
1513478,1
1514479,1
1514568,1
1515419,1
1515437,1
1515638,1
1515942,1
1516001,1
1517363,1
1517445,1
1517978,1
1518021,1
1518068,1
1518637,1
1519232,1
1519747,1
1519866,1
1519870,1
1520407,1
1520602,1
1520776,1
1521110,1
1521802,1
1522729,1
1522741,1
1523060,1
1523099,1
1523204,1
1523477,1
1523598,1
1523789,1
1524134,1
1524501,2
1524522,1
1524722,1
1525481,1
1525555,1
1525767,1
1526224,1
1526646,1
1526786,1
1526883,1
1526945,1
1527181,1
1527315,1
1527385,1
1527402,1
1527995,1
1528425,1
1528477,1
1528523,1
1529009,1
1529077,1
1529258,1
1529580,1
1530410,1
1530531,1
1530684,5
1530768,1
1530997,1
1531573,1
1531662,1
1532235,1
1532245,1
1532277,1
1532417,1
1532482,1
1532486,2
1533850,1
1534306,1
1535036,2
1536785,1
1538268,1
1538480,1
1538486,1
1538729,1
1539682,1
1540134,1
1540469,1
1540619,1
1541747,1
1541863,1
1542910,1
1543066,1
1543151,1
1543257,1
1544226,1
1544750,1
1544760,1
1544881,1
1544921,1
1544943,1
1545435,1
1545856,1
1547124,1
1547768,1
1548532,1
1549069,2
1549990,1
1550395,1
1550998,1
1551522,1
1552779,1
1552853,1
1553519,1
1553600,1
1553631,1
1553856,1
1554127,1
1555092,1
1555858,1
1556037,1
1556054,1
1556493,1
1556714,1
1558388,1
1559707,1
1560587,1
1560696,1
1561200,1
1561204,1
1561280,1
1561347,1
1561546,2
1562626,1
1562827,1
1563421,1
1565796,1
1565857,1
1565883,2
1565958,1
1566403,1
1567373,1
1567423,1
1567498,1
1567624,1
1568249,1
1569131,1
1569427,1
1569800,1
1569906,1
1570854,1
1570921,1
1570926,1
1571034,1
1571189,1
1571398,1
1571623,1
1571667,1
1571783,1
1571799,1
1571917,2
1572058,1
1573114,1
1573141,1
1573221,1
1573290,1
1573299,1
1573308,1
1573349,1
1573606,1
1573775,1
1573959,3
1574232,2
1574324,1
1574407,1
1575008,1
1575537,1
1575946,1
1576445,1
1577185,2
1577682,2
1577802,1
1578952,1
1579362,1
1579517,2
1580240,1
1580287,1
1580512,2
1580714,1
1580956,2
1581133,1
1581276,1
1581504,1
1581943,1
1582014,1
1582097,1
1583019,1
1583241,1
1583284,1
1583673,1
1584153,1
1584374,1
1584407,1
1585411,1
1585546,1
1585580,1
1585689,1
1585718,1
1586668,1
1586798,1
1586959,1
1587053,1
1588144,1
1588273,1
1588433,1
1588741,1
1588843,1
1588898,1
1588988,1
1589047,1
1589120,1
1590536,1
1590756,1
1593467,1
1593560,1
1593852,1
1594411,1
1594460,1
1594949,1
1595356,1
1595499,1
1595942,1
1596280,1
1597584,1
1597820,1
1598178,1
1605808,1
1606111,1
1607078,1
1607096,1
1607653,6
1608083,1
1609099,1
1609725,1
1610070,1
1610302,1
1610614,1
1610850,2
1611416,1
1611510,1
1611552,1
1611595,1
1611742,2
1612250,1
1612291,1
1612688,1
1614009,1
1614246,1
1614484,1
1614505,1
1615089,1
1615364,1
1616060,1
1616237,1
1616296,2
1616338,1
1617368,1
1617580,2
1617585,1
1617620,1
1618005,1
1618054,1
1618158,1
1618946,1
1619746,1
1620107,1
1621509,1
1621693,1
1621768,1
1622190,1
1622250,1
1622400,1
1622575,1
1622597,1
1622882,1
1623282,1
1623498,1
1623602,1
1623628,1
1623909,1
1624718,1
1624812,1
1624945,1
1625399,1
1625714,1
1625782,1
1625920,2
1626393,1
1626636,1
1627007,1
1628513,1
1629511,1
1629692,1
1629813,1
1630034,1
1630164,1
1630295,1
1630938,1
1631068,1
1631369,1
1632140,1
1632332,1
1633032,1
1633460,1
1633518,1
1633826,1
1634092,1
1634408,1
1635179,1
1635298,1
1635921,1
1636009,1
1636116,1
1636604,1
1636886,1
1637465,1
1637752,1
1638145,1
1638467,1
1638642,1
1638833,1
1639206,1
1639302,1
1640456,1
1641148,1
1641362,1
1641401,1
1641515,1
1641797,1
1641949,1
1642015,1
1642255,1
1642288,1
1642503,1
1643233,1
1643317,1
1643670,1
1643747,1
1644721,1
1645099,1
1645124,1
1645881,1
1646270,1
1646397,1
1646536,1
1646667,1
1646728,1
1646840,1
1646875,2
1647415,1
1648497,2
1649037,1
1649425,1
1651072,1
1651114,1
1651212,1
1651447,1
1651494,1
1651509,1
1651669,1
1651790,2
1652108,1
1652595,1
1653573,1
1654121,1
1654763,3
1655036,1
1655652,1
1655679,1
1655793,1
1655821,1
1656170,1
1656697,1
1656976,1
1657381,1
1658215,1
1659457,1
1659870,1
1660347,1
1660597,1
1660600,1
1661502,1
1661688,3
1662042,1
1662261,1
1662740,1
1662812,1
1663864,1
1664709,1
1664952,1
1665010,1
1665104,1
1665333,1
1665339,1
1665522,1
1665841,1
1666073,1
1666200,1
1666888,1
1667473,1
1667598,1
1667797,1
1667907,1
1668190,1
1670176,1
1670578,1
1670837,1
1671644,1
1671756,1
1672903,1
1674229,2
1674289,1
1675033,1
1675958,1
1676121,1
1676321,2
1676702,1
1676758,1
1677671,1
1677783,1
1679435,1
1679808,1
1680079,2
1680094,1
1680135,1
1680626,1
1680659,1
1681366,1
1681408,1
1681525,1
1681617,1
1681864,1
1681898,1
1682118,1
1682432,1
1682656,1
1682753,2
1682954,1
1683034,1
1683736,1
1684106,1
1686143,1
1686499,1
1686778,1
1687585,1
1687918,1
1688389,1
1688420,2
1688456,1
1688580,1
1688608,1
1689183,2
1689328,1
1689671,1
1689740,1
1689766,1
1690596,1
1690655,1
1692009,1
1692136,1
1692591,2
1693190,1
1694002,1
1694067,1
1694275,1
1694921,1
1695346,1
1695613,1
1695758,1
1695880,1
1696093,1
1697162,1
1697736,1
1697911,2
1698337,1
1698794,1
1698874,1
1699357,1
1699414,1
1700047,1
1700251,1
1700319,1
1700322,1
1700335,1
1701204,1
1702193,1
1702513,1
1702533,1
1702638,1
1702801,1
1703002,1
1703219,1
1703323,1
1703377,1
1703605,1
1703673,1
1703908,1
1704089,1
1704556,1
1704567,1
1704779,1
1705112,1
1706020,1
1706266,1
1707194,1
1707505,1
1707617,1
1707753,1
1707798,1
1708680,1
1708914,1
1709142,2
1709861,1
1709938,1
1710257,1
1710369,1
1710385,1
1710505,1
1710591,1
1710735,1
1711350,1
1711539,1
1711649,1
1712378,1
1713235,1
1714005,1
1714243,1
1714255,1
1714267,1
1714451,1
1714764,1
1714777,1
1716463,1
1716584,1
1716882,1
1717238,1
1718341,1
1718578,1
1719667,1
1720090,1
1720209,1
1720800,1
1721040,1
1721290,1
1721470,1
1721781,1
1721820,1
1722352,1
1722965,1
1723142,1
1723612,1
1724472,1
1726055,2
1726061,2
1726448,1
1726750,1
1727086,1
1727513,1
1729024,1
1729263,1
1729528,1
1729810,1
1730073,1
1730675,1
1730825,1
1730853,1
1731173,1
1731279,1
1731537,1
1731640,1
1731965,1
1732312,1
1732642,1
1733222,1
1733570,1
1733610,2
1733683,1
1734093,2
1735064,1
1735971,1
1736542,2
1736595,1
1737375,1
1737954,1
1738412,1
1738602,1
1739830,1
1740206,1
1740517,1
1740552,1
1740879,1
1741838,1
1742341,1
1743100,1
1743657,1
1744347,1
1745378,1
1745857,1
1746030,1
1746118,1
1746853,1
1747262,1
1747888,1
1748621,1
1748744,1
1750234,1
1750392,1
1750568,1
1751809,1
1752195,2
1752577,1
1753073,1
1753742,2
1754037,2
1754086,1
1754269,1
1754430,1
1754538,1
1754791,1
1754812,1
1755357,1
1755431,1
1755789,1
1756388,1
1756600,1
1756620,1
1756796,1
1757036,1
1757355,1
1757563,1
1757619,1
1757796,1
1758597,1
1759066,1
1759643,1
1759658,1
1760389,1
1761174,1
1762535,1
1763364,1
1763877,1
1764343,1
1764393,1
1764424,1
1764614,1
1764675,1
1765319,1
1765568,1
1766597,1
1767394,1
1767669,1
1767823,1
1767893,1
1768423,1
1768576,1
1769090,1
1769919,1
1770299,1
1770403,1
1770408,1
1770570,1
1771152,1
1771823,1
1771847,1
1772562,1
1772563,1
1772890,1
1773348,1
1773838,1
1773856,1
1774131,1
1776044,1
1776191,1
1776662,2
1777005,1
1777025,1
1777543,1
1777663,1
1777841,1
1778130,1
1778531,1
1779417,1
1780156,1
1781304,1
1781539,1
1782097,1
1782467,1
1783289,1
1783303,1
1783434,1
1783869,1
1784236,1
1784740,1
1785319,1
1785526,1
1785727,1
1786366,1
1786405,1
1787385,1
1787867,1
1788332,1
1788699,1
1790110,1
1790169,1
1790229,1
1790662,1
1790673,1
1791344,1
1791748,1
1792525,1
1793295,1
1794099,1
1794407,1
1794599,1
1794715,1
1795270,1
1795778,1
1796240,1
1797392,1
1798101,1
1799271,1
1799661,1
1800899,1
1800926,1
1801782,1
1803297,1
1803556,1
1803942,1
1804266,1
1806186,1
1806237,1
1806407,1
1808802,1
1809192,1
1810304,1
1810493,1
1810547,1
1810588,1
1810591,2
1811689,1
1811727,1
1812093,1
1812592,1
1812790,1
1812932,1
1813374,1
1813380,1
1813468,1
1813560,1
1813709,1
1814174,1
1814312,1
1814882,1
1815039,1
1815655,1
1815707,1
1816101,2
1816381,1
1816420,1
1816448,1
1816667,1
1817506,1
1817508,1
1818180,1
1818213,1
1818452,1
1819074,1
1819206,1
1819687,1
1821014,1
1821027,1
1821404,1
1821407,1
1821829,1
1822533,1
1823075,1
1823547,1
1824096,1
1824298,1
1824461,1
1824588,1
1825679,1
1826685,1
1827156,1
1827365,1
1827708,1
1827940,1
1828233,1
1829214,1
1829553,1
1830010,1
1830024,1
1830205,1
1830331,1
1830494,1
1831847,1
1832496,1
1832751,1
1833086,1
1833295,1
1833644,1
1833684,1
1834102,1
1834413,1
1834509,1
1835838,1
1836036,1
1836172,1
1836844,1
1837344,1
1837478,1
1837947,1
1838567,1
1838968,1
1839084,1
1839208,1
1840026,1
1840413,1
1840522,1
1840524,1
1840830,1
1840957,1
1841272,1
1842431,1
1843783,1
1844516,1
1845053,1
1846206,1
1846356,1
1847577,1
1847776,1
1847934,2
1848357,1
1848817,1
1849174,1
1849256,1
1849459,1
1850174,1
1850848,1
1850856,1
1850902,1
1850974,1
1851962,1
1852088,1
1853169,1
1854245,1
1854580,1
1854923,1
1855340,1
1855448,1
1855967,1
1855990,1
1856308,1
1856425,2
1857303,1
1857707,1
1858620,1
1859135,1
1859381,1
1859441,1
1861789,1
1861821,1
1862172,1
1862677,1
1862727,1
1862981,1
1863024,1
1863145,1
1863449,1
1863453,2
1863506,1
1863707,1
1863747,1
1863868,1
1864057,2
1864745,1
1865885,1
1866850,1
1867024,1
1867809,1
1869676,1
1870738,1
1870760,1
1871037,1
1871769,1
1872593,1
1874668,1
1874853,1
1875074,1
1876249,1
1876667,1
1876691,1
1876931,1
1878110,1
1878509,1
1879069,1
1879785,2
1880059,1
1880467,2
1880797,1
1880828,1
1881266,1
1881921,1
1882060,1
1882129,1
1882397,1
1883524,1
1883569,1
1884376,1
1884391,1
1884844,1
1885157,1
1885333,1
1885623,1
1885864,1
1885888,1
1886670,2
1887246,1
1887264,1
1887318,1
1887431,1
1887628,1
1888355,2
1889343,1
1889575,1
1890513,1
1892225,1
1892895,1
1893345,1
1894019,1
1894593,1
1894766,1
1894885,1
1895202,1
1895238,1
1895943,1
1896175,1
1896569,1
1896836,1
1897056,1
1897160,1
1897227,1
1898161,1
1898254,2
1898708,1
1899039,1
1899334,1
1900106,1
1900250,1
1900307,2
1900459,2
1900703,1
1900897,1
1901151,1
1901273,1
1901375,1
1901398,1
1901878,1
1901952,1
1903707,1
1903871,1
1904092,1
1904430,1
1904774,1
1904844,1
1905176,1
1906051,1
1906547,1
1906639,1
1906920,1
1907033,1
1907752,1
1907854,1
1908117,1
1908215,1
1908571,1
1908618,1
1908663,1
1908752,1
1908843,1
1909233,1
1909351,1
1909384,1
1909485,1
1909506,2
1909531,1
1909539,1
1909713,1
1910192,1
1910380,1
1910607,1
1911390,1
1911631,1
1911649,1
1911919,1
1911993,1
1912206,1
1912669,1
1913316,1
1914198,1
1914270,1
1914504,1
1915268,2
1915925,2
1916041,1
1916079,1
1916627,1
1917502,1
1918291,1
1918356,1
1918465,1
1918658,1
1919122,1
1919681,1
1919742,1
1919776,1
1919825,1
1920464,1
1921392,1
1921411,1
1924449,1
1924624,1
1925840,1
1926175,1
1926428,1
1926649,1
1926860,1
1927605,1
1927935,1
1928209,1
1928541,1
1928640,1
1928890,1
1929036,1
1929107,1
1929466,1
1929548,1
1929743,1
1930175,1
1930954,1
1931590,1
1931852,1
1932905,1
1933999,2
1934060,1
1934246,1
1934358,1
1934627,1
1934845,1
1935468,1
1935696,3
1935770,1
1935960,1
1935975,1
1936375,1
1936763,1
1936871,1
1937582,1
1937689,1
1937799,1
1938738,1
1939193,3
1940490,2
1940892,1
1943188,2
1943318,1
1944084,1
1944737,1
1944792,1
1945135,1
1945248,1
1945449,1
1947050,1
1947204,1
1947329,1
1947365,1
1948812,1
1948922,1
1950722,1
1950733,1
1951579,1
1952585,1
1953999,1
1954385,1
1955007,1
1956951,1
1957048,3
1957489,1
1957563,1
1957801,1
1958780,1
1958852,1
1959049,1
1959603,1
1965127,1
1965431,1
1965510,1
1967998,1
1968291,1
1970236,1
1970404,1
1970822,1
1971030,1
1972353,1
1972457,1
1972844,1
1973389,1
1973513,1
1974590,1
1974874,1
1974995,1
1975540,1
1976088,1
1976582,1
1976647,1
1977070,1
1977132,1
1977279,1
1977419,1
1978331,1
1978942,1
1979173,1
1979334,1
1980429,1
1980544,1
1981364,1
1983160,1
1983851,1
1984045,1
1984514,2
1984733,1
1985514,1
1985596,1
1986017,1
1987319,1
1987787,1
1988070,1
1988402,1
1988699,1
1990059,1
1991279,1
1991437,1
1993453,1
1995463,1
1995599,1
1995921,1
1997432,1
1997800,1
1998490,1
1998689,1
2000163,1
2000390,1
2002916,1
2003369,1
2004405,1
2004877,1
2005006,1
2005841,2
2005954,1
2006148,1
2006258,1
2006658,1
2006860,1
2007692,1
2008050,1
2010013,1
2010989,2
2011328,1
2015132,1
2016450,1
2016856,1
2018039,1
2018167,2
2018336,1
2019016,1
2020337,1
2021971,1
2022641,1
2022644,1
2022649,1
2022803,1
2023651,1
2024554,1
2024682,1
2026498,1
2028198,2
2029011,1
2029031,1
2029172,1
2029971,1
2030591,1
2031281,1
2031404,1
2032685,1
2032880,1
2033598,3
2033828,1
2035234,1
2036304,1
2036594,1
2036823,1
2038316,1
2039546,1
2039692,1
2040617,1
2040833,1
2040900,1
2041082,1
2041419,1
2041718,1
2042645,1
2043348,1
2044754,1
2045070,1
2047062,2
2047083,1
2047872,1
2049560,1
2051070,1
2051152,1
2051768,1
2052156,1
2052318,1
2052576,1
2052646,1
2052835,1
2053522,1
2053884,1
2053980,1
2054044,1
2054772,1
2056251,1
2056767,1
2058205,1
2058458,1
2058614,1
2058893,1
2060726,1
2063229,1
2063957,2
2066417,1
2066707,1
2067774,1
2069735,1
2070277,1
2071331,1
2071469,1
2071898,1
2072678,1
2073526,1
2074089,1
2076521,1
2077170,1
2077840,1
2077950,1
2079251,1
2079313,1
2079654,1
2079879,1
2079998,1
2080520,1
2081075,1
2081253,1
2081487,1
2083105,1
2083950,1
2084639,1
2085324,1
2085712,1
2085828,1
2085934,1
2086264,1
2086412,1
2087938,1
2087952,1
2088116,1
2088642,1
2089743,1
2089920,1
2090809,1
2091777,1
2092156,2
2093518,2
2093741,1
2094237,1
2095125,1
2095718,1
2096101,2
2098350,1
2098462,1
2098729,1
2099251,1
2100009,1
2101870,1
2103355,1
2103805,1
2103975,2
2104033,1
2104429,1
2106638,1
2108093,1
2109420,1
2109753,1
2109932,1
2110222,1
2110529,1
2110676,1
2111074,1
2111202,1
2112697,1
2115303,1
2115363,2
2115487,1
2115626,1
2116046,1
2116566,1
2116919,1
2117414,1
2117580,1
2117646,1
2119212,6
2120204,1
2122616,2
2123375,1
2123561,1
2124129,1
2124276,1
2124463,1
2125584,1
2125699,1
2127629,1
2127779,1
2128182,2
2128345,1
2128450,1
2130496,1
2131537,1
2133004,1
2133361,2
2133499,1
2134746,1
2135089,1
2135448,1
2136203,1
2136273,1
2136767,1
2137196,1
2139133,1
2140110,1
2140469,1
2141732,1
2142308,1
2142817,1
2143908,1
2144837,2
2145092,1
2145414,1
2145947,1
2146829,1
2148248,1
2148318,2
2149061,1
2149539,1
2149631,1
2151059,1
2152134,1
2152937,1
2154218,1
2154431,1
2155747,1
2156567,1
2156642,1
2157285,1
2158130,1
2158203,1
2159081,1
2159521,1
2160692,1
2160810,1
2162124,1
2162142,1
2164097,1
2164483,1
2165770,1
2168000,1
2169738,1
2170563,1
2171824,2
2172590,1
2175618,1
2177366,1
2179163,1
2179171,1
2180233,1
2181885,1
2182018,1
2182264,1
2184114,1
2184241,1
2184244,1
2185001,1
2185236,1
2185721,1
2186303,2
2187109,2
2187165,1
2189477,1
2189546,1
2190086,1
2191028,1
2191661,1
2192180,1
2192264,1
2192982,1
2193314,1
2194462,1
2196347,1
2196814,1
2197809,1
2197836,2
2198544,1
2199484,1
2202483,1
2203704,1
2204373,1
2204405,1
2204549,2
2204770,1
2208382,1
2209364,1
2209750,1
2210236,1
2211145,2
2211202,1
2212586,1
2212620,1
2214473,1
2214777,1
2216457,1
2217102,1
2218446,1
2218736,1
2218936,1
2219642,1
2221431,1
2221844,1
2222044,1
2222479,1
2222702,1
2223172,1
2223470,1
2223602,1
2223916,1
2224242,1
2224625,2
2224787,1
2226434,1
2227006,1
2227806,1
2228410,1
2228672,1
2229184,1
2229915,1
2230599,1
2230882,1
2230985,1
2231510,1
2232059,1
2232328,1
2232699,1
2232776,1
2233316,1
2233455,1
2233663,1
2233760,1
2234419,1
2234474,1
2234614,1
2235170,1
2236577,1
2237299,2
2237303,1
2238344,1
2239057,1
2239563,1
2240180,1
2240760,1
2244417,1
2244480,2
2245234,1
2245490,1
2245701,1
2246478,1
2246565,1
2247219,1
2247238,1
2247568,1
2248306,1
2248611,1
2250102,1
2250314,1
2250964,1
2252004,1
2252500,1
2254049,1
2254999,1
2255111,1
2255369,1
2255423,1
2255859,1
2256104,1
2256422,1
2256941,1
2257371,1
2258085,1
2262364,1
2262453,1
2263101,1
2263372,3
2263889,1
2264761,1
2265184,1
2268452,2
2270105,1
2271038,1
2271599,1
2273710,1
2274859,1
2276355,3
2276383,1
2277702,1
2279048,1
2280429,1
2280729,1
2281064,1
2281166,1
2281818,1
2281867,2
2283051,1
2283539,1
2283778,1
2284276,1
2284393,1
2284567,1
2285372,1
2285931,1
2286349,1
2286456,2
2286579,1
2287621,1
2287839,1
2289086,1
2289647,1
2289895,1
2289926,1
2290655,1
2292644,1
2292715,1
2292730,1
2293204,1
2293252,1
2294248,1
2294428,1
2295568,1
2297572,1
2299086,1
2299535,1
2301114,1
2302244,1
2302957,1
2303672,1
2303841,1
2305584,1
2306085,1
2306117,1
2306260,1
2306281,1
2306636,1
2307314,1
2308167,1
2308337,1
2308484,1
2308830,1
2308923,1
2309907,1
2314347,1
2314891,1
2316028,1
2316399,1
2316604,1
2316837,1
2317409,1
2317442,1
2317562,1
2318067,1
2320065,1
2320197,1
2321244,1
2321586,1
2321668,1
2322305,1
2322546,1
2323163,1
2323992,1
2325260,1
2326278,1
2327556,1
2327687,1
2328242,1
2330362,1
2331406,1
2331607,1
2333297,1
2334599,1
2334902,1
2337380,1
2337996,2
2338632,1
2339406,2
2341306,1
2344137,1
2346033,1
2346725,1
2346778,1
2347128,1
2348350,1
2348618,1
2348936,1
2351748,1
2352020,1
2352818,1
2352832,1
2352886,1
2355491,1
2355719,1
2356020,1
2356843,1
2358298,1
2358343,1
2358779,1
2359050,1
2362128,1
2362916,1
2363447,1
2363526,1
2363565,1
2363879,1
2365176,1
2365676,1
2365790,1
2367032,1
2367137,1
2368922,1
2369441,1
2370167,2
2370391,1
2370407,1
2371880,1
2372154,1
2374581,1
2374993,1
2375323,1
2377217,1
2377457,1
2378256,2
2379898,1
2382552,1
2383602,1
2385144,1
2386536,1
2386877,1
2387312,1
2387339,2
2387680,1
2389051,1
2389292,2
2390305,1
2392445,1
2393332,1
2393781,1
2393801,1
2394346,1
2394509,1
2394703,3
2396817,1
2397650,1
2398119,1
2398765,1
2399090,1
2401026,1
2401597,1
2402010,1
2403508,1
2404182,1
2404262,1
2404518,1
2405157,1
2405993,1
2406808,1
2408090,1
2409324,1
2409503,1
2409854,1
2410564,1
2411343,1
2411443,1
2412819,1
2413192,1
2414716,1
2417192,1
2417379,1
2417849,1
2418596,1
2418637,1
2420543,1
2420577,1
2420688,1
2423149,1
2423436,1
2423442,1
2424654,1
2425195,1
2428222,1
2429587,2
2429638,1
2430490,1
2430694,1
2433806,1
2435619,1
2435655,1
2435781,1
2437286,1
2438655,2
2439255,1
2439803,1
2440089,1
2440382,1
2440935,1
2441427,1
2441945,1
2442395,1
2443754,1
2444784,1
2445045,3
2446451,2
2446666,1
2446964,1
2447331,1
2448063,1
2448815,1
2452791,1
2453968,1
2455256,1
2456857,1
2457868,1
2457958,1
2459287,1
2459474,1
2459638,1
2460248,1
2461039,1
2461107,1
2461348,1
2463571,1
2464019,1
2464556,1
2465704,1
2465791,1
2467016,2
2467194,1
2467217,1
2467355,1
2467473,1
2470133,1
2473240,1
2474334,1
2475932,1
2476267,1
2479806,1
2480211,1
2482408,1
2484165,1
2484984,1
2485095,1
2485494,1
2487710,1
2488409,1
2492022,2
2492608,1
2492705,1
2492783,1
2493339,1
2493558,1
2493784,1
2494505,1
2495894,1
2496231,1
2498638,1
2500483,1
2501228,1
2504860,1
2504924,1
2505696,1
2506528,1
2507232,2
2507281,1
2511341,1
2511547,1
2514290,1
2518544,1
2518805,1
2519025,1
2519847,1
2519959,1
2520362,1
2521942,1
2522427,1
2522472,1
2523431,1
2523556,1
2523575,1
2524251,1
2524280,1
2525006,1
2525619,1
2526129,1
2526260,1
2526284,1
2527319,1
2528888,1
2529614,1
2531428,1
2532521,1
2532918,1
2535856,1
2538022,1
2539132,1
2540231,1
2541595,1
2541726,1
2543381,1
2546084,1
2546728,1
2547783,1
2549967,1
2551709,1
2551727,1
2552865,1
2553617,1
2555061,2
2555093,1
2555161,1
2555355,1
2556801,1
2558808,1
2560432,1
2561973,1
2562164,1
2566224,1
2566928,1
2569867,1
2571084,1
2571199,1
2571598,1
2573547,1
2573711,1
2574275,1
2574295,1
2575327,1
2575869,1
2576509,1
2576846,1
2578069,1
2578297,1
2579741,1
2580489,2
2582451,1
2582555,1
2583742,1
2584544,1
2585816,1
2585880,1
2587873,1
2588669,1
2588903,1
2588927,1
2590098,1
2590579,1
2591099,1
2591432,1
2595572,1
2596484,1
2597170,1
2597430,1
2598782,1
2599636,1
2600215,1
2601236,1
2601311,1
2601457,1
2603847,1
2603918,1
2604068,1
2604845,1
2606875,1
2607273,1
2607693,1
2607767,1
2607898,1
2609025,1
2609441,1
2609651,1
2609775,1
2611784,1
2613663,1
2614135,1
2614328,1
2617527,1
2619092,1
2620021,1
2621499,1
2622040,1
2623413,1
2623727,1
2624550,1
2624915,1
2625545,1
2625752,1
2626103,1
2628905,1
2630211,1
2631410,1
2631472,1
2631566,1
2631799,1
2633862,1
2634142,1
2634927,1
2636451,1
2637672,1
2639526,1
2640804,1
2640999,1
2641606,1
2642849,1
2643092,1
2644049,1
2644614,1
2644648,1
2645794,1
2646487,1
2647926,1
2647990,1
2648381,1
2648461,1
2649301,1
2650994,1
2652619,1
2654586,1
2655592,1
2655636,1
2657146,1
2657187,1
2658545,1
2659478,1
2662037,1
2664797,2
2665334,1
2666107,1
2666848,1
2666904,1
2668821,1
2669116,1
2670000,1
2671546,1
2671593,1
2671616,1
2672503,1
2673619,1
2674348,1
2675595,1
2675698,1
2676134,1
2676287,1
2677334,1
2678055,1
2680908,1
2680980,1
2681638,1
2682242,1
2682729,1
2682936,1
2683379,1
2683744,1
2684022,1
2685025,1
2686469,1
2687184,1
2687997,1
2688027,1
2688145,1
2688806,1
2690539,1
2692721,1
2694663,1
2694747,1
2694949,1
2695330,1
2695819,1
2696494,1
2697916,1
2698792,1
2698950,1
2699343,1
2699957,1
2699987,1
2700254,1
2700370,1
2700564,1
2701536,1
2702715,1
2702727,1
2702854,1
2705287,1
2705803,1
2706882,1
2706988,1
2711945,1
2714446,1
2715782,1
2715854,1
2716047,1
2716316,1
2716369,1
2716794,3
2719332,1
2719629,1
2721423,1
2725611,1
2726132,1
2727522,1
2728714,1
2733557,1
2735514,1
2737132,2
2737716,1
2741931,1
2742655,1
2743474,1
2746294,1
2747897,1
2747993,1
2748981,1
2750284,1
2752399,1
2752769,1
2753421,1
2753425,2
2753924,1
2754361,1
2754821,1
2755122,1
2755722,1
2757486,1
2757914,1
2758003,1
2758453,1
2758555,1
2759269,1
2759352,1
2760005,1
2761032,1
2761616,1
2762787,1
2763135,2
2764274,1
2764603,1
2765863,1
2766569,1
2766699,1
2767016,1
2767425,1
2768420,1
2768982,1
2770389,1
2771131,1
2771377,1
2774135,1
2775574,1
2777217,1
2777576,1
2778341,1
2778646,1
2780402,1
2781657,1
2781687,1
2782146,1
2782858,2
2784308,1
2784472,1
2785791,1
2786429,1
2786775,1
2786973,1
2787876,1
2788734,1
2789192,1
2789372,1
2789440,1
2790401,1
2793282,1
2794008,1
2794169,1
2794419,1
2796177,1
2797432,1
2797489,1
2798204,1
2798771,1
2803108,1
2803622,1
2803775,1
2805320,1
2806470,1
2806515,1
2809847,1
2810237,1
2811378,1
2811396,1
2811568,1
2815976,1
2816340,1
2817092,1
2817556,1
2821179,1
2821205,1
2821430,1
2821731,1
2822333,1
2822534,1
2822849,1
2823241,1
2823840,1
2824513,1
2824685,1
2825434,1
2826376,1
2826800,1
2827442,1
2827553,1
2827559,1
2828351,1
2828955,1
2829438,3
2829600,6
2833240,1
2833376,1
2833599,1
2833845,1
2834397,1
2836167,2
2836825,1
2837147,1
2843219,1
2844831,1
2845641,1
2847525,1
2847802,1
2849255,1
2851772,1
2852204,1
2852507,1
2852557,1
2852660,1
2854910,1
2854919,1
2856058,1
2856701,1
2856707,1
2857218,1
2857445,1
2860079,1
2860150,1
2864519,1
2864891,1
2866630,1
2866862,4
2869750,1
2871272,1
2871786,1
2872334,1
2874516,1
2875129,1
2875429,1
2876816,1
2877531,1
2878510,1
2879501,1
2881270,1
2881736,1
2883231,2
2883926,1
2884281,1
2885412,1
2887620,1
2887713,2
2891564,1
2891702,1
2892110,1
2893800,1
2895906,1
2896456,1
2896623,1
2897340,2
2898638,1
2900833,1
2902045,1
2902215,1
2905118,1
2906988,1
2907401,1
2908283,1
2908547,1
2910651,5
2911066,1
2911113,1
2911620,1
2911728,1
2912400,1
2912615,1
2912764,1
2913258,1
2913679,1
2913704,1
2914011,1
2914618,1
2915046,1
2915466,1
2916781,1
2918146,1
2918631,1
2918873,1
2921919,1
2922851,1
2923782,1
2927916,1
2927957,2
2929102,1
2931079,1
2931085,1
2931196,1
2931520,1
2931571,1
2931577,1
2934986,1
2935980,1
2936633,1
2937862,1
2938071,1
2939688,1
2940124,1
2940402,1
2940521,1
2940845,1
2941389,1
2945814,1
2945854,1
2946182,1
2947594,1
2947763,1
2947925,1
2948506,1
2948593,1
2950673,2
2951285,2
2951406,1
2955032,1
2955898,1
2959215,1
2959826,1
2961106,1
2961257,1
2962046,1
2962788,1
2963800,1
2965436,1
2967022,1
2969243,1
2970975,1
2971394,1
2973857,1
2974517,1
2974526,1
2974561,1
2974888,1
2975360,1
2977174,1
2977353,1
2977986,1
2978619,1
2978624,1
2979628,1
2980915,1
2981369,1
2981491,1
2982537,1
2983790,1
2983875,1
2985049,1
2986343,1
2987182,1
2987674,1
2988557,1
2989007,1
2989243,1
2989856,1
2991724,1
2993861,1
2995438,1
2995667,1
2997662,1
2997902,1
2998191,1
2999225,1
3000153,1
3000285,4
3000936,1
3001335,2
3001957,1
3002068,1
3002599,1
3003563,1
3005269,1
3006580,1
3007365,1
3011548,1
3011562,1
3011832,1
3015475,1
3015856,1
3016919,1
3017182,1
3018448,2
3019559,1
3019665,1
3020780,1
3022824,1
3026792,1
3026891,1
3028306,1
3028341,1
3030511,1
3030664,1
3032459,1
3033244,1
3035071,1
3036176,1
3037661,1
3038603,1
3039162,1
3040352,1
3040800,1
3041671,1
3041675,1
3042751,1
3043395,1
3045965,1
3046787,1
3046804,1
3047500,1
3047708,1
3049704,1
3053586,1
3053801,1
3054608,1
3054729,1
3054782,1
3055750,1
3055788,1
3058150,1
3059210,1
3059371,2
3059397,1
3060186,1
3061428,1
3062750,1
3064114,1
3064202,1
3065339,1
3066613,1
3067731,1
3068539,1
3068563,1
3069151,1
3069291,1
3070948,1
3073072,1
3073717,1
3076722,1
3077558,1
3078396,1
3079678,1
3082319,1
3082899,1
3083289,1
3083835,1
3084189,1
3084593,1
3084745,2
3085310,1
3085888,1
3086302,1
3087228,1
3088277,1
3089525,1
3092978,1
3097018,1
3097366,1
3099008,1
3099169,1
3099626,1
3099832,1
3099912,1
3100817,1
3101690,1
3102127,1
3102811,1
3102842,2
3103016,1
3104899,1
3105306,1
3105373,1
3106140,1
3106877,1
3108309,1
3108677,1
3109072,1
3109144,2
3109172,1
3109336,1
3109364,1
3111585,1
3112159,1
3112183,1
3112309,2
3112763,1
3114609,1
3115311,1
3115814,1
3116519,1
3116899,1
3117424,1
3118036,2
3118228,1
3120084,1
3120587,1
3121312,1
3122023,1
3123016,1
3124965,1
3125580,1
3127114,1
3127317,2
3128783,1
3128875,1
3128975,1
3129159,1
3129507,1
3129530,1
3131001,1
3131232,1
3132438,1
3134574,1
3134692,1
3135216,1
3136012,1
3136416,1
3136835,1
3138493,1
3138607,1
3139205,1
3139785,1
3140077,1
3140474,1
3140736,1
3142363,1
3143021,1
3143819,1
3143860,1
3146013,1
3146111,1
3146861,1
3147488,1
3147489,1
3147946,1
3148267,1
3148704,1
3149225,1
3149580,2
3149885,1
3151613,1
3152813,1
3153452,1
3154871,1
3155223,1
3156244,1
3157520,1
3158007,1
3159064,1
3159199,1
3159813,1
3160384,1
3162379,1
3162380,1
3162603,1
3163925,1
3165635,1
3166115,1
3166610,1
3168281,1
3168288,1
3170094,1
3170120,1
3170879,1
3171718,1
3173159,1
3174006,1
3175289,1
3176062,1
3178237,1
3181296,1
3182864,1
3183039,1
3183122,1
3184072,1
3184142,1
3185243,1
3185290,1
3185864,1
3185998,1
3186515,1
3187342,1
3187637,1
3188475,1
3188532,1
3188746,1
3189335,1
3189554,1
3192087,1
3192121,1
3192959,2
3192982,1
3193344,1
3193578,1
3195154,1
3195312,1
3195851,1
3196162,1
3197007,1
3197311,1
3198740,1
3199027,1
3199212,1
3199603,1
3200410,1
3200423,1
3200507,1
3201207,1
3201560,1
3202797,1
3204020,1
3205036,1
3205522,2
3206243,1
3208083,1
3208269,1
3211029,1
3211189,2
3212673,1
3213837,1
3214803,1
3214988,1
3215590,1
3216368,1
3216900,1
3218382,1
3220905,1
3221192,1
3222227,1
3225366,1
3227740,1
3227864,1
3228886,3
3230532,1
3231045,1
3231783,1
3232292,1
3234522,1
3234847,1
3237254,1
3237869,1
3238345,1
3239064,1
3239710,1
3241812,1
3242828,2
3243962,1
3244206,1
3246179,2
3247950,2
3248787,1
3249653,1
3249850,2
3250534,1
3251566,1
3252640,1
3253028,1
3253600,1
3253734,1
3255133,1
3255391,1
3255568,1
3256083,1
3259076,1
3260441,1
3261985,1
3263054,1
3264292,1
3264530,1
3265849,1
3266662,1
3267115,1
3267158,1
3267517,1
3269617,1
3272758,1
3273722,1
3273843,1
3274122,1
3274593,1
3275254,1
3275355,1
3275989,1
3276424,1
3277076,1
3277153,1
3277443,1
3277634,2
3279061,1
3279641,1
3280322,1
3280721,1
3282340,1
3284064,1
3285430,1
3286258,1
3288457,1
3290652,1
3291619,1
3294287,1
3295133,1
3295568,1
3297149,1
3297411,2
3297602,1
3297859,2
3298422,1
3299086,1
3301043,1
3302766,1
3303507,1
3303787,1
3304303,1
3306366,1
3308213,1
3308436,1
3308769,1
3309256,1
3309728,1
3310356,1
3310824,1
3311217,1
3312245,1
3313639,1
3313892,1
3314335,1
3314350,1
3314933,1
3315059,1
3315070,1
3315071,1
3316550,1
3316789,1
3317903,1
3318534,1
3319843,1
3319932,1
3321081,1
3321888,1
3322382,1
3324744,1
3326055,1
3333441,1
3333475,2
3337241,1
3337361,1
3338070,1
3338508,1
3340793,1
3341107,1
3341144,1
3343187,1
3343358,1
3343524,1
3344749,1
3344958,1
3345463,1
3347507,1
3348648,1
3349696,1
3350433,1
3351486,1
3352923,1
3354249,1
3356474,1
3358437,1
3358648,1
3358854,1
3359043,1
3359850,1
3359867,1
3362121,1
3362351,1
3362825,1
3363867,1
3368018,1
3369266,1
3369694,1
3370345,1
3370605,2
3371568,1
3372342,1
3372514,1
3372619,1
3372820,1
3372902,1
3375306,1
3375370,1
3375461,2
3376731,1
3376817,1
3378649,1
3380606,1
3381018,1
3381602,1
3381986,1
3382565,3
3383891,1
3384575,1
3385492,1
3386752,1
3387175,2
3388047,2
3388349,1
3389276,1
3389949,1
3390330,1
3390414,2
3391032,1
3391733,2
3392147,1
3394103,1
3394863,1
3395130,1
3395918,1
3396633,1
3397173,1
3398490,1
3398498,1
3399015,1
3399869,1
3400442,1
3401616,1
3401668,1
3402003,1
3402035,1
3405586,2
3407144,1
3407453,1
3407667,1
3408372,1
3409958,1
3409997,1
3410149,1
3410332,1
3410904,1
3411882,1
3414312,2
3415366,1
3416694,1
3417025,1
3418190,1
3418690,1
3419601,1
3420610,1
3421635,2
3422106,1
3422224,1
3422347,1
3422759,1
3424201,1
3424670,2
3425454,1
3427324,1
3427459,1
3428860,1
3430352,1
3431490,1
3432639,1
3432808,1
3433324,1
3435278,1
3436141,1
3437215,1
3438182,2
3438564,1
3440094,1
3440437,1
3440835,1
3442335,1
3443024,1
3443591,1
3444115,1
3445048,1
3447255,1
3449337,1
3449361,1
3449635,1
3451634,3
3452746,1
3453268,1
3454769,1
3455235,1
3455675,1
3455798,1
3456028,1
3457048,1
3457140,1
3457341,1
3457668,1
3460267,1
3463291,1
3463320,1
3463594,1
3464985,1
3465592,1
3466181,1
3466499,1
3466879,1
3467506,1
3468483,1
3471836,2
3472717,1
3473393,1
3475083,1
3475247,1
3475432,1
3476784,1
3478454,1
3479092,1
3480154,1
3480616,1
3480946,1
3481791,1
3483615,1
3485678,1
3488879,1
3489337,1
3490640,2
3491373,1
3491412,1
3492318,1
3494198,1
3494407,1
3494521,1
3496334,1
3498959,1
3502523,1
3502724,1
3502975,1
3504393,1
3504882,1
3506415,1
3507287,1
3508255,1
3509426,1
3510863,1
3511312,1
3511321,1
3511344,2
3512277,1
3513348,2
3514015,1
3514912,1
3515852,1
3516418,1
3517381,1
3517547,1
3517884,1
3518172,1
3518352,1
3519029,1
3519085,1
3519464,1
3520021,1
3520558,2
3521562,1
3521582,1
3522815,1
3524167,1
3524691,1
3526303,1
3526523,1
3526969,1
3527123,1
3527244,1
3527739,1
3529789,1
3531020,1
3532945,1
3533182,2
3533273,1
3534212,1
3535725,1
3535926,1
3536765,1
3537278,1
3538226,1
3538312,1
3540324,1
3542342,1
3542527,1
3551795,1
3558762,1
3578197,1
3578636,1
3578716,1
3579251,1
3580441,1
3582514,1
3582650,1
3584893,1
3586644,1
3587775,1
3588802,1
3590993,1
3592894,1
3593753,1
3593840,1
3594868,1
3594873,1
3595771,1
3595932,1
3596214,2
3597890,1
3598033,1
3599813,1
3603793,1
3603910,1
3605078,1
3605522,1
3607413,1
3609621,1
3609623,1
3610051,1
3610128,1
3612422,1
3613653,1
3613731,1
3616596,1
3617124,1
3618479,2
3620017,1
3621599,1
3623695,1
3624098,1
3624550,1
3624836,1
3624853,1
3627146,1
3627551,1
3627812,1
3629353,1
3630346,1
3630638,1
3631818,1
3635348,1
3637857,1
3639540,2
3639577,1
3639670,1
3643824,1
3644168,1
3646287,1
3647057,1
3647471,1
3647615,1
3647841,1
3648098,1
3648535,1
3649998,1
3650385,3
3650485,1
3650755,2
3652587,1
3657251,1
3658119,2
3660805,1
3661474,1
3662164,1
3662816,1
3663856,1
3664248,1
3664563,1
3664748,1
3664889,1
3665696,1
3666887,1
3670578,1
3670888,1
3670948,1
3671070,2
3671173,1
3671320,1
3674056,1
3674348,1
3674950,1
3675695,1
3676319,2
3677382,1
3677706,1
3679748,1
3680539,1
3681069,1
3681904,1
3684394,1
3685146,1
3687203,1
3687404,1
3690049,1
3690240,1
3690498,1
3691245,1
3691490,10
3692812,1
3693370,1
3696934,1
3698242,2
3699009,1
3700661,1
3703429,1
3703497,1
3704710,1
3705199,1
3705628,1
3706861,1
3707592,1
3707857,1
3709037,1
3709196,1
3709210,1
3709715,6
3710083,1
3711047,1
3712347,1
3713456,1
3714402,1
3714422,2
3715715,1
3715975,1
3717394,1
3718280,1
3720329,1
3721087,2
3723654,1
3724829,1
3725386,1
3725595,1
3726484,1
3726815,1
3727208,1
3727629,1
3727919,1
3728004,1
3728965,1
3729025,1
3729908,1
3730074,1
3731287,1
3731543,1
3733200,1
3735375,1
3735467,1
3735677,1
3736910,2
3736986,1
3737066,1
3737591,1
3738264,1
3739017,2
3740177,1
3744192,1
3746009,1
3747396,1
3747631,1
3748655,1
3748829,1
3750083,1
3750649,1
3751006,1
3751025,1
3751289,2
3751788,1
3752074,1
3752122,1
3753267,1
3753615,1
3753672,1
3753822,1
3754510,1
3754741,1
3755146,1
3755307,1
3756245,1
3756584,1
3757713,1
3758193,1
3758682,2
3759175,1
3759816,2
3762364,1
3762408,1
3763029,1
3763726,1
3764443,1
3764624,1
3764833,1
3765590,1
3768500,1
3769023,1
3770090,1
3770774,1
3770794,1
3771193,1
3771963,1
3773558,2
3773573,1
3775029,1
3775544,1
3777433,1
3778194,1
3778439,1
3778452,1
3778956,1
3779140,1
3780722,1
3784072,1
3784427,1
3785378,1
3787795,1
3787876,1
3788303,1
3789511,1
3789648,1
3791221,1
3792047,1
3793678,1
3794093,1
3799326,2
3800336,1
3800550,2
3801862,1
3802753,1
3804139,2
3806031,1
3806110,1
3807144,1
3809076,1
3810239,1
3810664,1
3812298,1
3812788,2
3812864,1
3813847,1
3813908,1
3814021,2
3814234,3
3814772,1
3816754,1
3817284,1
3818800,1
3819473,1
3820523,1
3820545,1
3822106,1
3822219,1
3823490,1
3823705,1
3824055,1
3824770,1
3825461,1
3825621,1
3825745,1
3826953,1
3827766,1
3828215,1
3828967,1
3829187,1
3831686,1
3831929,1
3832465,1
3832820,1
3832960,1
3833140,1
3834345,1
3835091,1
3835494,2
3837473,2
3837766,1
3838382,1
3840081,1
3841171,1
3841370,1
3841872,1
3842222,1
3842800,1
3845213,1
3847288,1
3847441,1
3848910,1
3849900,1
3850191,1
3851733,1
3851752,1
3852641,1
3853064,1
3854597,1
3854784,1
3855131,1
3856934,1
3859395,1
3859439,1
3859574,1
3860450,2
3860573,1
3860929,1
3861138,1
3864344,1
3864879,1
3865266,1
3865271,1
3866757,1
3867501,1
3867850,1
3868440,1
3868476,1
3870410,1
3870614,1
3872815,1
3875461,1
3875617,1
3875889,1
3876460,1
3878640,1
3881112,1
3881844,1
3883354,1
3885044,1
3885705,1
3885790,1
3886035,1
3887823,1
3888575,1
3889569,1
3890572,1
3893573,4
3893966,1
3895924,1
3897254,1
3897520,1
3898912,1
3900799,1
3901193,1
3901474,2
3901587,1
3902274,1
3902606,1
3903059,1
3903872,1
3905501,3
3905913,1
3906130,1
3906177,1
3906731,1
3906906,1
3907144,1
3907745,1
3907929,1
3909074,1
3909648,1
3910210,1
3911343,1
3911415,1
3913002,2
3915003,1
3916435,1
3916816,1
3917428,1
3920534,1
3924168,1
3928834,1
3928908,1
3929256,1
3929498,1
3930010,1
3931162,1
3931761,1
3932094,2
3932259,1
3933348,1
3934196,1
3935176,1
3936728,1
3938118,1
3939648,1
3941113,1
3941401,1
3942342,1
3942683,1
3942812,1
3943505,1
3943761,1
3946014,1
3946563,1
3948217,1
3950390,1
3951033,1
3952168,1
3952805,1
3953314,1
3953402,1
3953714,1
3953768,1
3954625,1
3954659,1
3954920,1
3955842,1
3956929,1
3957266,1
3957921,1
3958387,1
3964339,1
3964466,1
3965807,1
3967269,1
3969255,1
3970573,1
3972033,1
3972343,1
3972968,1
3974108,1
3974624,1
3975738,1
3976777,1
3977504,1
3981503,1
3982110,1
3982550,1
3983683,1
3983932,1
3984438,1
3984448,1
3984591,1
3984889,1
3984909,1
3985053,1
3990025,1
3990681,1
3991732,1
3992195,1
3992716,1
3993726,2
3994389,1
3994645,1
3995137,1
3995442,1
3995508,1
3996272,1
3997133,1
3997899,2
4001160,1
4001218,1
4001805,1
4006010,1
4006436,1
4006792,1
4008215,1
4009570,1
4009957,1
4012431,1
4013009,1
4013101,1
4013283,1
4014016,1
4014534,1
4014965,1
4016501,1
4020296,1
4020317,1
4020744,1
4021583,1
4022631,1
4022790,1
4023128,1
4024510,1
4025966,1
4026002,1
4026119,1
4027049,1
4027236,1
4028554,1
4028828,1
4029417,1
4029521,1
4030234,1
4031146,1
4032371,1
4033249,1
4036574,1
4036753,1
4038467,1
4038805,1
4039449,1
4040959,1
4044854,1
4047289,1
4047415,1
4047483,1
4048191,1
4048688,1
4053255,1
4053345,1
4053416,1
4055338,1
4056010,1
4059001,1
4059615,1
4061254,1
4062306,1
4063221,1
4063887,1
4064722,1
4066435,1
4066561,1
4067746,1
4068043,1
4068864,1
4069743,1
4071474,1
4072246,1
4072730,1
4074916,1
4076916,1
4077805,1
4078691,1
4079634,1
4079978,1
4082216,1
4083817,1
4084428,1
4085869,1
4085884,1
4086417,1
4086836,1
4087358,1
4089531,1
4091059,1
4091911,1
4093559,1
4094822,1
4095570,1
4095958,1
4095975,1
4095999,1
4097049,1
4098145,1
4098453,1
4099917,1
4100965,1
4101332,1
4102096,1
4103756,1
4103775,1
4108706,1
4108718,1
4109722,1
4109913,1
4110350,1
4110995,1
4111646,1
4112014,1
4112046,1
4113693,1
4116351,1
4118060,1
4118089,1
4119931,1
4120073,1
4120386,1
4120606,3
4123047,1
4123478,1
4124930,1
4126427,1
4128825,1
4129726,1
4130121,1
4132586,1
4133076,1
4133131,1
4134115,1
4138939,1
4140019,1
4140247,3
4141567,1
4143617,1
4143778,2
4144459,1
4145586,1
4148133,1
4148534,1
4149971,1
4150095,1
4150538,1
4153004,1
4153572,1
4159106,1
4161617,1
4161886,1
4162102,1
4163128,1
4164048,1
4165289,1
4165489,1
4167863,1
4168911,1
4168998,1
4169264,1
4169574,1
4169984,1
4171337,1
4171547,2
4171702,1
4172079,2
4172210,1
4172890,1
4173387,1
4174509,1
4177269,1
4178716,1
4179104,1
4179644,1
4181434,1
4182240,1
4182382,1
4182715,1
4183805,1
4184708,1
4187285,1
4187449,1
4187729,1
4190298,3
4191277,1
4193992,1
4194287,1
4195193,1
4196485,1
4198311,1
4200835,1
4201088,1
4201229,1
4202877,1
4202929,1
4204764,2
4205837,2
4205985,1
4206366,1
4206501,1
4206989,1
4207605,1
4208418,1
4208984,1
4209276,1
4211838,1
4213435,1
4215739,1
4216856,1
4217759,1
4217874,1
4218491,1
4222258,1
4222863,1
4223302,1
4223350,1
4224518,1
4224692,1
4225167,1
4228074,1
4228295,1
4228960,1
4229089,1
4230455,1
4230924,1
4231565,1
4232207,2
4233080,1
4233744,1
4233752,1
4233942,1
4236495,1
4237254,1
4237280,2
4238281,1
4238928,1
4241645,1
4244396,1
4245199,1
4247178,1
4247923,1
4249086,1
4250318,1
4250593,1
4251372,1
4251499,1
4252555,1
4252738,1
4252848,1
4253088,1
4254116,1
4254276,1
4254860,1
4255480,1
4255482,1
4255997,2
4256471,2
4257079,1
4257177,1
4257445,1
4258353,1
4259250,1
4260833,1
4260977,1
4261415,1
4263535,1
4265163,1
4268811,1
4269898,1
4271135,1
4271525,1
4273812,1
4274911,1
4275580,2
4275658,1
4277045,1
4277077,1
4278113,1
4278185,1
4280765,1
4281887,1
4282499,1
4282575,1
4284574,2
4285147,1
4285428,1
4290500,2
4291324,1
4291707,1
4291901,1
4295173,2
4295991,1
4296635,1
4297676,1
4301151,1
4301252,1
4301798,1
4302288,1
4302678,1
4303130,1
4304764,1
4309005,1
4310426,1
4310809,1
4312154,3
4312191,1
4312428,1
4314261,1
4316278,1
4316501,1
4316558,1
4316793,1
4317663,1
4317806,1
4318895,1
4319522,1
4321768,1
4322226,1
4323180,1
4323625,1
4325027,1
4325333,1
4325375,1
4326215,2
4326420,2
4326639,1
4328059,1
4328800,1
4329421,1
4330208,1
4331386,1
4332159,1
4332182,1
4334196,1
4334997,1
4335450,1
4337696,1
4338707,1
4340287,1
4341404,1
4343814,1
4344371,1
4344457,1
4344533,1
4345663,1
4346739,1
4348646,1
4351895,1
4352234,1
4352263,1
4352951,1
4353480,1
4354632,1
4354802,1
4356209,1
4358586,1
4358930,1
4360663,1
4363170,1
4365899,1
4369679,1
4370077,1
4370186,1
4370418,1
4374785,1
4377312,1
4377396,1
4380557,1
4380655,1
4385357,1
4385446,1
4385716,1
4386182,1
4386405,1
4389565,1
4391036,1
4393005,1
4394746,1
4395064,1
4395417,1
4396864,1
4397796,1
4397805,1
4400104,1
4402112,1
4402304,1
4403130,1
4403571,1
4404609,1
4405147,1
4407001,1
4408051,1
4408379,3
4409833,1
4410346,1
4410573,1
4411748,2
4412200,1
4413963,1
4415204,1
4415632,1
4415850,1
4415967,1
4418879,1
4419096,1
4419113,1
4419634,1
4419684,1
4420103,1
4420704,1
4420927,1
4421720,1
4422356,1
4426533,1
4426585,1
4426588,1
4427450,1
4429361,1
4430520,1
4430986,1
4432788,1
4434330,1
4434544,1
4434568,1
4434689,4
4435358,1
4436110,1
4436850,1
4437127,2
4438278,1
4440753,1
4440808,1
4441901,1
4443263,1
4443482,2
4443635,1
4445535,1
4445568,1
4445695,1
4446937,1
4447490,1
4449260,1
4449931,1
4454340,1
4454404,1
4456413,1
4457254,1
4458890,1
4458931,1
4459323,1
4461848,1
4464780,1
4465264,1
4467762,1
4468274,1
4471043,1
4471859,1
4472489,1
4474076,1
4474173,1
4476322,1
4477094,2
4478022,1
4479402,1
4480253,1
4481387,1
4483721,1
4483842,1
4486133,1
4486547,1
4488090,1
4488723,1
4489389,1
4489558,1
4490430,1
4490736,1
4491213,2
4491438,1
4493087,1
4494476,1
4495318,1
4495841,1
4496783,2
4497837,1
4498092,1
4498933,1
4501047,2
4502210,1
4502754,1
4503543,1
4506227,1
4507647,1
4510692,1
4512444,1
4513301,1
4513505,1
4517159,1
4517428,1
4519382,1
4519586,1
4520629,1
4520936,1
4522237,1
4522842,1
4523955,1
4525422,1
4526224,1
4526869,1
4527440,1
4528076,1
4528630,1
4529021,1
4529189,1
4529199,1
4529411,1
4530030,1
4531711,1
4531992,1
4533329,3
4534494,1
4534713,1
4534818,1
4535836,1
4538687,1
4538941,1
4539234,1
4544166,1
4551108,1
4553672,1
4554498,1
4554627,1
4555057,1
4556097,1
4557356,1
4560456,1
4560482,1
4562670,1
4562878,1
4564385,1
4564870,1
4564897,1
4565917,1
4567934,1
4568379,1
4570190,1
4571159,1
4573453,1
4578773,1
4580448,1
4582249,1
4583201,1
4586410,1
4587137,1
4588472,1
4588483,1
4589231,1
4589327,1
4589969,1
4590714,1
4591368,1
4591597,1
4594081,1
4594711,1
4594825,1
4595174,1
4596409,2
4596845,1
4598064,1
4599928,2
4600971,1
4601965,1
4602873,1
4604973,1
4605603,2
4605786,1
4606509,1
4606718,1
4607709,1
4608143,1
4608946,1
4610553,1
4611301,1
4611600,1
4613739,1
4615942,1
4616064,1
4616705,1
4616968,1
4617245,1
4619414,1
4620458,1
4620560,1
4621581,1
4622295,1
4622322,1
4624258,1
4624440,1
4625220,1
4627506,1
4627837,1
4629496,1
4629794,2
4630543,1
4631393,1
4631652,1
4631988,1
4632327,1
4633817,1
4635072,1
4635929,1
4638712,1
4639696,1
4641927,1
4644560,1
4646670,1
4646706,1
4648169,1
4648648,1
4649045,1
4650644,1
4650770,1
4652580,1
4654464,1
4655593,1
4656872,1
4657718,1
4660275,3
4661784,1
4661804,1
4662860,1
4663020,1
4664148,1
4665641,1
4669258,1
4669512,1
4669789,1
4671080,1
4674940,1
4675420,1
4676043,1
4676330,1
4678790,1
4679377,1
4679721,1
4685390,1
4686476,1
4687791,1
4688092,1
4688521,1
4690880,1
4691428,1
4693431,1
4693932,1
4699213,1
4701284,1
4701338,2
4701850,1
4702188,1
4703442,1
4705237,1
4707359,1
4708459,1
4708484,1
4708600,1
4709666,1
4710215,1
4710454,1
4710575,2
4711238,1
4711805,1
4711855,1
4712578,1
4713321,1
4714068,1
4714175,1
4717061,1
4720178,1
4721750,1
4723264,1
4723402,1
4724628,1
4725920,1
4726652,1
4726680,1
4730164,2
4730316,1
4730431,1
4730570,2
4734297,1
4735508,1
4737780,1
4738588,1
4740412,1
4740959,1
4741886,1
4741971,1
4742789,1
4743785,1
4744967,1
4746070,1
4747212,1
4747745,1
4748775,1
4748863,1
4749909,1
4753021,1
4754531,1
4755202,1
4755252,1
4755480,1
4755785,1
4759896,1
4760904,1
4761467,1
4761506,1
4762467,1
4762581,1
4765455,1
4765643,1
4765697,1
4766570,1
4767568,1
4770241,1
4771727,1
4772169,1
4773287,1
4775076,1
4775087,1
4775201,1
4776110,1
4776519,1
4777512,1
4778485,1
4781067,1
4783806,1
4785594,1
4788852,1
4790206,1
4795989,1
4800338,2
4800388,1
4800842,1
4801649,1
4803433,1
4805949,1
4806269,1
4806311,2
4806408,1
4806952,1
4811358,1
4812548,1
4815608,1
4816994,1
4819244,1
4819516,1
4820796,1
4821896,1
4824475,1
4824630,1
4826241,1
4830181,1
4832034,1
4833198,1
4834782,1
4836334,1
4838076,1
4838348,1
4839044,1
4840776,1
4850686,1
4850809,1
4853579,1
4853783,1
4857068,1
4858703,1
4860185,1
4860897,1
4861023,1
4865836,1
4866051,1
4866761,1
4869194,1
4870756,1
4874941,1
4876459,1
4878874,1
4882082,2
4882725,1
4883379,1
4884073,2
4884246,1
4886073,1
4893048,1
4893302,1
4894936,1
4896363,1
4897141,1
4899032,1
4899874,1
4899969,1
4901102,1
4901764,1
4902438,1
4902714,1
4902826,1
4908464,1
4909851,1
4912567,1
4912973,1
4918549,1
4919905,1
4921147,1
4921183,1
4922778,1
4923335,1
4930716,1
4932625,1
4933528,1
4934563,1
4934943,1
4938464,1
4939519,2
4940106,1
4941802,2
4942502,1
4943197,1
4944410,1
4949222,1
4949523,1
4950036,1
4951333,1
4951565,1
4952151,1
4953069,1
4953590,1
4953889,1
4954241,1
4955051,1
4955509,1
4955678,1
4957294,1
4957468,1
4957677,1
4958948,1
4959327,1
4959529,1
4962228,1
4962743,1
4962995,1
4964315,1
4968080,1
4968178,1
4969395,1
4970083,1
4970961,1
4972091,1
4972399,1
4972829,1
4973720,1
4973976,1
4975322,1
4975410,1
4975917,1
4976355,1
4976604,1
4977161,1
4977975,1
4978737,1
4978962,1
4980126,1
4980269,2
4981109,1
4983317,1
4984486,1
4984853,1
4985349,1
4990289,1
4991787,1
4993269,1
4993980,1
4994564,1
4995159,1
4996164,1
4996338,1
4997272,1
4997825,1
4998038,1
4998700,1
4999471,1
4999944,1
5000004,1
5001050,1
5002561,1
5002746,1
5002775,1
5004262,1
5004786,1
5005566,1
5006444,1
5006784,1
5007613,3
5008223,1
5008805,1
5008897,1
5009194,1
5009534,1
5010462,1
5013031,1
5013466,1
5013724,1
5013823,1
5016071,1
5019072,1
5020186,1
5020626,1
5022739,1
5022927,1
5023822,1
5024132,1
5024222,1
5025277,1
5027939,1
5029518,1
5029519,1
5030432,1
5031018,1
5032356,1
5034394,1
5034401,1
5035826,1
5036458,1
5036744,1
5036939,1
5037116,1
5037175,1
5037285,2
5041338,1
5046786,1
5047192,1
5047891,1
5049870,1
5051221,1
5051960,1
5052324,1
5055400,2
5055697,1
5056158,1
5057739,1
5058098,1
5058132,1
5061845,2
5063473,1
5064304,1
5065331,1
5065698,1
5066466,1
5066487,1
5066922,1
5067989,1
5068244,1
5069448,1
5069587,1
5069736,1
5070204,1
5070464,1
5070516,1
5073717,1
5074139,1
5074153,1
5074759,1
5076158,1
5077042,1
5078402,1
5080007,1
5081253,1
5081764,1
5081863,1
5081921,1
5083377,1
5083773,1
5084068,1
5085101,1
5085468,1
5085485,1
5087582,1
5088593,1
5089254,1
5090041,1
5091167,1
5092399,1
5092581,1
5092699,1
5094674,1
5098044,1
5099215,1
5100250,1
5100376,2
5100555,2
5102113,1
5102591,1
5102884,1
5103477,1
5104286,1
5104916,1
5105988,1
5106232,1
5106466,1
5107181,1
5108164,1
5108256,1
5108740,1
5108745,1
5109001,1
5110816,1
5111041,1
5111255,1
5111309,1
5112753,1
5113125,1
5113432,1
5114052,1
5114106,1
5114690,1
5116133,1
5116346,1
5117197,1
5118705,1
5119083,1
5120183,1
5120436,1
5120487,2
5120965,1
5121938,1
5122264,1
5123808,1
5123888,1
5124098,1
5124113,2
5124946,1
5126482,1
5127047,1
5127457,1
5127634,1
5131348,1
5133649,1
5133941,1
5136231,1
5136633,1
5136688,1
5137691,2
5139869,1
5140023,1
5142054,1
5142394,1
5143642,2
5145763,1
5147390,1
5147530,3
5148596,1
5153750,1
5153875,1
5155966,1
5156139,1
5156787,1
5157011,1
5157928,1
5158436,4
5158738,1
5159944,1
5160665,1
5161294,1
5162963,1
5163339,1
5163553,1
5163839,1
5165674,1
5165783,1
5166598,1
5168497,1
5169186,1
5169543,1
5169936,1
5170829,1
5173117,1
5173978,1
5174107,1
5175937,2
5176081,1
5177188,1
5178598,1
5179249,1
5184245,1
5184499,1
5184813,1
5184832,1
5185269,1
5185323,1
5186088,1
5186792,1
5187215,1
5187404,1
5188126,1
5188459,2
5188636,1
5192577,1
5194569,1
5194933,1
5195749,1
5196381,1
5198104,1
5200410,1
5200555,2
5201151,1
5201724,1
5204061,2
5204426,1
5204724,2
5204776,1
5206130,1
5206277,1
5207036,1
5207331,1
5207383,1
5207478,2
5209613,1
5210420,1
5210848,1
5212232,1
5212550,1
5212682,1
5215740,1
5215884,1
5217170,1
5218108,1
5219975,1
5220528,1
5220542,1
5221787,1
5221843,1
5222512,1
5223895,1
5225653,2
5226919,1
5227451,1
5227472,1
5228369,1
5228438,1
5229298,1
5229609,1
5229630,1
5230109,1
5232313,1
5232779,2
5234251,1
5236517,1
5236916,1
5237590,1
5240843,1
5241813,1
5244565,1
5244945,1
5246059,1
5246810,1
5247292,1
5248041,2
5248918,1
5248953,1
5248968,1
5249992,1
5250054,2
5250902,1
5251057,1
5253055,1
5253640,1
5253741,1
5253988,1
5254835,1
5254836,1
5255081,1
5256208,1
5256797,1
5257771,1
5258417,1
5258906,1
5258974,1
5260269,1
5260501,1
5261608,1
5261677,1
5262051,1
5263032,2
5264141,1
5265144,1
5266745,1
5267190,1
5268752,1
5272529,1
5273558,1
5274722,1
5276097,1
5276153,1
5276727,1
5276866,1
5277268,2
5278768,1
5279243,1
5279928,1
5280692,1
5281358,1
5282467,1
5283042,1
5285894,1
5286023,1
5287266,1
5288384,1
5288575,1
5288896,1
5289056,1
5291552,1
5293283,1
5294850,2
5296416,1
5297556,1
5297583,1
5297725,2
5300235,1
5300987,1
5301065,1
5301377,1
5301535,1
5303103,1
5303824,1
5304541,1
5304561,1
5304643,1
5305677,1
5305744,1
5306213,1
5306425,1
5307791,1
5308024,1
5308871,1
5308905,1
5310476,1
5311349,1
5313051,1
5313130,1
5313213,1
5313400,1
5314713,1
5316229,1
5317080,1
5317095,1
5317992,1
5319267,1
5320541,1
5321575,1
5322228,1
5323054,1
5323445,1
5325416,1
5326047,1
5326367,1
5327960,1
5329497,1
5330692,1
5331577,1
5334108,1
5336143,1
5338375,1
5341072,1
5341706,1
5341981,1
5342321,1
5345168,1
5345275,1
5345489,1
5346669,1
5349172,1
5350867,1
5351136,2
5351546,1
5352434,1
5352478,1
5353898,1
5354424,1
5354921,1
5355510,1
5356595,1
5357586,1
5357599,1
5357637,1
5359586,1
5359679,1
5360140,1
5360225,1
5360751,1
5361518,2
5361908,1
5362563,1
5362883,1
5364225,1
5364437,1
5365648,1
5368448,1
5368490,1
5368670,1
5368880,1
5375137,1
5376378,1
5376577,1
5377469,1
5377850,1
5378415,1
5378470,1
5378554,1
5378707,1
5380764,1
5381124,1
5381613,1
5381991,1
5382437,1
5383375,1
5384456,1
5385472,1
5386001,1
5388631,1
5390719,1
5391627,1
5392475,2
5392538,1
5393369,1
5393571,1
5395456,1
5395811,1
5396418,1
5398411,1
5400773,1
5401181,1
5401528,1
5402633,2
5403082,1
5403544,1
5403694,1
5404833,1
5405744,1
5406873,1
5407457,1
5408640,1
5409649,1
5410822,1
5411281,1
5411606,1
5412371,1
5413544,1
5413914,1
5413941,1
5414334,1
5415510,1
5416122,1
5417662,1
5421321,1
5424095,1
5424272,1
5426060,1
5426982,1
5427083,2
5428141,1
5430823,1
5431935,1
5433822,1
5434177,1
5434875,1
5435649,1
5436478,1
5436704,1
5436953,1
5437651,1
5437853,1
5438380,1
5441275,1
5442315,1
5443058,1
5445037,1
5445320,1
5447064,1
5447118,1
5447860,1
5449185,1
5449193,1
5451328,1
5453048,1
5455127,2
5456026,1
5456384,1
5457236,2
5457701,1
5458997,2
5459187,1
5459617,1
5459618,1
5460365,2
5460714,1
5461104,1
5461492,1
5462232,1
5462517,1
5463371,1
5464072,1
5467696,1
5468375,1
5470908,1
5472147,1
5472275,1
5472782,1
5473114,1
5473542,1
5474546,1
5475997,1
5476164,1
5476984,1
5478365,1
5479270,1
5483269,1
5484354,1
5484580,1
5487021,2
5489149,1
5491220,1
5491502,1
5491587,1
5493507,1
5493687,1
5495048,1
5497303,1
5497597,1
5497998,1
5498199,1
5498618,1
5499686,1
5499717,1
5499746,1
5499874,1
5500063,1
5500720,1
5500992,1
5501268,1
5501570,1
5503784,1
5505099,1
5507793,1
5508784,1
5508956,1
5509162,1
5509414,2
5510960,1
5512089,1
5514159,1
5514731,1
5516083,1
5516323,1
5518285,1
5520570,1
5521294,1
5521768,1
5522618,1
5523819,1
5527789,1
5528947,1
5529180,1
5530466,1
5530878,1
5532905,1
5534398,1
5537701,1
5538363,1
5539930,1
5544031,1
5546597,1
5546798,1
5547783,1
5548699,1
5550105,1
5550520,1
5550909,1
5552204,1
5552248,1
5553161,1
5554127,1
5554486,1
5554735,1
5556920,1
5557143,2
5557367,1
5557885,1
5559355,1
5559823,1
5560575,1
5560801,1
5562181,1
5562899,1
5562998,1
5563315,1
5563949,1
5564120,1
5564821,1
5565392,1
5565418,1
5566441,1
5567838,1
5567884,1
5569047,1
5574267,1
5575082,1
5575236,1
5575356,3
5575613,1
5576557,1
5578433,1
5579309,1
5579761,1
5581066,1
5581818,1
5581972,1
5582506,1
5584832,1
5587362,1
5592465,1
5593840,1
5594144,1
5595494,1
5596580,1
5597397,1
5599352,1
5599796,1
5600126,1
5600341,1
5601015,1
5601366,1
5602767,1
5603212,1
5605160,1
5606567,1
5607419,1
5607572,1
5607882,1
5608189,1
5608270,1
5609659,1
5609697,1
5610569,1
5611323,1
5611690,1
5612223,1
5613584,1
5613706,1
5613809,1
5614559,1
5614659,1
5616068,1
5617443,1
5617868,1
5618315,1
5618407,2
5618493,1
5618494,1
5618812,1
5619885,1
5619924,1
5620073,2
5621185,1
5621432,1
5621952,1
5622526,1
5622661,1
5623739,1
5625680,1
5625787,1
5626382,1
5627692,2
5628798,1
5628817,1
5631030,1
5631214,1
5631865,1
5633026,1
5633447,1
5635476,2
5636356,1
5637734,1
5638823,1
5639572,2
5640649,1
5641008,1
5641556,1
5642931,1
5644977,1
5645636,1
5649524,1
5651165,1
5652404,1
5653381,1
5655837,1
5656140,1
5656510,1
5657035,1
5658175,1
5658260,1
5658996,1
5659314,1
5663042,1
5664775,1
5664957,1
5666250,1
5666379,1
5666567,1
5667607,1
5668295,1
5668657,1
5669669,1
5670050,1
5671049,1
5671786,1
5672001,1
5672219,2
5672462,1
5672750,1
5673097,1
5673994,1
5675248,1
5675552,1
5676053,2
5676729,1
5677153,4
5677552,1
5678694,1
5678977,3
5680466,1
5682433,1
5685156,1
5685776,1
5686650,1
5686982,1
5687998,1
5689499,1
5690139,1
5690524,1
5691111,1
5691612,1
5692567,1
5693188,1
5693226,1
5695015,1
5695330,1
5697227,1
5697907,1
5698247,2
5698350,2
5698638,1
5699667,1
5700014,1
5701149,1
5701162,1
5701514,1
5702825,1
5703449,1
5703634,1
5707101,1
5709019,1
5709668,1
5711535,1
5713045,1
5713670,1
5714290,1
5716227,1
5718007,1
5719520,1
5720537,1
5722457,1
5722609,1
5725897,1
5725958,1
5726754,1
5727160,1
5727856,1
5728283,1
5730102,1
5730169,2
5730766,1
5732211,1
5732473,1
5732498,1
5733247,1
5734087,1
5735026,1
5735528,1
5735900,1
5737091,1
5737996,1
5738175,1
5738335,1
5738465,1
5740946,1
5741141,1
5742124,1
5745027,1
5745504,1
5745806,1
5746498,1
5747452,1
5748535,1
5748627,3
5750806,1
5751682,1
5753990,1
5754657,1
5756510,1
5758427,1
5759196,1
5761292,1
5761437,1
5762822,1
5764365,1
5764917,3
5767112,1
5767640,1
5767669,1
5767792,2
5768823,1
5768871,1
5770115,2
5770711,1
5770889,2
5771917,1
5772358,1
5772490,1
5773610,1
5774651,1
5774716,2
5775341,1
5778228,2
5779395,1
5780040,1
5781687,1
5782840,1
5782941,1
5783068,1
5783506,1
5783741,1
5785856,1
5785911,1
5787522,1
5790049,1
5790321,1
5790814,1
5792239,2
5792287,2
5792905,1
5793595,1
5794505,1
5795546,1
5797298,1
5798774,1
5799177,1
5801521,1
5802849,1
5805397,1
5806135,1
5806264,1
5806324,1
5807162,1
5807561,1
5807820,1
5808089,1
5810063,1
5810876,1
5811879,1
5813378,1
5813694,1
5814301,1
5815009,1
5815795,1
5816399,1
5816455,1
5817809,1
5817861,1
5819622,1
5820275,1
5820654,1
5821330,1
5821668,1
5825856,1
5827130,1
5830280,1
5830947,1
5831418,1
5832170,1
5832902,1
5833034,1
5833086,1
5833093,1
5834959,1
5835766,1
5837628,1
5838915,1
5839548,1
5840038,1
5840513,1
5841072,1
5841685,1
5842525,1
5843007,1
5846251,1
5846501,1
5847587,1
5847884,1
5852373,1
5853428,1
5853658,1
5854483,1
5854539,1
5854768,1
5855071,1
5855179,1
5855503,1
5857576,1
5860751,1
5861046,1
5861261,1
5861397,1
5861519,1
5861785,1
5863374,1
5866096,1
5867477,1
5868353,1
5868825,1
5868852,1
5869265,1
5869473,1
5869668,1
5870990,1
5871461,1
5871824,1
5872362,1
5873110,1
5875337,1
5877477,1
5878257,1
5878422,1
5880491,1
5881383,1
5883232,1
5886839,1
5887227,1
5887835,1
5887929,1
5889984,1
5890166,1
5890484,1
5890524,1
5891697,1
5893643,1
5893683,1
5893840,1
5894042,1
5894642,1
5895768,1
5895871,1
5896343,2
5897625,1
5897944,2
5900384,1
5901894,1
5902525,1
5903786,1
5903821,1
5904171,2
5906877,1
5906907,1
5908498,2
5913008,1
5913208,1
5913521,1
5915832,1
5916364,1
5916959,1
5918348,1
5920036,1
5920558,1
5921035,1
5921097,1
5921304,1
5921660,1
5924210,1
5925087,1
5925438,1
5925937,1
5926192,1
5926284,1
5930429,1
5931272,1
5932804,1
5933246,1
5933939,1
5934628,1
5935477,1
5937232,1
5937440,1
5937990,1
5938179,1
5942864,1
5943573,1
5943963,1
5945123,1
5946409,1
5951993,1
5952065,1
5953927,1
5954335,1
5955297,1
5955759,1
5957260,1
5961162,1
5961402,1
5961873,1
5963133,1
5966783,1
5968641,1
5969647,1
5970751,1
5973248,1
5974357,1
5975178,1
5976127,1
5977110,1
5979524,1
5980316,1
5985783,1
5987706,1
5988256,1
5993025,1
5994786,1
5996099,1
5996145,1
5997735,1
5999271,1
6000188,1
6000761,1
6000851,1
6002340,1
6002416,1
6002459,1
6002628,1
6003010,1
6004208,1
6004892,1
6006299,1
6006837,1
6007408,1
6007952,1
6010582,1
6010774,1
6011686,1
6011991,1
6012554,1
6014513,1
6015183,1
6015587,1
6019344,1
6019932,1
6020486,1
6021090,1
6022423,1
6023178,1
6023705,1
6024604,1
6024930,1
6025035,1
6025224,1
6025509,1
6026956,1
6028186,1
6031268,1
6031938,1
6032561,2
6032823,2
6034928,1
6035284,2
6036456,1
6036532,2
6037730,1
6040221,1
6040641,1
6040682,1
6042150,1
6042648,1
6043905,1
6044164,1
6047087,1
6047141,1
6051437,1
6052096,1
6052961,1
6053012,1
6054063,1
6054101,1
6054540,1
6054685,1
6057477,1
6057874,1
6058008,1
6058692,1
6059211,1
6059356,1
6061770,1
6061911,1
6063138,1
6063350,1
6064612,1
6064892,1
6066466,1
6070986,1
6071315,1
6071338,1
6071493,1
6073519,1
6073750,1
6078522,1
6080277,1
6080367,1
6080368,1
6080905,1
6081311,1
6081828,1
6083925,1
6086409,1
6086439,1
6089903,1
6092282,1
6093002,1
6093119,1
6098356,1
6098674,1
6098822,1
6098901,1
6101687,1
6101711,1
6103351,1
6103818,1
6104311,1
6104981,1
6106941,1
6108320,1
6109604,1
6111524,3
6113982,1
6114149,1
6114779,1
6115107,1
6115771,1
6115911,1
6117742,1
6118038,1
6118824,2
6119328,1
6120009,1
6121503,1
6122017,1
6125097,1
6125444,1
6127678,2
6129594,1
6131832,1
6131885,3
6131939,1
6132629,1
6134396,1
6134547,3
6134699,1
6134774,1
6135313,1
6136282,1
6137112,1
6137185,1
6137404,1
6139999,2
6140181,1
6141351,1
6143578,1
6144086,1
6145340,1
6146261,2
6147405,1
6147968,1
6148480,1
6149277,1
6150554,1
6150571,1
6151791,1
6152134,1
6152801,1
6154077,1
6154740,1
6155386,1
6155393,1
6162978,1
6166464,1
6168644,1
6168869,1
6170781,1
6177375,1
6177702,1
6178510,1
6179477,2
6180644,1
6181197,1
6182099,1
6182414,1
6183607,1
6184049,1
6184089,1
6185399,1
6186273,1
6186720,1
6187170,1
6187210,1
6187337,1
6187527,1
6187861,1
6189390,1
6190606,1
6190814,1
6190906,1
6191849,1
6192535,1
6193180,1
6194471,1
6194619,1
6195396,1
6196260,1
6197075,1
6197506,1
6198952,1
6200170,1
6200796,1
6201495,1
6201805,1
6203418,1
6205217,1
6205864,1
6208662,1
6208933,1
6209647,1
6209775,1
6210214,1
6210397,1
6210567,1
6213264,1
6213335,1
6214237,1
6216286,1
6216436,1
6216959,1
6217088,1
6217364,1
6217438,1
6217683,1
6218559,1
6218748,1
6220334,1
6220591,1
6223837,1
6223854,1
6228327,1
6228425,1
6230725,1
6230773,1
6231127,1
6233221,1
6235690,2
6235952,1
6236420,1
6238718,1
6239090,1
6239205,1
6239776,1
6241354,1
6241635,1
6242249,1
6243760,2
6244046,1
6246622,1
6246968,1
6249596,1
6249736,1
6250107,1
6250118,1
6250288,1
6250584,1
6251729,1
6252201,1
6253907,1
6253928,1
6254009,1
6254422,1
6255130,1
6255315,1
6257627,1
6259386,1
6259612,1
6261877,1
6263738,1
6265307,1
6266037,1
6266669,1
6268554,1
6269022,1
6270048,1
6270663,2
6271599,1
6276021,2
6276254,1
6277790,2
6279926,1
6280136,1
6281322,1
6284224,1
6284876,1
6285506,1
6286305,1
6286655,2
6286761,2
6288131,1
6290408,1
6291963,1
6292651,1
6292801,1
6292980,1
6293679,1
6295246,1
6295466,1
6295913,1
6296275,1
6298130,1
6298680,1
6299227,1
6300973,1
6301525,1
6302458,1
6306291,1
6306304,1
6307088,1
6308683,1
6310510,1
6310523,1
6311119,1
6312542,1
6316034,1
6316590,2
6316676,1
6317549,1
6320308,1
6320753,1
6321760,1
6321838,1
6322326,2
6324199,2
6324235,1
6325473,1
6326158,1
6326419,1
6329153,1
6329420,1
6330427,1
6331398,2
6331843,1
6332648,1
6334517,1
6334580,1
6334715,1
6336399,1
6337115,1
6337160,1
6338356,1
6339476,1
6342849,1
6342851,1
6343487,2
6345215,1
6345269,1
6345473,1
6347418,1
6348792,1
6351421,1
6353045,1
6353787,1
6354026,1
6354126,1
6355099,2
6355370,1
6355826,1
6358735,1
6359089,1
6359152,1
6360965,1
6362111,1
6363980,1
6366270,1
6367210,1
6368379,1
6368493,1
6370385,1
6370576,1
6371120,1
6371351,1
6371704,3
6371919,1
6373430,1
6374697,1
6375192,1
6376638,2
6376721,2
6376831,1
6376882,1
6377293,1
6377583,1
6378233,1
6378521,1
6378932,1
6378995,1
6379241,1
6381768,1
6382044,1
6383540,1
6386129,1
6386506,1
6386753,1
6388510,1
6388546,1
6388823,1
6388864,1
6388953,1
6391720,1
6392013,1
6392374,1
6392788,1
6396159,1
6397893,1
6398157,1
6398533,1
6401385,1
6401874,1
6402969,1
6403249,1
6405050,1
6405109,1
6405415,1
6406491,1
6406557,1
6407960,1
6409499,1
6410412,1
6412318,1
6412770,1
6413570,1
6414091,2
6415435,1
6416095,1
6418459,1
6419906,1
6420862,1
6421321,1
6421846,1
6422005,1
6422482,1
6422507,1
6424271,1
6424720,1
6425824,1
6426069,1
6426576,1
6427392,1
6428272,1
6430272,1
6430350,1
6432036,1
6432048,1
6432132,1
6432361,1
6434138,1
6434544,1
6434739,1
6435727,1
6437189,1
6438345,1
6439365,1
6440455,1
6444116,1
6444465,1
6445316,1
6450056,1
6450502,1
6453010,1
6454940,1
6455523,1
6457197,1
6458356,1
6458625,1
6459309,2
6460392,1
6461412,1
6462877,1
6463364,1
6463851,1
6464813,1
6465504,1
6466136,1
6468605,1
6471435,1
6472013,1
6472374,1
6473834,1
6473925,2
6475387,1
6476980,1
6478533,1
6478615,1
6479682,1
6480910,1
6481596,2
6482902,1
6484295,1
6484332,1
6485586,1
6486831,1
6487407,1
6488675,1
6488706,1
6490055,1
6492184,1
6494791,1
6495170,1
6496035,1
6496212,1
6497386,1
6498693,1
6499856,1
6500507,1
6501528,1
6501975,1
6502571,1
6503243,1
6503361,1
6503644,1
6503704,1
6509492,2
6510935,1
6512767,1
6513121,1
6513358,1
6513388,1
6515518,1
6517700,1
6519888,1
6520751,1
6521018,1
6521307,1
6522392,1
6523126,1
6523914,1
6524419,1
6524977,5
6525926,1
6526127,1
6527493,1
6530144,1
6530351,1
6531708,1
6532485,1
6533493,1
6534306,1
6535924,1
6536826,1
6536835,1
6537332,1
6538528,1
6538543,1
6540809,1
6542937,1
6546250,1
6546430,1
6548898,1
6550543,1
6551424,1
6553599,1
6555083,1
6556930,1
6560655,1
6561887,1
6563061,1
6563758,1
6563980,1
6565809,1
6567012,1
6567179,1
6567996,1
6569500,1
6569875,1
6572195,1
6577480,1
6577821,1
6581089,1
6581799,1
6583221,1
6584330,1
6585888,1
6589744,1
6589896,1
6593380,1
6597342,1
6599179,1
6599699,1
6601691,1
6603389,1
6604151,1
6605175,2
6606201,1
6609889,1
6609929,1
6615374,1
6617661,1
6617815,1
6619205,1
6620757,1
6622592,1
6623355,1
6624080,1
6624567,1
6625462,1
6626737,1
6627509,1
6627695,1
6627901,1
6629172,1
6630197,1
6630877,1
6631050,1
6631859,1
6633472,1
6633998,1
6634697,2
6634754,1
6634834,1
6636221,1
6638780,1
6639012,1
6639237,1
6639323,1
6640526,1
6640835,1
6642238,1
6643122,1
6643991,1
6645309,1
6646259,1
6646375,1
6647241,1
6647566,1
6647633,1
6651065,1
6651625,2
6652840,1
6653109,1
6655075,1
6655095,1
6656212,1
6656373,1
6656530,1
6656956,1
6657200,1
6659062,1
6660584,1
6660978,1
6662422,1
6664588,2
6664805,1
6668014,1
6670041,1
6670969,1
6673987,1
6675766,1
6676723,2
6677568,1
6679325,2
6680176,1
6681037,1
6681067,1
6681882,1
6682598,1
6683238,1
6686865,1
6687368,1
6687437,1
6690839,1
6691732,1
6691971,1
6692379,1
6694017,1
6694151,1
6696821,1
6697133,1
6704555,1
6705900,1
6706944,1
6709429,1
6711845,1
6712477,1
6713560,1
6714447,1
6715082,1
6719053,1
6720357,1
6722367,1
6722399,1
6723003,1
6723037,1
6725153,1
6726111,1
6726747,1
6726799,1
6727366,1
6729124,1
6729988,2
6730977,1
6731341,1
6732397,1
6732578,1
6733660,3
6734573,1
6735115,1
6735977,1
6736499,1
6737309,1
6737410,1
6737785,1
6737824,1
6738274,1
6738930,1
6741868,1
6743115,1
6743796,1
6744471,1
6744730,1
6745157,1
6745414,1
6747643,1
6748066,1
6748135,1
6748529,1
6748953,1
6750414,1
6752178,1
6754057,1
6755515,1
6755762,1
6755973,1
6756180,1
6756744,1
6756759,1
6757487,1
6757569,1
6761158,1
6761196,1
6763222,1
6764957,1
6765047,1
6765143,1
6765188,1
6765468,1
6765561,1
6765915,1
6766250,1
6766849,1
6767689,1
6768840,1
6769666,1
6770151,1
6770225,1
6772799,1
6773202,1
6773415,1
6774206,1
6774676,1
6775919,1
6777353,1
6780168,1
6782997,1
6783273,1
6783279,1
6783714,1
6784391,1
6785029,1
6788290,1
6788611,1
6788825,1
6788956,1
6789941,1
6790032,1
6790637,1
6793243,1
6797156,1
6799312,1
6799989,1
6800453,1
6801297,1
6802462,1
6803171,1
6806011,2
6806102,1
6806830,1
6808012,1
6811830,1
6813397,1
6814906,1
6816112,1
6819362,1
6820657,1
6821244,1
6822714,1
6822848,1
6824457,1
6825443,1
6827790,1
6828924,1
6829345,1
6829540,1
6829754,1
6830683,1
6830979,1
6831019,1
6831144,1
6832539,1
6833443,1
6834093,1
6835152,1
6835974,1
6836030,1
6837353,1
6838180,2
6838536,1
6840712,1
6840782,2
6841582,1
6841743,1
6841988,2
6842518,1
6844325,1
6845951,1
6846214,1
6846644,1
6848593,1
6848729,1
6851409,1
6852462,1
6853192,2
6853656,1
6853872,1
6854095,1
6855663,1
6855692,1
6856636,1
6856715,1
6857108,1
6857411,1
6858094,2
6862220,1
6866327,1
6868147,1
6868531,1
6868935,1
6869604,1
6871899,1
6874678,1
6875507,1
6875922,1
6876996,1
6878675,1
6880378,1
6881448,1
6882794,1
6883412,1
6884276,1
6885761,1
6885889,1
6886061,1
6886076,1
6887247,1
6889008,1
6889529,1
6893619,1
6894781,1
6896818,1
6897215,2
6898187,2
6898505,1
6898797,1
6898909,1
6899870,1
6904368,1
6913354,1
6913898,1
6915696,1
6918444,2
6919685,1
6921727,1
6921953,1
6927114,1
6929585,1
6930367,1
6930498,1
6930518,1
6931004,1
6933510,1
6934200,1
6935181,1
6937424,1
6937513,1
6938280,1
6939141,1
6939721,1
6939749,1
6941117,1
6941303,1
6942126,1
6942134,3
6942160,2
6942359,1
6944842,1
6945600,1
6945922,1
6948318,1
6951884,1
6951919,1
6952323,2
6952324,1
6952402,1
6952713,1
6954306,1
6954640,1
6955356,1
6955761,1
6956493,1
6956875,1
6959636,1
6960407,1
6960750,1
6961695,1
6961811,1
6962857,1
6963921,1
6964556,1
6964737,1
6964887,1
6965808,1
6966796,1
6967950,1
6968330,1
6971085,1
6972850,1
6973711,1
6977319,3
6977670,1
6979945,1
6980787,1
6981195,1
6982790,1
6983303,1
6984271,1
6984946,1
6985802,1
6986171,1
6987420,1
6990608,1
6991348,1
6991570,1
6993953,1
6994202,1
6994973,1
6995051,1
6996191,1
6997592,1
6998257,1
6998954,1
6999809,1
7002691,1
7002710,1
7002833,1
7003738,1
7003853,1
7004080,1
7004725,1
7005412,1
7005879,1
7007253,1
7007817,1
7008861,1
7008971,1
7009201,1
7009518,1
7011633,1
7013489,1
7017045,3
7017162,1
7020278,1
7020805,2
7020926,1
7022432,1
7022709,1
7023167,1
7023387,1
7024497,1
7025066,1
7025110,1
7028383,1
7031523,1
7031578,1
7031939,1
7032455,1
7033716,1
7034281,1
7036436,1
7036678,1
7037084,1
7037958,1
7038035,1
7039523,1
7040636,1
7041012,1
7041290,1
7043013,1
7044835,1
7046937,1
7047019,1
7048281,1
7051978,1
7051982,1
7052132,1
7052526,1
7054676,1
7055994,1
7057293,1
7057691,1
7057863,1
7058016,1
7058456,1
7062160,1
7062970,1
7065154,1
7065327,1
7066278,1
7069345,1
7069390,1
7069487,1
7069719,1
7070004,1
7070354,1
7071946,1
7074023,1
7075380,1
7075677,1
7076196,1
7080882,1
7082154,1
7083783,1
7085801,1
7086117,1
7086531,1
7089140,1
7090054,1
7093928,1
7094582,1
7095569,1
7095926,1
7098232,1
7098701,1
7098719,1
7099901,1
7101489,1
7102007,1
7102064,1
7102288,1
7103003,1
7103178,1
7104357,1
7105857,1
7105993,1
7106179,1
7107228,1
7109720,1
7110136,1
7111756,1
7112040,1
7112768,1
7114909,1
7115005,1
7115541,1
7117256,1
7118234,1
7119236,1
7119249,1
7120785,1
7120871,1
7121530,3
7121553,1
7121943,1
7125133,1
7125810,1
7126169,1
7128328,1
7128716,1
7129888,1
7130591,1
7131091,2
7131341,1
7132610,1
7133448,1
7135944,1
7137047,1
7137178,1
7138011,1
7139120,1
7140415,1
7140564,1
7141798,1
7142321,1
7143580,1
7143583,1
7143633,1
7145721,1
7148165,1
7152423,2
7153716,1
7155767,1
7158882,1
7159616,1
7163152,1
7163526,2
7165033,1
7166340,1
7184042,1
7189225,1
7189306,1
7189309,1
7189823,1
7189888,1
7191745,1
7192401,1
7192539,1
7192832,1
7192914,1
7194012,1
7194787,1
7195563,1
7197930,1
7199958,1
7200537,1
7201608,1
7202674,1
7203119,1
7203850,1
7205627,1
7207394,1
7208470,1
7210216,1
7213793,2
7217000,1
7217375,1
7218057,1
7218199,1
7219933,1
7219980,2
7221389,1
7221609,1
7223047,1
7224044,1
7224544,1
7225129,1
7226223,1
7226574,1
7227589,1
7228420,1
7229787,1
7231077,1
7231485,1
7232400,1
7235481,1
7237365,1
7238267,1
7240279,1
7242605,1
7242695,1
7243783,2
7244399,1
7246357,1
7248394,1
7248877,1
7249450,1
7249823,1
7250481,1
7252898,1
7253922,1
7253929,1
7255247,1
7255542,1
7255954,1
7256178,1
7256684,1
7257527,1
7258858,3
7260035,1
7260915,1
7261506,1
7262039,1
7262558,1
7263665,1
7263898,1
7264066,1
7264444,1
7264491,1
7264703,1
7265129,1
7266431,1
7266609,1
7268479,1
7269107,1
7270159,1
7271016,1
7271091,1
7271331,1
7271496,1
7271727,1
7271807,2
7272031,1
7272211,2
7273051,1
7274084,1
7276327,1
7276999,1
7281574,2
7282720,1
7283521,1
7283681,1
7284585,1
7287580,1
7287780,1
7289241,1
7289505,1
7289737,1
7289840,1
7290398,1
7290445,1
7290480,1
7290987,1
7291317,1
7291330,1
7295071,1
7295363,1
7295623,1
7297992,1
7298496,1
7299491,1
7301441,1
7301727,1
7304612,1
7304827,1
7305473,1
7305846,1
7308241,1
7308807,1
7312105,1
7312949,1
7313176,1
7313747,1
7314837,1
7316730,3
7318249,1
7319147,1
7325254,1
7325764,1
7327050,2
7328215,1
7328461,1
7329041,1
7331598,1
7336481,1
7337347,1
7338401,1
7339076,1
7339487,1
7342505,1
7344681,1
7345199,1
7345953,1
7346905,1
7347118,1
7347808,1
7348004,1
7349576,1
7349616,1
7350077,1
7350510,1
7351852,1
7351859,1
7353373,1
7353520,1
7353563,1
7358899,1
7359990,1
7360677,1
7361643,1
7361780,1
7362290,1
7362607,1
7363223,1
7366035,1
7368811,1
7370389,1
7372616,1
7372886,1
7373233,1
7374104,1
7375457,1
7375717,1
7376487,1
7377421,1
7379793,1
7379800,1
7380929,1
7380988,1
7383049,1
7384288,1
7386377,1
7387001,1
7388984,1
7389355,1
7391978,1
7396003,1
7396545,1
7397857,1
7398264,1
7400260,1
7400556,1
7401129,1
7401626,1
7402043,1
7402536,1
7403235,1
7403822,1
7404431,1
7404452,1
7405881,1
7407177,5
7409511,1
7410405,1
7412210,1
7412443,1
7413161,2
7414026,1
7414121,1
7414442,1
7415984,1
7416811,1
7417108,1
7419213,1
7422442,1
7422656,1
7423370,1
7423996,1
7427185,1
7427683,1
7428276,1
7430438,1
7432199,1
7432848,1
7435344,1
7437173,1
7440211,1
7440326,1
7440735,1
7442217,1
7442695,1
7443418,1
7446702,1
7447244,1
7449781,1
7449886,1
7450204,1
7451265,1
7454015,1
7455267,1
7456448,1
7456451,1
7457946,1
7457957,1
7458820,1
7458951,1
7460689,1
7462542,1
7465688,1
7466135,1
7466685,1
7466924,2
7467891,1
7469604,1
7471873,1
7471938,1
7471994,1
7474603,1
7474657,1
7474696,1
7475592,1
7477599,1
7479071,1
7479937,1
7480806,1
7481165,1
7482073,1
7482137,1
7482647,1
7483527,1
7485959,1
7488140,1
7491729,1
7496278,1
7496428,1
7502063,2
7502848,1
7502854,1
7503145,1
7503160,1
7503504,1
7504765,1
7506866,1
7508021,1
7512741,1
7512994,1
7513428,1
7514066,1
7514156,1
7514797,1
7516713,1
7518336,1
7518823,1
7520007,1
7523034,1
7523903,1
7524890,1
7525130,1
7525670,1
7526174,1
7527161,1
7530033,1
7530150,1
7530154,1
7530526,1
7533167,1
7534274,1
7534967,1
7537033,1
7537639,1
7538233,1
7539154,1
7542428,1
7545720,2
7546654,1
7547356,1
7547651,1
7547802,1
7548685,1
7550889,1
7552645,1
7553795,1
7556325,1
7557141,1
7558433,1
7559007,1
7562095,1
7563093,1
7563985,2
7564844,1
7565692,2
7565918,1
7566014,1
7566797,1
7567017,1
7567035,1
7568075,1
7568367,1
7569098,1
7569938,1
7570458,1
7570541,1
7570798,1
7570811,1
7571518,2
7571897,1
7573542,1
7574816,1
7575436,1
7576691,1
7576730,1
7583839,1
7586111,1
7586239,1
7586345,1
7587245,1
7587303,2
7593028,1
7593229,1
7593615,1
7594762,1
7599855,1
7600503,1
7600925,1
7601451,1
7604366,1
7604648,1
7605307,1
7606025,1
7606194,1
7606203,1
7608114,1
7608904,1
7609629,1
7610845,1
7611700,2
7611973,1
7612694,1
7612874,1
7613223,1
7620533,1
7620799,1
7622257,1
7623090,1
7623172,1
7623979,1
7625444,1
7629843,1
7630142,1
7630575,1
7630809,1
7631143,1
7631608,1
7632110,1
7634514,1
7636848,1
7637655,1
7642548,1
7642594,1
7643972,1
7644629,1
7645683,1
7645884,1
7650347,1
7650400,3
7650665,1
7654246,1
7654399,1
7658554,1
7658664,1
7659144,1
7660118,1
7663987,3
7666444,1
7667009,1
7669687,1
7669898,1
7672085,1
7673145,1
7673602,1
7675826,1
7675840,1
7676016,1
7676354,1
7676935,1
7679720,1
7680353,1
7681467,1
7685133,1
7685264,1
7686641,2
7687610,1
7689302,1
7692262,1
7693369,1
7694091,1
7698600,1
7699524,1
7702757,1
7703445,1
7703504,1
7705661,1
7707413,1
7712241,1
7713837,1
7715763,1
7717888,1
7718100,1
7719138,1
7720601,1
7722267,1
7723330,1
7725188,1
7725518,1
7726022,1
7726889,1
7727687,1
7728097,1
7735415,1
7736182,1
7736232,1
7737306,1
7738216,1
7738570,1
7740460,1
7741038,1
7744427,1
7744660,1
7745374,1
7747575,1
7748586,1
7750889,1
7751154,1
7751182,1
7751202,1
7751680,1
7752035,1
7752351,1
7753366,1
7753600,2
7755017,1
7755816,1
7757937,1
7758500,1
7759336,1
7759435,1
7762687,1
7762926,1
7763184,2
7763597,1
7764293,1
7765078,1
7766185,1
7766565,1
7766609,1
7771049,1
7773090,1
7775024,1
7775707,1
7776562,1
7780269,1
7780330,1
7780875,2
7782218,1
7782671,1
7783288,1
7785251,1
7786883,1
7787413,1
7787716,1
7788229,1
7789965,1
7790878,1
7791528,1
7792136,1
7794903,1
7797479,3
7798162,1
7798831,1
7801055,1
7802334,1
7805569,1
7809177,1
7811147,1
7812178,1
7814085,1
7814706,1
7814847,1
7816405,1
7816653,1
7817452,1
7818164,1
7820200,1
7820865,1
7821375,1
7822577,1
7822648,1
7825144,1
7827070,1
7828382,1
7828464,1
7828744,2
7829098,1
7830853,1
7835252,1
7838001,1
7840487,1
7840599,1
7840625,1
7841407,1
7842657,1
7843281,1
7844578,1
7845507,1
7845979,2
7846653,1
7846990,1
7849022,1
7849248,1
7850715,1
7851076,1
7853584,1
7853782,1
7855724,1
7857126,1
7857254,1
7859909,1
7860886,1
7861380,1
7861842,1
7864621,1
7865228,1
7867231,1
7869346,1
7869691,1
7871813,1
7872421,1
7876997,1
7877221,1
7879795,1
7881863,1
7883156,1
7883228,2
7883408,1
7883556,1
7883805,1
7886919,1
7887287,1
7888201,1
7889364,1
7890055,1
7891365,1
7892398,1
7894483,1
7896438,2
7896469,1
7897813,1
7900888,1
7901246,1
7902735,1
7904232,1
7905665,1
7906026,1
7906688,1
7910827,1
7912759,2
7913492,1
7913887,1
7914762,1
7916070,1
7917475,1
7917512,1
7920800,1
7920855,1
7923796,1
7925855,1
7926849,1
7928961,1
7935430,1
7935489,1
7938671,1
7941875,1
7942293,1
7943292,1
7944694,1
7945343,1
7945905,1
7946027,1
7947055,1
7947461,1
7948316,1
7949654,1
7950488,1
7950613,1
7951708,2
7952255,1
7953259,2
7956225,1
7956983,1
7957943,1
7966133,2
7967199,1
7969674,1
7969779,1
7970479,1
7970698,1
7973946,1
7978631,1
7980466,1
7980806,1
7980920,1
7982708,1
7983744,1
7983745,1
7985502,1
7989822,1
7991360,1
7994842,1
7995494,1
7999699,1
8001284,2
8002827,1
8003181,1
8004280,1
8004297,1
8004972,1
8005416,1
8005966,1
8007022,1
8007559,1
8013690,1
8014812,1
8015047,1
8016247,1
8016566,1
8017125,1
8018236,1
8020782,1
8022624,1
8023150,1
8023513,1
8024768,1
8026710,1
8027086,1
8027448,1
8028618,1
8028840,1
8028861,1
8029478,1
8029835,1
8030193,1
8030927,1
8031822,1
8032068,1
8032580,1
8033238,1
8033563,1
8034141,1
8035204,1
8036276,1
8036727,1
8037011,1
8037318,1
8038511,1
8039050,1
8039608,1
8040637,1
8041318,1
8041353,1
8041974,1
8042156,1
8043546,1
8043551,1
8043603,1
8048259,1
8051479,1
8052108,1
8052122,1
8053182,1
8053733,1
8053949,2
8055505,1
8055536,1
8057570,1
8058227,1
8060346,1
8060356,1
8061997,1
8062771,1
8065637,1
8069593,1
8070553,1
8070736,1
8071845,1
8073251,1
8073835,1
8073842,1
8074163,1
8074719,1
8075074,1
8075583,1
8076094,1
8078633,1
8080799,1
8082172,1
8082637,1
8083459,1
8083875,1
8084606,1
8085410,1
8085558,1
8086227,1
8086744,1
8087163,1
8089971,1
8092087,1
8092460,1
8093660,1
8095978,1
8097860,1
8097890,2
8098901,1
8100360,1
8100652,1
8101338,1
8101674,1
8103060,1
8103276,1
8106344,1
8107459,3
8108085,1
8108205,1
8110605,1
8110912,1
8111351,1
8111371,1
8112352,1
8113142,1
8114257,1
8114497,1
8119675,1
8120212,1
8120785,1
8121621,1
8122962,1
8123364,1
8124851,1
8125011,1
8127727,1
8127898,1
8129613,1
8132723,1
8134523,1
8135268,1
8136211,1
8142467,1
8142965,1
8143830,1
8144072,1
8144335,1
8145301,1
8146306,1
8146662,1
8149486,1
8150330,1
8150800,1
8152344,1
8156339,1
8156463,1
8156595,1
8156837,1
8157932,1
8158163,1
8158370,1
8158992,1
8160021,1
8161064,1
8161292,1
8167190,1
8167724,1
8168250,1
8168391,2
8168981,1
8170385,1
8170405,1
8171037,1
8171300,1
8171628,1
8171899,1
8173528,1
8174597,1
8174740,1
8175932,1
8176355,1
8178740,1
8179252,1
8181318,1
8181990,1
8182293,1
8182975,1
8184838,1
8185518,1
8186642,1
8188055,1
8190008,1
8191815,1
8192081,1
8195089,1
8195684,1
8198049,1
8199224,1
8199428,1
8200873,1
8201019,1
8203898,1
8204285,2
8204858,1
8204936,1
8205547,1
8206464,1
8207010,1
8207436,2
8207732,1
8208165,1
8208953,1
8209685,1
8210763,1
8210947,1
8211181,1
8211411,1
8213509,1
8215071,1
8215186,1
8215230,1
8215811,1
8216385,1
8217099,1
8217655,1
8217788,1
8218165,1
8218499,1
8220165,1
8220288,1
8225057,1
8225666,1
8226275,1
8226466,1
8227377,1
8230135,1
8231951,1
8233076,1
8233864,1
8235156,1
8238179,1
8239700,1
8240660,1
8242514,1
8242900,1
8246344,1
8246360,1
8248974,1
8249283,1
8250797,2
8251178,1
8251344,1
8253960,1
8258047,1
8259599,1
8260484,1
8263298,1
8263430,2
8264136,2
8264841,1
8264887,1
8264963,1
8265961,1
8266075,1
8266283,1
8270905,1
8272048,1
8273519,1
8275280,1
8275672,1
8276230,1
8277210,1
8277642,1
8279114,1
8279344,1
8279655,1
8279692,1
8280605,1
8281454,1
8281916,1
8282106,1
8282507,1
8283616,1
8283992,1
8285871,1
8288067,1
8288415,1
8289717,1
8290172,1
8291187,1
8292651,1
8296331,1
8297838,1
8299970,1
8302541,1
8305503,1
8309363,1
8310743,1
8311300,1
8314647,1
8315986,1
8318974,1
8319337,1
8324295,1
8326682,1
8327803,1
8327811,1
8329336,1
8329446,1
8330262,1
8331167,1
8332399,1
8333458,1
8334194,2
8334696,1
8335428,1
8336867,1
8337880,1
8338183,1
8339492,1
8340919,1
8342599,1
8344035,1
8344334,1
8344487,1
8345459,1
8346412,1
8351932,1
8356175,1
8357876,1
8360880,1
8360934,1
8364242,1
8364947,1
8366960,1
8367447,1
8368127,1
8369011,1
8369201,1
8369346,1
8371123,1
8372764,1
8373980,1
8374816,1
8375880,1
8377185,1
8377469,1
8381441,1
8382203,1
8383373,1
8383775,1
8383836,1
8385247,1
8386642,1
8386780,1
8387608,1
8387784,1
8389627,1
8389787,1
8390543,1
8393726,1
8397274,1
8400779,2
8401064,1
8402500,1
8403898,1
8405222,1
8406051,1
8406295,1
8410335,1
8410793,1
8413791,1
8415354,1
8415811,1
8416130,1
8416556,1
8416694,1
8417425,1
8418760,1
8420413,1
8422520,1
8422946,1
8426440,1
8428120,1
8428751,1
8428915,1
8429802,1
8431156,1
8431159,1
8431474,1
8432571,1
8433587,8
8433665,1
8434515,1
8436629,1
8436660,1
8442384,1
8445510,1
8445768,1
8447900,1
8448947,1
8451679,1
8451944,1
8454658,1
8456706,1
8457388,1
8458281,1
8458817,1
8460297,1
8461333,1
8461537,1
8462914,1
8466209,1
8466308,1
8467728,1
8470820,1
8471716,1
8473096,1
8473401,1
8480608,1
8483296,1
8483941,1
8487294,1
8488446,1
8491351,1
8491400,1
8492232,1
8493007,1
8496021,1
8496704,1
8499015,1
8500303,1
8502556,1
8505274,1
8506705,1
8508148,1
8510570,1
8511557,1
8514870,1
8515462,2
8518239,14
8519218,1
8520588,1
8521043,1
8521174,1
8523611,1
8525267,1
8527067,1
8529473,1
8532893,1
8533906,1
8533952,1
8537054,1
8538104,1
8540239,1
8540764,1
8542502,2
8542534,1
8544397,1
8545082,1
8546709,1
8547756,1
8550270,1
8550571,1
8551050,1
8551887,1
8558836,1
8558936,1
8559347,1
8560030,1
8560257,1
8562333,1
8563047,1
8563490,1
8564184,1
8564403,1
8565318,1
8565764,2
8566918,1
8567270,1
8568201,1
8569264,1
8572821,1
8574157,1
8580364,1
8580472,1
8580908,1
8581638,1
8581663,1
8582064,1
8582547,1
8584475,1
8588913,1
8594162,1
8594193,1
8594541,1
8597746,1
8599643,1
8601583,1
8603085,1
8603210,1
8606000,1
8606367,1
8606429,1
8607021,1
8607439,1
8608333,1
8613031,1
8613171,1
8613688,1
8614763,1
8616845,1
8621395,1
8622362,2
8625432,1
8626322,1
8626513,2
8626576,1
8627326,1
8628797,1
8630624,1
8631181,2
8631781,1
8632480,1
8632600,1
8633840,1
8635094,1
8638243,1
8640918,1
8645948,1
8646071,1
8647429,2
8647768,1
8650838,1
8652787,1
8657078,1
8657779,1
8659993,1
8663099,1
8663679,1
8664074,1
8666923,1
8668081,1
8672451,1
8672791,2
8673634,1
8677974,1
8682363,1
8684355,1
8684703,1
8685505,1
8685618,1
8686039,1
8689272,1
8689653,1
8692892,2
8693029,1
8694498,1
8695598,1
8698375,1
8699328,1
8699527,1
8700123,1
8700324,1
8702339,1
8703324,1
8705429,1
8705683,1
8707279,1
8707393,1
8709120,1
8710439,1
8710472,1
8710555,1
8712068,1
8712070,1
8715672,1
8716829,1
8717108,1
8717271,1
8717471,1
8721633,1
8722223,1
8722846,1
8725170,1
8726393,1
8731922,4
8732757,1
8732795,1
8734755,1
8735482,1
8743351,1
8746048,1
8749411,1
8750132,1
8750135,2
8751613,1
8752751,1
8754258,1
8755250,1
8757697,1
8759270,1
8760567,1
8760762,1
8766057,2
8766193,1
8766318,1
8768524,1
8771454,1
8771655,1
8772017,1
8776176,1
8778696,1
8781107,1
8781907,1
8782235,1
8782273,1
8782505,1
8782666,2
8783151,1
8783353,1
8783576,1
8784712,2
8784934,1
8790386,1
8790487,1
8794409,1
8795134,1
8796330,1
8797792,1
8798829,1
8803478,1
8804879,1
8808144,1
8808703,1
8810597,1
8811907,1
8813096,1
8814123,1
8814856,1
8817287,1
8818052,1
8822316,1
8822365,1
8822573,1
8823477,1
8825354,1
8828474,1
8828652,2
8831226,1
8831468,1
8832013,1
8834728,1
8835851,1
8838305,1
8838858,1
8840218,1
8840717,1
8842278,1
8842664,1
8842890,1
8843118,1
8847879,1
8849554,1
8850410,1
8851500,1
8853184,1
8855117,1
8861305,1
8862797,1
8863065,2
8863320,1
8865084,1
8869678,1
8869892,1
8870292,1
8872119,1
8873545,1
8875786,1
8880923,1
8881198,1
8884652,1
8886227,1
8888020,1
8888438,1
8890878,1
8893086,1
8894282,1
8896044,1
8896153,1
8896988,1
8899636,1
8906089,1
8906114,1
8914163,1
8915092,1
8917174,1
8917438,1
8918043,1
8920752,1
8923139,1
8924090,1
8925165,1
8930878,1
8930910,1
8932410,1
8932755,1
8932978,1
8938008,1
8940166,1
8943572,1
8943871,1
8945602,1
8946837,1
8947112,1
8947320,1
8948701,3
8949706,1
8950721,1
8952745,1
8953934,2
8956976,1
8960757,1
8961464,1
8963963,1
8965173,1
8965202,1
8970231,1
8972592,1
8973186,1
8976546,1
8976719,1
8976891,1
8978843,1
8979403,1
8980971,2
8983439,1
8986140,1
8987615,1
8988409,1
8990777,2
8992452,1
8993036,1
8993218,1
8995957,1
8997814,1
8999121,1
9000614,1
9004850,1
9006227,1
9008063,1
9010042,1
9011171,1
9011267,1
9014034,1
9015847,1
9017609,1
9019485,1
9021155,1
9021747,1
9021988,1
9023392,1
9023876,1
9026685,1
9027363,1
9030131,1
9033989,1
9038433,1
9044544,1
9047404,1
9047995,1
9049104,1
9049421,1
9049443,1
9049533,1
9050713,1
9050737,1
9050786,1
9052536,1
9053690,1
9058533,1
9058746,1
9058941,1
9060170,1
9060346,1
9061354,1
9062746,1
9063043,1
9063726,1
9064066,1
9067094,1
9069005,1
9070198,1
9071974,1
9073779,1
9074391,1
9076163,1
9077102,1
9077203,1
9078315,1
9081954,1
9082303,1
9082570,1
9082598,1
9082925,1
9084308,1
9084941,1
9085815,1
9087409,1
9089397,1
9089568,1
9090290,1
9091958,1
9092290,1
9093289,1
9093413,1
9096315,1
9096410,1
9100169,1
9100222,1
9100764,1
9101377,1
9101793,1
9104635,1
9104721,1
9104870,1
9105856,1
9105940,1
9110567,1
9111208,1
9111980,1
9112195,1
9112841,1
9113670,1
9113726,2
9114644,2
9115937,1
9116238,1
9120583,1
9121559,1
9122157,1
9122366,1
9123876,1
9124547,2
9126398,1
9126448,1
9127594,1
9128903,1
9129071,1
9130129,1
9130301,1
9133397,1
9137189,1
9139451,1
9141708,1
9142800,1
9142901,1
9152032,1
9152043,1
9153231,1
9154859,1
9155111,1
9156552,1
9156703,1
9157395,1
9157833,1
9159492,1
9160743,1
9161438,1
9161488,1
9161739,1
9161747,1
9162396,1
9163376,1
9164477,1
9165692,1
9168908,1
9169472,1
9170380,1
9172038,1
9172090,1
9194658,1
9196501,1
9202783,1
9205389,2
9209306,1
9209882,1
9210325,1
9210534,1
9213230,1
9218431,1
9219265,1
9220038,1
9221694,1
9222111,1
9222441,1
9253091,2
9253928,1
9254219,1
9255327,1
9257113,1
9257129,1
9257131,1
9259053,1
9262208,1
9262426,1
9262942,1
9267430,1
9268745,1
9270494,1
9271155,1
9272498,1
9272629,1
9272897,1
9273580,1
9275673,1
9276709,1
9277617,1
9280478,1
9282382,1
9283098,1
9286033,1
9286092,1
9287484,1
9288402,1
9295277,1
9296576,1
9296866,1
9298484,1
9299307,1
9299965,1
9304050,1
9304536,1
9307830,1
9309570,1
9310760,1
9312956,1
9316590,1
9318457,1
9322661,1
9328564,2
9328605,1
9331040,1
9331293,1
9333093,1
9333398,1
9334579,1
9336067,1
9336514,1
9342313,1
9342687,1
9346237,1
9346614,1
9348108,1
9348287,1
9350305,1
9350581,1
9350733,1
9350879,1
9352151,1
9353833,1
9354822,1
9359296,2
9361244,1
9361348,1
9364318,1
9364343,1
9364555,1
9364584,1
9366279,1
9367764,1
9370547,3
9371334,1
9373245,1
9378261,1
9380079,1
9380313,1
9384542,1
9387545,1
9387818,1
9389813,1
9392723,1
9395011,1
9397460,1
9400582,1
9400880,1
9402861,1
9404365,1
9404824,2
9411143,1
9411860,1
9411999,1
9415675,1
9415800,1
9417983,1
9418365,1
9420027,2
9423774,1
9426567,1
9426721,1
9427813,1
9428948,1
9433499,1
9439297,1
9442294,1
9442768,1
9444029,1
9444756,1
9446277,1
9446825,1
9447643,1
9452368,1
9453404,1
9454576,1
9455555,1
9457283,1
9460962,1
9461925,2
9463113,1
9463930,1
9464825,1
9464981,1
9466324,1
9467705,1
9478918,1
9483289,1
9483723,1
9483733,1
9485003,1
9487348,1
9487739,1
9491761,1
9494986,1
9496702,1
9498104,1
9498372,1
9503662,2
9506146,1
9512067,1
9512427,1
9512557,1
9513077,1
9514958,1
9516206,1
9524118,1
9524411,1
9526388,1
9527512,1
9527681,1
9528717,1
9530168,1
9531880,1
9532377,1
9533055,1
9533376,1
9536492,2
9539529,1
9541562,1
9548962,1
9553319,1
9553966,2
9556119,1
9557659,2
9561484,1
9562152,1
9566166,1
9569897,2
9570153,1
9571906,1
9573300,2
9581278,1
9583167,1
9583366,1
9583943,1
9586851,1
9587680,1
9587692,1
9588701,1
9588926,1
9591826,1
9593424,1
9593883,1
9595985,1
9604024,1
9605663,1
9606019,1
9607121,1
9607147,1
9611008,1
9615035,1
9620622,1
9620783,1
9622538,1
9623159,1
9624059,1
9624558,1
9626491,1
9626750,1
9627034,1
9631152,1
9632858,1
9637987,1
9638156,1
9638835,1
9640837,1
9641704,1
9642092,2
9651002,1
9654923,1
9657842,1
9658355,1
9658600,1
9664363,1
9665847,1
9665980,1
9668104,1
9670990,1
9673411,1
9674881,1
9676798,1
9677399,2
9679330,1
9681769,1
9684260,1
9691017,1
9692284,1
9692326,1
9692408,1
9693388,1
9694059,1
9694225,1
9696469,1
9698542,1
9700541,1
9701609,1
9705355,1
9705520,1
9708004,1
9709734,1
9711846,1
9718515,1
9719214,1
9724420,1
9727258,1
9727551,1
9727591,1
9730175,1
9730330,1
9738894,1
9742995,1
9749173,1
9750367,1
9754171,1
9758711,1
9759792,1
9760255,1
9762652,1
9763739,1
9768096,1
9773607,1
9775838,1
9777901,1
9779970,1
9780746,1
9782521,1
9783930,1
9785479,1
9788835,1
9790196,1
9793495,1
9795917,1
9800850,3
9801802,1
9807819,1
9808326,1
9814083,1
9817513,1
9818842,1
9821346,1
9821780,1
9823531,1
9823886,1
9823932,1
9824244,2
9825562,1
9825565,1
9827696,1
9830685,1
9838749,1
9839620,1
9839946,1
9839955,1
9840663,1
9841760,1
9841977,1
9845592,1
9853010,1
9853369,1
9854773,1
9854818,1
9858187,1
9860394,1
9863353,1
9863365,1
9864446,1
9867839,1
9868229,2
9868452,1
9869387,1
9872641,1
9873236,1
9879976,1
9881407,1
9881434,1
9884103,1
9885558,1
9890500,1
9893863,1
9896958,1
9897874,1
9898247,1
9901578,1
9901863,1
9903786,1
9906612,2
9906718,1
9907304,1
9913546,1
9916488,1
9917883,1
9920385,1
9921699,1
9922416,1
9931901,1
9933826,1
9934829,1
9936881,1
9939684,1
9941773,1
9942801,1
9943520,1
9944639,1
9948149,3
9948901,1
9951192,1
9957987,1
9959168,1
9960733,1
9960982,1
9964502,1
9964605,1
9964886,1
9965521,3
9967609,1
9968219,1
9972969,1
9973046,1
9973156,1
9973386,1
9983860,1
9985286,1
9986145,1
9986921,1
9987375,1
9991303,1
9993940,1
9999729,1
10000925,1
10002527,1
10003540,1
10003710,1
10007010,1
10011532,1
10013355,1
10013746,1
10016741,1
10018065,1
10026019,1
10026538,1
10026756,1
10026800,1
10028587,1
10029810,1
10031125,1
10032671,1
10033465,1
10036337,1
10038323,1
10040154,1
10040253,1
10041024,1
10044588,1
10045300,1
10047074,1
10050194,1
10052309,2
10052336,1
10052339,1
10054226,1
10054327,1
10054343,1
10054519,1
10057443,1
10060520,1
10063075,1
10063370,1
10064282,2
10067226,2
10067384,1
10069313,1
10070176,1
10070729,2
10071039,1
10076072,1
10076790,1
10077755,1
10078357,1
10078624,1
10083037,1
10083505,1
10085380,1
10085903,1
10087880,1
10090911,1
10091198,1
10091584,1
10092181,1
10096099,1
10097437,2
10098613,1
10100659,1
10102132,1
10104049,1
10104354,1
10106341,1
10107183,1
10107633,2
10109659,1
10110994,1
10117348,1
10119143,1
10120821,1
10121870,1
10122937,1
10124094,1
10124686,1
10124814,1
10127673,1
10127803,1
10127980,1
10128632,1
10128778,1
10136079,1
10136907,1
10140473,1
10142507,1
10143364,2
10147336,1
10147422,1
10150469,1
10152702,1
10153929,1
10153971,1
10157660,1
10158899,1
10158936,1
10162554,1
10163076,1
10163201,1
10163659,1
10165801,1
10170290,1
10170422,1
10170631,1
10171207,1
10172439,1
10174390,1
10176709,2
10178146,1
10178648,1
10179520,1
10182579,1
10184038,1
10184638,1
10187586,1
10190938,1
10191300,1
10194667,1
10195482,1
10195800,1
10196693,1
10198622,1
10199663,1
10200820,1
10204923,1
10209762,1
10209814,1
10210667,1
10211906,1
10215844,1
10217028,1
10218627,1
10219404,1
10220044,1
10222521,3
10223856,1
10224584,1
10224804,2
10226014,1
10226663,1
10228550,1
10229009,1
10229969,1
10235198,1
10236571,1
10236869,1
10237069,1
10237373,1
10237496,1
10237796,1
10237908,1
10237982,1
10243286,1
10243572,1
10244000,1
10244414,1
10256507,1
10261698,1
10263941,1
10267175,1
10270110,1
10270308,1
10271963,1
10278534,2
10278877,1
10279806,1
10279994,1
10280414,1
10283127,1
10284570,1
10285070,1
10286211,1
10286961,1
10287125,1
10287796,1
10289212,1
10289597,1
10290836,1
10290923,1
10291002,1
10293793,1
10294378,1
10300685,1
10304328,1
10323274,1
10324676,1
10325589,1
10325851,1
10332025,1
10332604,1
10334184,1
10336353,1
10340167,1
10340253,1
10341108,1
10343810,1
10343873,1
10344380,1
10346184,1
10348641,1
10350366,1
10350645,1
10351007,1
10352597,1
10352931,1
10355850,1
10358615,1
10360978,1
10362952,1
10363328,1
10363352,1
10364161,1
10365273,1
10365357,1
10366817,1
10367100,1
10367662,1
10370495,1
10371177,1
10375456,1
10375593,1
10375646,1
10380318,1
10381200,1
10381492,1
10381896,1
10382233,1
10383737,1
10385316,1
10385596,1
10386656,1
10386710,1
10388612,1
10390004,2
10390959,1
10393198,1
10393491,1
10394160,1
10394161,1
10394942,1
10395817,2
10400299,1
10400711,1
10401366,1
10402266,1
10404178,1
10404961,1
10409276,1
10410523,1
10412282,1
10415005,1
10415170,1
10417361,1
10420186,1
10420584,1
10422347,1
10423192,1
10425127,1
10430890,1
10432318,1
10434328,1
10434946,1
10436679,1
10441177,1
10446685,2
10447059,1
10450602,1
10451288,1
10451444,1
10453922,1
10454703,1
10454741,1
10456376,1
10456740,1
10456961,1
10461665,1
10462736,1
10462973,2
10464497,2
10465183,1
10465428,1
10465670,1
10466564,1
10468217,1
10469459,1
10470475,1
10470872,1
10470892,1
10472437,1
10476066,1
10476131,1
10477067,1
10479699,1
10480967,1
10481700,1
10485074,1
10486922,1
10487845,1
10489506,1
10491937,1
10494040,1
10494397,1
10495809,1
10499966,1
10502863,1
10503179,1
10503748,1
10506722,1
10508053,1
10514337,1
10517914,1
10519067,1
10519220,1
10522375,1
10523817,1
10527522,1
10528737,1
10531092,1
10531698,1
10532244,1
10532611,1
10532751,1
10536802,2
10536950,1
10541284,1
10543859,1
10552890,1
10553856,1
10555786,1
10557210,1
10557602,1
10559772,1
10560119,1
10561268,1
10565046,1
10569139,1
10569495,1
10572368,1
10573038,1
10574059,1
10574445,1
10574556,1
10578225,1
10578344,1
10579975,1
10582530,1
10583908,1
10584189,1
10592244,1
10593391,1
10597167,1
10598397,1
10599762,1
10602045,1
10604247,1
10608765,1
10610157,1
10610335,1
10611082,1
10617122,1
10619182,1
10628007,1
10631268,1
10632233,1
10636578,1
10637482,1
10645526,1
10650853,1
10653144,1
10654028,1
10655529,1
10657551,1
10657588,1
10660283,1
10660805,1
10662315,2
10664455,1
10665499,1
10667498,1
10667698,2
10670590,1
10671410,1
10671559,1
10671879,1
10676103,1
10676525,1
10676925,1
10677263,1
10680296,1
10680312,1
10682054,1
10682707,1
10683193,1
10684225,1
10684972,1
10686042,1
10686801,1
10688871,1
10690531,1
10691706,1
10693087,1
10693581,1
10693658,1
10694097,1
10697351,1
10700721,1
10701973,2
10704423,1
10704661,1
10704816,1
10704835,1
10709657,1
10715714,1
10719325,1
10722952,1
10723626,1
10724293,1
10724682,1
10727862,1
10728085,1
10728549,1
10735730,1
10735997,1
10737293,1
10737835,1
10740043,1
10741404,1
10743672,2
10744946,1
10746682,1
10746993,3
10748726,1
10749142,1
10750252,1
10751082,1
10753165,1
10753722,1
10754194,1
10754765,2
10757551,1
10762127,1
10762948,1
10765706,1
10766082,1
10766871,1
10769656,1
10773920,1
10780214,1
10781892,1
10787084,1
10789692,2
10793626,1
10794200,1
10799186,1
10800041,1
10803383,1
10804060,1
10805452,1
10805478,1
10807310,1
10807812,1
10808358,1
10811132,1
10813063,1
10820071,1
10822018,1
10822884,1
10823939,1
10824190,1
10829306,1
10830208,1
10831030,1
10834626,1
10836545,1
10838655,1
10842824,1
10843208,1
10846005,1
10846487,1
10849052,1
10849586,1
10853783,1
10855180,1
10855502,1
10858759,1
10859693,1
10859832,1
10860418,1
10863239,1
10865729,1
10866198,1
10867286,1
10867563,2
10872136,1
10875678,1
10875777,1
10877412,1
10877466,2
10882793,1
10883504,1
10883690,1
10886456,1
10888433,2
10893582,1
10894015,1
10895393,1
10897856,1
10903272,1
10905411,1
10906982,1
10908640,1
10912900,1
10914751,1
10916813,1
10916899,1
10920253,1
10922642,1
10927304,2
10930013,1
10930318,1
10931741,1
10933561,1
10939809,1
10941136,1
10942150,1
10944610,1
10944644,1
10945014,1
10952642,1
10954580,1
10954827,1
10956280,1
10956708,1
10958000,1
10959084,1
10959546,1
10960108,1
10961094,1
10962267,1
10963874,1
10965841,1
10966420,1
10966925,2
10967987,1
10969616,1
10980104,1
10981776,1
10989736,1
10995524,1
10995971,1
10996665,1
10997968,1
11001224,1
11001576,1
11004857,1
11005424,1
11007086,1
11010776,1
11015602,1
11019911,1
11020536,1
11021461,1
11021965,1
11023099,1
11024420,1
11026406,1
11030959,1
11031091,1
11031952,1
11032490,1
11032808,2
11033984,1
11034792,1
11035426,1
11035784,1
11036472,1
11037260,1
11038952,1
11044877,1
11045296,1
11047068,1
11048133,1
11048387,2
11049001,1
11051204,1
11053683,1
11056924,1
11061725,1
11062001,1
11062553,1
11063693,1
11064311,1
11065596,1
11069271,1
11069971,1
11070846,1
11075372,1
11075561,1
11080523,1
11081491,2
11088808,1
11092967,1
11095003,1
11095004,1
11096034,2
11096607,1
11096682,1
11096864,1
11096968,2
11097096,1
11098948,1
11132792,1
11132880,1
11135032,1
11135744,1
11139682,1
11140532,1
11141558,1
11141862,1
11142171,1
11143994,1
11145462,1
11146494,1
11147376,1
11149784,1
11151168,1
11153232,1
11153579,3
11153873,1
11155177,1
11158247,1
11161622,1
11162205,1
11166065,1
11166137,1
11166786,1
11168525,1
11171020,1
11171126,1
11174327,1
11177314,1
11179144,1
11180071,1
11185160,1
11185582,1
11185738,1
11186417,1
11187206,1
11191264,1
11192474,1
11204473,1
11208082,4
11209477,1
11210117,1
11213594,1
11215636,1
11216696,1
11219262,1
11220793,1
11223234,1
11224924,1
11227540,1
11228182,1
11229222,1
11230573,1
11230770,1
11231648,1
11233555,1
11234139,1
11238540,1
11240860,1
11244193,1
11246021,1
11246316,1
11247099,3
11248671,1
11251627,1
11253632,1
11253634,1
11255103,1
11256172,1
11256376,1
11256481,1
11258286,1
11259450,1
11262574,1
11262660,1
11262771,1
11265024,1
11268302,1
11269635,1
11269639,2
11271621,1
11272404,1
11273616,1
11280170,2
11282857,1
11283620,1
11285770,1
11286580,1
11287117,1
11289825,1
11291831,1
11292128,1
11294874,1
11298496,1
11300428,1
11300540,1
11301090,1
11302725,1
11304287,1
11310624,1
11313829,1
11314103,1
11317829,1
11319202,1
11322032,1
11323054,1
11323803,1
11326748,1
11328307,1
11334069,1
11339468,2
11341955,2
11342054,1
11345624,1
11348238,1
11348778,1
11348981,1
11350169,1
11351322,1
11352192,1
11352491,1
11354911,1
11357290,1
11361874,1
11365056,1
11365978,1
11367844,1
11370809,1
11372753,1
11373553,1
11376290,1
11376723,1
11377826,1
11378424,1
11380076,1
11382432,1
11383626,1
11383747,1
11386903,1
11387611,1
11390468,1
11392695,2
11393003,1
11393955,1
11394149,1
11397279,1
11400454,2
11405387,1
11406106,1
11409973,1
11410385,1
11414257,1
11415980,1
11417357,1
11418004,1
11418369,1
11419017,1
11425102,1
11426802,1
11427028,1
11427267,1
11428067,1
11428236,1
11428655,1
11430621,1
11430768,1
11434205,3
11441526,1
11444430,1
11448010,1
11448559,1
11450228,1
11456790,1
11459028,1
11459219,1
11459507,1
11459840,1
11460645,2
11461094,1
11462199,1
11462711,1
11465594,1
11466941,1
11472164,1
11472839,1
11473889,1
11478311,1
11481078,1
11482832,1
11484206,1
11487378,2
11491327,1
11497645,1
11504277,1
11506327,1
11506967,1
11508608,1
11508654,1
11511555,1
11511764,1
11511864,1
11512608,1
11517218,1
11521496,1
11522649,1
11523473,1
11527621,1
11528851,1
11529140,1
11532828,1
11534726,1
11535964,1
11537219,1
11537907,1
11539619,1
11540112,1
11542308,1
11549968,1
11550396,1
11552304,1
11552575,1
11553012,1
11553410,1
11555232,1
11556031,1
11557901,1
11558952,1
11558962,1
11561465,1
11561578,1
11562092,1
11563853,1
11564377,1
11564650,1
11569315,1
11569903,1
11570544,1
11573343,1
11574161,1
11577424,1
11579358,1
11581972,1
11582667,1
11584995,1
11585141,1
11586643,1
11588747,1
11589682,1
11590808,1
11592023,1
11592159,1
11592769,1
11595852,1
11597055,1
11599796,1
11600986,1
11602424,1
11609290,1
11610680,1
11611719,1
11611776,1
11613311,1
11614678,1
11616247,1
11616378,1
11618033,1
11618432,1
11618557,1
11618798,1
11619091,1
11625672,1
11625846,1
11626122,1
11631454,1
11632382,1
11633333,1
11634240,1
11636184,1
11637247,1
11638074,1
11638619,1
11639896,2
11641518,1
11643477,1
11644687,1
11647461,1
11648047,1
11648852,1
11648907,1
11649342,1
11651747,1
11653079,1
11654230,2
11655196,1
11656932,1
11660098,1
11660435,1
11665033,1
11667451,1
11667869,3
11668564,1
11669846,1
11673174,1
11674202,1
11682032,1
11683796,1
11684453,1
11684948,1
11686446,1
11689106,1
11690858,1
11694033,1
11694404,1
11695585,1
11695769,1
11698744,2
11698947,1
11701842,1
11704179,1
11705038,1
11705326,2
11705484,1
11705712,1
11706033,1
11707609,1
11708972,1
11711706,1
11712737,1
11713241,1
11715448,1
11719476,1
11719845,1
11720085,1
11720976,1
11722214,1
11723485,1
11723962,1
11728231,1
11728435,1
11729272,1
11730463,1
11732880,1
11733036,1
11733086,1
11736217,1
11736897,1
11738128,2
11739889,1
11740719,1
11740735,1
11741117,1
11741762,1
11742669,1
11743227,1
11745653,1
11745691,1
11746753,1
11750532,1
11753998,1
11756311,1
11756790,1
11759204,1
11759652,1
11761451,1
11768143,1
11769524,2
11771452,1
11771540,1
11773476,1
11777825,1
11778437,1
11782675,1
11782833,1
11783095,1
11785939,1
11785959,1
11786327,1
11788028,1
11788389,1
11789857,1
11791254,1
11792538,1
11792595,1
11794202,1
11797174,1
11797824,1
11798751,1
11800557,1
11801238,1
11801722,1
11801849,2
11801873,1
11801894,1
11803341,1
11805101,1
11806295,1
11807264,1
11808231,1
11808736,1
11808845,1
11810069,1
11811888,1
11814930,1
11816344,2
11823408,1
11824944,1
11825532,2
11826091,1
11827707,1
11829847,1
11833599,1
11834902,1
11835246,1
11835351,1
11835878,1
11839736,1
11842067,1
11846339,1
11848011,2
11848484,1
11854330,1
11854436,1
11855952,1
11856134,1
11856952,1
11873078,1
11874191,1
11874211,1
11876747,1
11878637,1
11884243,1
11887260,1
11889433,1
11889942,1
11891085,1
11891578,1
11893096,1
11895456,1
11897937,1
11901124,1
11901979,1
11905011,1
11905377,1
11907535,1
11909887,1
11910622,1
11911089,1
11913168,1
11914201,1
11915034,1
11915378,1
11917633,3
11917658,1
11918475,1
11920339,1
11920757,1
11921291,1
11923975,1
11940205,1
11950149,1
11952595,1
11959330,1
11962885,1
11963379,1
11966684,1
11967712,1
11968222,1
11968925,1
11975985,1
11976879,1
11978847,1
11982348,1
11986564,1
11986836,2
11988820,1
11994719,3
11995439,1
11995684,1
12002072,1
12003569,1
12004246,1
12005802,1
12007025,1
12008103,1
12009156,1
12009960,1
12017203,1
12019216,1
12021217,1
12022471,1
12027442,1
12028138,1
12030896,1
12032248,1
12034109,1
12034832,1
12036036,1
12036644,1
12036746,1
12036937,1
12037013,1
12038409,1
12040852,1
12040974,1
12044110,1
12046008,1
12046115,1
12048108,1
12049776,1
12052430,2
12055456,2
12058937,1
12060021,1
12061211,1
12063594,1
12065867,1
12068103,1
12068176,1
12068299,1
12069658,1
12071529,1
12077148,1
12077198,1
12082258,1
12084212,1
12086466,1
12091906,1
12093492,1
12096460,1
12100880,1
12104969,1
12107969,1
12110853,1
12111581,1
12112217,1
12112732,1
12116264,1
12118567,1
12119289,1
12120202,1
12120333,1
12120644,1
12121539,1
12121913,1
12123338,1
12124621,1
12127846,1
12132775,1
12134347,1
12136647,1
12137720,1
12138158,1
12142702,1
12144342,1
12146082,1
12146816,1
12148037,1
12150288,1
12151725,1
12156185,1
12157224,1
12158000,1
12160623,1
12163908,1
12165422,1
12166643,1
12168237,1
12173186,1
12173496,1
12175126,1
12175496,1
12178490,1
12179851,1
12184532,1
12187228,1
12187868,1
12189561,1
12189820,1
12189856,1
12192118,1
12195235,1
12196273,1
12198101,1
12199163,1
12201350,1
12201779,1
12202279,2
12203658,1
12208676,1
12210687,1
12211926,1
12214360,1
12215288,1
12215982,1
12222927,1
12223738,1
12224008,1
12227687,1
12227963,1
12228882,1
12229877,1
12229968,1
12230408,1
12231048,1
12234053,1
12235378,1
12235778,1
12236799,1
12243282,1
12243691,1
12250313,1
12250772,1
12252472,1
12261336,1
12261734,1
12262539,1
12263703,1
12264626,1
12276977,1
12277086,1
12277586,1
12281292,1
12282252,1
12283359,1
12284941,1
12284951,1
12290036,1
12291047,1
12292047,2
12292943,1
12294178,1
12295159,3
12295922,1
12296004,1
12297274,1
12315746,1
12319789,1
12322740,1
12330159,1
12336079,1
12345848,1
12349294,1
12357213,1
12358332,1
12371832,1
12372818,1
12374392,1
12375818,1
12376877,1
12377381,1
12378171,1
12380949,1
12381818,1
12385345,1
12385501,2
12392351,1
12395973,1
12397073,1
12397370,1
12400928,1
12406919,1
12407200,1
12410203,1
12410942,1
12420351,1
12423122,1
12424987,1
12425729,1
12427312,1
12428252,1
12428415,1
12431371,1
12431402,1
12433465,1
12433959,1
12436824,1
12438512,1
12440573,1
12442539,1
12443257,1
12452268,1
12454643,1
12460060,1
12461031,1
12464025,1
12470841,1
12472231,1
12476464,1
12477716,1
12478828,1
12479337,1
12482900,1
12483219,1
12484702,1
12488783,1
12493875,1
12495202,1
12497234,1
12502170,1
12506217,1
12507152,1
12509097,1
12510559,1
12514404,1
12514545,1
12520493,2
12524287,1
12526624,1
12531007,1
12531229,1
12532401,1
12533691,1
12534630,1
12540796,1
12541776,1
12542046,1
12542935,1
12545140,1
12545726,1
12548093,1
12549812,1
12551635,1
12552271,1
12552777,1
12554030,1
12556509,1
12559640,1
12560461,2
12561434,1
12563266,1
12564907,1
12567035,1
12567059,1
12569733,1
12569833,1
12569976,1
12571108,1
12576070,1
12576614,1
12578579,1
12579522,1
12579618,1
12584257,1
12589174,1
12591074,1
12591890,1
12597068,1
12598420,1
12599431,1
12604876,1
12606778,1
12606808,1
12609607,1
12611259,1
12611348,1
12611964,1
12615679,2
12621422,1
12621572,1
12622625,2
12626864,1
12627038,1
12628112,1
12635603,1
12638352,1
12643275,1
12647796,1
12656264,1
12657221,1
12658865,1
12659249,1
12660687,1
12666146,1
12668386,1
12674183,1
12677113,1
12677273,1
12677701,1
12677733,1
12679384,1
12680117,1
12680365,1
12681821,1
12681955,1
12682597,1
12684082,1
12684601,1
12686250,1
12688182,1
12688534,1
12690984,1
12693098,1
12694554,1
12694644,1
12694995,1
12696867,1
12700289,1
12702608,1
12703827,1
12706467,1
12706738,1
12712616,1
12713811,1
12715035,2
12715168,1
12716535,1
12717937,1
12718188,1
12719863,2
12721191,1
12722992,1
12723818,1
12724445,1
12724594,1
12725288,1
12725953,1
12730759,1
12734758,1
12736263,1
12736734,1
12738484,1
12741016,1
12745899,1
12746043,1
12746779,1
12747676,1
12749059,1
12750193,1
12750442,1
12752145,1
12755416,1
12755670,1
12756047,1
12756546,1
12757641,1
12758612,1
12759319,1
12759398,1
12763221,1
12764993,1
12765385,1
12767551,1
12767895,1
12768366,1
12770501,1
12772118,1
12773166,1
12777771,1
12782505,1
12784593,1
12785565,1
12786505,1
12786751,1
12787237,1
12788847,1
12790890,1
12793501,1
12795428,1
12796233,1
12799326,1
12800001,1
12802798,1
12803588,1
12803774,1
12808484,1
12809212,1
12811398,1
12812863,1
12815768,1
12819631,1
12821956,1
12824278,2
12826053,1
12826994,1
12831254,1
12832280,1
12833556,1
12833794,2
12834601,1
12836693,2
12839688,1
12839988,1
12840982,1
12841688,1
12846955,1
12847715,1
12850699,1
12851655,1
12852780,1
12853539,1
12859895,1
12861981,1
12863757,1
12870392,1
12870790,1
12871120,1
12877905,1
12878391,1
12878831,1
12880413,1
12881129,1
12881170,1
12887823,1
12888144,1
12899699,2
12901172,2
12903942,1
12905670,1
12906130,1
12907730,1
12908560,1
12910637,1
12911259,1
12911360,1
12913401,1
12915163,1
12917333,1
12926678,1
12930377,1
12931858,1
12935861,1
12936780,1
12936800,1
12937166,1
12938502,1
12939567,1
12946647,1
12947163,1
12948692,1
12948766,1
12951727,1
12952080,1
12952240,1
12952641,1
12955546,1
12955549,1
12955734,1
12956286,1
12957692,1
12958815,1
12965261,1
12966574,1
12966814,1
12967882,1
12969211,1
12974251,1
12975481,1
12982325,1
12984659,1
12985580,1
12985873,1
12987548,1
12988138,1
12988459,1
12991700,1
12992332,1
12993334,1
12997846,1
12998211,1
12998572,1
12999238,1
12999787,1
13000278,1
13001378,1
13002992,1
13004198,1
13010420,1
13017944,1
13017956,1
13019137,1
13021881,1
13022754,1
13024177,1
13027142,1
13029465,1
13029839,1
13030703,1
13031838,2
13049064,1
13049130,1
13050025,2
13051472,1
13051609,1
13053017,1
13054574,1
13056181,2
13056493,1
13057258,1
13067583,1
13069972,2
13074644,1
13075269,1
13080878,1
13081502,1
13081611,1
13082247,1
13083772,1
13083856,1
13085465,1
13086088,1
13086334,1
13089414,1
13089667,1
13089743,1
13090166,1
13091533,1
13093042,1
13097192,1
13097797,1
13098072,1
13098221,1
13105035,1
13110683,1
13112992,1
13113185,1
13114351,1
13115060,1
13116798,1
13119245,1
13119842,1
13119970,1
13120204,1
13122119,1
13129603,1
13130705,1
13132405,1
13133179,1
13134056,1
13134916,1
13135825,1
13136059,1
13137425,1
13137706,1
13138384,1
13139373,1
13141308,1
13142418,1
13146337,1
13147141,1
13148437,1
13151118,1
13159599,1
13161958,1
13162047,1
13165540,1
13167154,1
13168696,1
13180040,1
13182387,1
13183319,1
13184132,1
13184350,1
13184908,1
13185699,1
13186335,2
13188169,1
13190004,1
13193778,1
13194363,1
13195338,1
13195630,1
13196123,1
13198855,1
13199771,1
13200110,1
13200163,1
13203516,1
13205768,1
13206601,1
13206945,2
13207600,1
13208038,1
13211302,1
13213476,1
13215043,1
13225220,1
13225534,1
13226155,1
13227454,1
13228820,1
13228932,1
13230385,1
13240539,1
13241824,1
13242074,1
13242392,1
13243026,1
13244173,1
13251079,1
13251150,1
13253335,1
13253684,1
13253805,1
13255981,1
13257018,1
13259058,1
13259982,1
13260307,1
13260377,1
13262395,1
13262836,1
13268042,1
13268691,1
13268747,1
13270453,1
13271775,1
13278210,1
13279060,1
13279967,1
13282699,3
13287048,1
13289283,1
13297792,1
13301695,1
13302988,1
13304493,1
13304621,1
13306690,1
13308700,1
13309631,1
13309880,1
13313321,1
13317708,1
13317901,1
13318733,1
13320947,1
13323303,1
13333578,1
13333726,2
13337103,1
13341339,1
13346629,1
13346812,1
13348378,3
13351451,1
13353147,1
13353649,1
13354530,1
13357933,1
13360138,1
13365626,1
13366821,1
13366932,1
13368640,1
13370323,1
13370598,1
13371865,1
13373613,1
13374460,1
13374728,1
13374748,1
13377123,1
13379595,1
13380457,1
13381361,3
13382332,1
13382652,1
13384523,1
13390788,1
13390808,1
13390873,1
13391795,1
13392790,1
13394801,1
13397812,1
13398285,1
13398326,1
13398380,1
13400398,2
13400784,2
13407183,1
13408495,1
13415452,1
13418890,1
13423344,1
13425841,1
13428965,1
13429181,2
13430892,1
13436140,1
13442533,1
13443095,1
13443357,1
13448316,1
13448787,1
13453670,1
13454011,1
13457698,1
13459501,1
13461315,1
13463203,1
13472823,1
13484935,1
13485609,1
13485782,1
13486398,1
13487305,1
13490582,1
13490595,1
13491712,1
13499996,1
13505247,1
13513977,1
13523359,1
13525480,1
13531839,1
13535256,1
13535985,1
13537446,1
13537652,1
13539615,1
13542137,1
13543089,1
13544620,1
13544796,1
13546685,1
13547104,1
13549730,1
13553903,2
13555312,1
13558653,1
13558917,1
13561405,1
13561988,1
13562839,1
13563897,1
13569004,1
13569098,1
13569983,1
13570786,1
13575704,2
13576163,1
13578537,1
13579374,1
13586373,1
13586874,1
13592559,1
13594743,1
13594830,1
13595328,1
13595509,1
13595899,1
13600347,1
13602143,1
13602468,1
13602871,1
13603403,1
13603688,1
13604216,1
13605043,1
13606500,1
13609136,1
13610277,1
13611953,1
13618205,1
13618860,1
13618944,1
13619515,1
13621738,1
13623913,1
13624191,1
13626200,1
13632143,1
13636019,1
13641098,1
13642392,1
13650720,1
13651113,1
13651389,1
13654841,1
13661163,1
13661528,1
13665637,1
13672662,1
13673521,1
13679272,1
13680148,1
13680382,1
13683842,1
13689192,1
13692002,1
13692220,1
13698226,1
13698520,1
13705579,1
13706448,1
13708372,1
13708531,1
13710580,1
13718037,1
13721490,1
13721712,1
13734297,1
13734662,1
13736036,1
13736056,1
13743297,1
13746800,1
13748374,1
13749212,1
13751853,1
13752770,1
13755193,1
13758438,1
13764397,1
13765054,1
13765713,1
13766432,1
13768185,1
13768902,1
13768925,1
13773789,1
13776377,1
13777222,1
13780169,1
13782141,1
13783303,1
13784162,1
13784628,1
13784794,1
13786931,1
13787174,1
13791720,1
13792421,1
13794710,1
13795788,2
13798342,1
13800170,1
13803031,1
13804601,1
13805071,1
13806458,1
13808724,1
13809355,1
13811862,1
13814565,1
13816802,1
13817417,1
13818610,1
13818937,1
13819005,1
13819445,1
13825126,1
13825491,1
13829929,1
13830957,1
13833179,1
13834481,1
13835944,1
13840545,1
13846022,1
13846439,1
13846660,2
13848861,1
13850028,1
13853444,1
13857969,1
13859395,1
13861040,1
13862850,1
13865151,1
13865709,1
13869303,1
13870295,1
13870478,1
13871732,1
13873668,1
13873803,1
13879378,1
13880722,1
13883964,1
13885861,1
13886409,1
13886965,1
13888485,1
13888831,1
13891133,2
13893779,1
13894820,1
13895272,1
13897936,1
13903468,1
13905325,1
13910387,1
13910969,1
13911280,1
13913903,1
13920090,1
13924267,1
13924801,1
13930054,1
13931806,1
13933287,1
13938334,1
13943009,1
13943595,1
13943630,1
13950817,1
13951458,1
13954812,1
13956145,1
13963535,1
13963626,1
13965397,1
13967242,1
13974570,1
13974588,1
13979159,1
13979201,1
13984226,1
13985841,1
13986359,1
13986685,1
13994201,1
13994362,1
13996238,1
13997703,1
13999149,1
14001491,1
14003064,1
14006504,1
14008307,1
14008915,1
14010132,1
14011130,1
14011768,1
14016168,1
14019835,1
14020024,1
14020544,1
14021523,1
14022570,1
14026001,1
14026006,1
14026360,2
14027534,7
14029650,1
14030169,1
14030524,1
14030663,1
14030993,1
14041744,1
14042129,1
14043035,1
14046872,1
14047473,1
14049268,2
14049972,1
14053728,1
14053802,3
14054505,1
14057134,1
14061916,1
14063484,1
14063858,1
14065678,1
14067959,1
14069947,1
14071051,1
14074079,1
14075889,1
14084342,1
14086603,1
14087100,1
14092074,1
14094653,1
14099737,1
14100170,1
14104292,2
14110199,1
14110316,1
14110556,1
14113435,1
14114500,1
14119096,1
14122965,1
14125062,1
14126125,1
14128464,1
14131823,1
14133265,1
14133711,1
14135652,1
14136287,1
14136384,1
14145407,1
14146560,1
14147209,1
14148430,1
14149230,1
14149564,1
14150873,1
14151258,1
14151782,1
14153284,1
14153526,1
14162043,1
14162639,1
14163465,1
14165771,1
14166966,1
14168229,1
14168559,1
14169057,1
14170817,1
14175665,1
14177215,1
14177973,1
14183213,1
14185889,1
14189387,1
14191578,1
14193765,1
14198332,1
14200888,1
14202344,1
14202900,1
14205986,1
14208754,1
14209812,1
14217365,1
14218270,1
14218714,1
14218967,1
14221764,2
14227035,1
14227866,1
14231148,1
14231157,1
14234815,1
14235743,1
14236056,1
14236753,1
14238050,1
14240660,1
14241866,1
14243318,1
14245915,1
14246397,1
14246801,1
14247607,1
14249985,1
14250133,1
14255843,1
14256421,1
14257862,1
14263443,1
14263514,1
14263515,1
14265316,2
14266980,1
14267553,1
14270237,1
14273636,1
14275210,1
14276147,1
14278318,1
14279561,1
14281904,1
14282894,1
14283647,1
14283972,1
14284867,1
14286382,1
14289961,2
14291638,1
14293537,1
14295288,1
14297705,1
14298343,1
14299839,1
14300111,1
14301985,1
14304404,1
14307347,1
14309948,1
14311741,1
14311743,1
14318826,1
14323673,1
14324179,1
14326070,1
14328614,1
14330719,1
14331178,1
14331216,1
14333747,1
14337484,1
14338007,2
14347683,1
14349965,1
14350049,2
14350521,1
14351334,1
14352539,1
14354736,1
14356561,1
14356595,1
14357890,1
14360154,1
14364153,1
14365320,1
14366166,1
14366446,1
14369357,1
14394892,1
14395080,1
14492694,1
14501791,1
14541698,1
14557825,1
14580434,1
14588641,1
14609656,1
14620076,1
14620321,1
14660993,1
14685751,1
14717343,1
14757289,1
14766017,1
14776524,2
14780887,1
14784326,2
14786041,1
14789714,1
14790226,1
14790428,1
14790466,4
14791119,1
14792994,1
14795864,1
14800320,1
14801436,1
14802181,1
14804033,2
14805520,1
14805903,1
14806298,1
14808645,1
14810260,1
14813436,1
14822943,1
14823453,1
14825463,1
14827572,1
14828033,1
14828183,1
14831105,1
14831358,1
14834132,1
14838729,1
14838850,2
14841632,1
14846209,1
14848722,1
14850387,2
14851208,1
14852634,1
14852843,1
14854048,1
14857674,1
14859455,1
14860264,1
14863327,1
14863373,1
14863969,1
14866249,1
14867591,1
14872154,1
14874091,1
14874974,1
14877841,1
14884849,1
14885846,1
14887287,1
14888843,1
14889182,1
14889418,1
14893203,1
14898960,1
14902909,1
14910581,1
14910691,1
14913725,1
14915075,1
14916764,1
14916988,1
14917878,1
14920231,1
14921356,1
14922324,1
14925580,1
14926758,1
14927668,1
14928995,1
14930748,1
14932913,1
14933454,1
14933665,1
14934055,1
14934061,1
14935376,1
14936241,1
14938291,1
14938367,1
14938807,1
14944123,1
14944822,1
14951279,1
14951430,1
14952546,1
14953486,1
14958041,1
14959173,1
14961526,1
14962688,1
14962951,1
14963160,2
14963751,1
14964542,1
14966155,1
14966470,1
14966548,1
14966750,2
14968645,1
14969179,1
14969790,1
14970655,1
14971929,1
14974112,1
14976386,1
14977542,1
14982488,1
14983871,1
14985016,1
14985050,2
14985690,1
14987889,1
14993220,1
14993551,1
14996791,1
14997888,1
14999629,1
15003141,1
15007517,1
15008907,2
15012415,1
15014949,1
15017942,1
15018155,1
15023006,1
15028881,1
15032282,1
15034042,1
15034695,1
15037839,1
15039010,1
15040698,1
15041791,1
15050200,1
15053814,1
15054312,1
15054664,1
15054785,1
15056337,1
15057490,1
15058755,1
15058920,1
15061856,1
15062564,1
15064671,1
15068096,1
15069074,1
15069839,1
15072172,1
15075613,1
15075759,1
15076013,1
15076603,1
15078782,1
15090582,1
15093567,1
15105596,1
15109533,1
15110956,1
15113371,1
15113386,1
15114362,1
15114900,1
15122850,1
15127788,1
15129756,1
15130992,1
15142680,1
15145274,1
15145767,1
15147715,1
15148414,1
15149738,1
15150970,1
15151483,1
15155045,1
15156848,1
15158320,1
15158756,1
15159607,1
15160023,1
15161181,1
15167330,1
15171006,1
15172919,2
15173172,1
15176512,1
15177069,1
15178067,1
15180122,1
15180702,1
15181284,1
15185628,1
15190246,1
15193485,1
15194063,1
15194498,1
15196379,1
15196383,1
15198423,1
15199050,1
15210965,1
15211391,1
15211548,1
15212184,1
15212530,1
15213846,1
15216063,1
15216687,1
15217173,1
15225499,1
15225573,1
15225986,1
15226239,1
15233913,2
15234847,1
15235204,1
15239096,1
15240571,1
15241916,1
15243175,1
15246256,1
15252216,1
15258494,1
15258612,1
15258962,1
15261102,1
15264239,1
15264814,1
15272998,1
15273034,1
15275408,1
15276630,1
15281217,1
15286128,1
15305358,1
15305422,1
15306309,1
15307244,1
15307857,1
15308111,1
15308261,1
15308462,2
15310118,1
15310842,1
15312128,1
15312873,1
15314036,1
15314293,2
15314796,1
15315888,1
15316889,1
15319667,1
15323267,1
15323399,1
15324633,1
15325063,1
15325126,1
15326838,1
15330608,1
15335529,1
15336011,1
15337484,1
15340687,1
15340704,2
15341147,1
15342503,1
15343730,1
15346503,1
15348827,1
15349331,1
15354249,1
15360891,1
15361982,2
15363261,1
15363376,1
15363456,1
15367484,8
15369874,1
15371828,1
15372710,1
15373178,1
15373810,1
15379793,1
15381275,1
15382305,1
15383545,1
15386648,2
15386845,1
15386865,1
15406392,1
15411272,1
15432454,1
15432720,1
15438998,1
15441946,1
15459200,1
15465088,1
15493430,1
15505832,1
15508203,1
15517661,1
15525280,1
15526524,1
15526856,1
15535177,1
15544577,1
15554561,1
15564476,1
15565481,1
15584994,2
15604894,1
15605269,1
15606086,1
15607420,1
15620275,1
15628143,1
15629444,1
15636985,1
15637966,1
15640895,1
15650591,1
15653942,1
15655504,1
15660621,1
15660721,1
15664075,1
15664869,1
15664953,1
15667714,1
15670111,1
15676655,2
15680502,1
15681479,1
15692310,1
15699793,1
15703090,1
15704489,1
15705262,1
15706966,1
15707180,1
15707543,1
15710300,1
15711820,1
15714095,1
15718081,1
15719718,1
15723427,1
15727736,1
15730824,1
15747583,1
15753101,1
15766192,2
15774806,1
15776622,1
15780903,1
15784483,1
15785210,1
15785343,2
15795532,1
15797507,1
15799167,1
15801757,1
15801806,1
15804042,1
15804464,1
15805109,1
15807050,1
15815194,1
15815271,1
15815781,1
15817526,1
15818441,1
15818888,1
15820228,1
15820530,1
15821566,1
15822647,1
15830476,1
15837981,1
15844288,1
15845066,1
15847799,1
15847857,1
15848838,1
15849318,1
15849319,1
15854173,1
15856982,1
15859947,2
15860314,1
15861396,1
15866939,1
15869754,1
15871340,1
15872986,1
15874545,1
15875066,1
15875595,1
15875756,1
15879987,1
15880397,1
15880638,1
15896005,1
15898277,1
15909056,1
15909793,1
15911039,2
15912049,1
15915043,1
15915978,1
15916123,2
15921519,6
15926755,1
15926758,1
15931574,1
15936231,1
15937065,1
15942023,1
15942983,3
15943089,1
15945189,1
15950706,1
15954013,1
15955045,1
15955374,1
15956627,1
15957347,1
15957402,1
15957817,1
15957973,1
15961472,1
15962980,1
15965601,1
15965696,1
15966638,1
15967687,1
15967766,1
15968956,1
15969021,1
15974299,1
15976103,1
15977084,1
15979404,1
15980682,1
15983334,1
15986629,1
15989223,1
15991202,1
15991828,2
15992847,1
15998138,1
15999657,1
16002036,1
16003438,1
16005238,1
16005567,2
16007179,1
16009897,1
16017648,1
16018832,1
16019629,2
16019863,1
16019969,1
16019986,1
16022854,1
16024069,1
16024985,1
16026633,1
16029765,1
16035229,1
16035442,1
16037646,1
16042670,1
16042676,1
16046674,1
16047980,1
16050377,1
16052531,1
16054136,1
16054566,1
16054786,1
16058869,1
16059383,1
16060559,1
16064787,1
16065878,1
16066571,1
16066807,1
16067344,1
16067654,1
16068444,1
16071974,1
16073960,1
16074300,1
16076993,1
16078197,1
16083673,1
16084180,1
16086171,1
16089364,1
16090309,1
16090423,1
16093795,1
16097046,1
16099046,1
16099706,1
16100386,1
16100387,1
16104207,1
16104985,1
16108563,1
16117085,1
16119820,1
16123745,1
16128876,1
16131400,1
16131917,1
16144158,2
16145883,2
16146623,1
16149251,1
16151769,2
16154204,1
16154655,1
16156210,1
16157837,1
16159839,1
16162053,1
16162622,1
16166401,1
16169419,1
16171743,1
16173870,1
16175551,1
16176421,1
16181067,1
16184582,1
16185081,1
16186661,1
16186692,1
16190582,1
16197738,1
16198126,1
16200219,1
16201837,1
16204269,1
16204819,1
16207732,1
16215255,1
16217563,1
16218846,1
16224533,1
16226383,1
16229538,1
16235894,1
16237019,1
16241612,1
16242628,1
16245367,1
16245477,1
16245738,1
16246891,1
16248113,1
16248153,1
16250634,1
16252154,1
16256758,1
16256802,1
16259641,1
16261910,1
16262531,1
16263913,1
16265411,1
16266103,1
16267321,3
16269157,1
16273755,1
16276166,1
16276401,1
16278412,1
16278759,1
16279065,1
16283453,1
16287077,1
16287977,1
16288797,1
16289081,1
16291547,1
16294261,1
16294559,1
16295702,1
16298666,1
16299493,1
16299691,1
16300669,1
16302538,1
16306510,1
16307070,1
16307796,1
16309962,1
16310470,1
16311215,1
16312588,1
16313625,1
16315650,1
16316111,1
16327281,1
16328050,5
16333228,1
16335095,1
16336606,1
16336640,1
16337072,1
16337548,1
16340036,1
16348608,1
16350320,1
16350913,1
16353531,1
16356179,1
16361449,1
16364930,1
16376540,1
16379949,1
16385082,1
16396161,1
16396562,1
16397386,1
16398479,1
16403352,1
16408073,1
16408267,1
16412025,1
16417595,1
16418643,2
16419143,1
16421050,1
16421088,1
16421948,1
16422300,1
16422976,1
16425089,1
16428536,1
16428813,1
16430310,1
16433349,1
16433721,1
16434376,1
16434975,1
16436160,1
16436270,1
16436559,1
16438204,1
16438745,1
16440892,1
16441807,1
16442416,1
16442967,1
16442978,1
16443023,1
16443090,1
16444755,1
16448529,1
16450201,1
16451516,1
16457495,1
16462860,1
16466576,1
16467000,1
16467385,1
16470658,1
16472988,1
16473040,1
16478650,1
16478713,1
16479618,1
16480581,1
16485236,1
16488865,1
16489115,1
16490279,1
16493751,1
16496553,1
16496935,1
16497789,1
16503773,1
16503982,1
16505321,1
16507557,1
16508608,1
16508807,1
16509490,1
16511316,1
16513580,1
16514557,1
16515468,2
16515708,1
16516703,1
16518410,1
16519407,1
16520278,1
16520617,1
16521339,1
16522441,1
16523071,1
16524489,1
16524839,1
16525512,1
16530482,1
16531837,1
16533038,1
16534576,1
16538186,1
16545898,1
16547060,1
16554278,1
16556281,1
16559671,1
16560617,1
16561288,1
16562457,1
16562560,1
16563034,1
16578570,1
16578640,1
16578966,1
16581552,1
16586180,1
16588032,1
16593746,1
16593899,1
16594664,1
16596345,1
16599151,1
16599994,1
16601729,1
16603773,1
16605551,1
16609819,1
16610294,1
16611004,1
16612842,1
16615327,1
16615645,1
16616215,1
16616409,1
16618216,1
16621871,1
16623276,1
16625553,1
16625915,1
16626308,1
16626539,1
16626871,1
16629623,1
16629657,1
16631042,1
16632292,1
16636969,1
16640109,1
16642335,1
16643200,1
16644993,1
16646940,1
16647352,1
16648676,1
16649192,1
16652879,1
16654365,1
16656729,1
16657663,1
16660036,1
16664654,1
16666577,1
16670885,1
16672277,1
16679067,1
16684583,1
16690530,1
16692912,1
16695693,1
16704045,1
16705820,1
16708871,1
16710810,1
16711696,1
16713498,1
16717398,1
16718108,1
16718258,1
16718733,1
16718859,1
16721917,1
16722585,1
16724889,1
16725746,1
16729976,1
16731712,1
16733673,1
16734921,1
16737376,1
16739327,1
16739787,1
16740055,1
16746759,1
16747457,1
16747982,1
16748524,2
16750042,1
16759982,1
16760760,1
16762535,1
16777127,1
16779171,1
16780459,1
16780520,1
16787503,1
16789275,1
16792948,1
16794134,1
16798908,1
16804531,1
16807915,2
16807987,1
16808591,1
16810377,1
16812389,1
16816655,1
16817116,1
16818300,1
16822008,1
16822841,1
16822912,1
16826923,1
16831220,1
16836375,1
16838736,1
16839129,1
16839849,1
16840267,1
16842592,1
16842774,1
16848272,1
16854898,1
16855542,1
16855545,1
16856164,1
16858700,1
16861426,1
16861750,1
16861795,1
16863678,1
16868226,2
16871668,1
16872657,1
16874358,1
16875700,1
16878981,2
16881051,1
16889308,1
16890566,1
16892444,1
16907671,1
16910748,1
16918891,1
16921823,2
16926049,1
16929288,1
16929327,1
16932142,1
16932347,1
16932560,1
16938405,2
16939018,1
16939535,1
16940190,1
16945590,1
16954899,1
16954989,1
16965460,1
16965956,1
16967350,1
16975310,1
16975648,1
16975801,1
16978684,1
16982169,1
16983323,1
16983964,1
16987322,2
16991101,1
16995691,1
16996753,1
16998582,1
17002833,1
17002898,1
17006601,1
17007549,1
17017672,1
17019042,1
17022025,2
17026569,1
17027498,1
17029312,1
17036171,1
17036990,1
17038330,1
17039389,2
17039873,1
17042755,1
17043560,1
17046588,1
17050496,1
17052177,1
17052241,1
17053934,1
17054452,1
17054780,1
17055832,1
17058337,1
17059086,1
17059936,1
17070569,1
17074357,1
17075651,1
17079838,1
17085735,1
17087998,1
17089114,1
17094832,1
17094895,1
17105034,1
17107749,1
17108460,2
17109887,1
17111186,1
17119296,1
17120571,1
17121010,1
17122157,1
17123842,1
17124673,1
17125956,1
17127035,1
17128960,1
17129522,1
17130288,1
17139405,1
17139618,1
17139825,1
17141491,1
17143754,1
17148247,1
17158229,1
17158312,1
17158629,1
17163718,1
17163988,1
17171553,1
17171951,1
17177411,1
17185986,1
17187770,1
17188162,1
17195702,1
17199757,1
17199941,1
17201527,1
17202466,1
17214097,1
17216317,1
17223002,1
17228795,1
17229109,1
17234985,1
17235633,1
17238289,1
17241154,1
17243132,1
17243165,1
17245942,1
17247036,1
17249362,1
17250137,2
17250762,1
17256207,1
17258145,2
17261080,1
17264245,1
17264277,1
17267055,1
17270065,1
17270724,1
17271565,1
17273502,1
17274487,1
17279485,1
17280653,1
17290654,1
17292393,1
17296992,1
17297466,1
17297726,1
17301927,1
17311749,1
17313367,1
17313425,1
17318756,1
17319716,1
17320094,1
17321092,1
17330088,1
17330899,1
17335100,1
17336101,1
17336102,1
17339116,1
17340718,1
17341635,1
17343328,1
17351112,1
17352372,1
17353640,2
17354856,1
17355226,1
17356175,1
17357224,1
17357997,1
17360543,1
17362961,1
17371900,1
17380887,1
17392154,1
17401957,1
17409675,1
17411198,1
17414299,1
17418041,1
17424434,1
17425982,1
17428659,1
17428696,1
17429343,1
17431574,1
17433340,1
17435932,1
17440311,1
17446043,1
17450941,1
17453452,1
17454011,1
17460536,2
17462236,1
17464125,1
17464404,1
17466553,1
17470408,1
17472882,1
17476682,1
17479099,1
17480987,1
17481346,1
17483519,1
17486653,1
17489292,1
17495884,1
17496749,1
17499022,1
17503685,1
17504314,1
17504829,1
17506573,1
17506575,1
17506770,1
17508161,1
17516174,1
17517367,1
17519677,1
17521368,1
17521736,1
17529955,1
17531151,1
17532028,1
17533404,1
17540284,1
17550334,1
17550894,1
17553085,1
17554594,1
17554626,1
17555261,1
17556123,1
17557453,1
17557934,1
17558364,1
17560443,1
17561857,1
17564611,1
17569303,1
17574157,1
17580456,1
17583914,1
17585275,1
17591127,1
17591696,1
17592214,1
17594215,1
17597433,1
17597548,1
17602824,1
17607122,1
17608058,1
17609145,1
17616113,1
17618148,1
17621704,1
17623044,1
17623809,1
17633514,1
17636915,1
17644643,1
17644818,1
17645177,1
17646853,1
17655494,1
17657014,1
17664845,1
17671052,1
17673010,1
17673549,2
17676847,1
17677294,1
17679598,1
17680170,1
17686601,1
17686879,1
17688012,1
17695126,1
17696790,1
17699717,1
17701167,1
17702388,1
17702675,1
17704638,2
17705063,1
17712401,1
17718201,1
17719543,1
17721748,1
17722010,1
17722253,1
17722672,1
17723416,1
17727170,1
17727385,1
17730502,1
17734314,1
17739158,1
17741539,1
17742696,1
17742979,1
17745005,1
17746528,1
17747877,1
17751436,1
17752190,1
17752474,1
17755471,1
17757521,1
17763961,1
17764207,1
17765481,1
17766317,1
17771352,1
17771375,1
17777118,1
17780102,1
17780173,1
17781706,1
17784575,1
17785239,1
17785867,1
17794470,1
17799552,1
17807197,1
17808052,1
17810492,2
17811051,1
17813061,1
17813786,1
17814101,1
17815703,1
17819303,1
17823347,1
17825339,1
17825870,1
17830391,1
17830711,1
17831637,1
17835677,1
17835681,1
17836947,1
17837825,1
17839029,1
17839543,1
17842185,1
17843160,1
17845406,1
17848321,1
17849938,1
17861054,1
17861678,1
17862017,1
17864835,1
17870709,1
17873288,1
17878022,1
17882988,1
17885894,1
17893081,1
17896478,1
17896587,1
17900971,1
17904229,1
17907922,1
17910833,1
17912843,1
17913873,1
17914740,1
17915621,1
17926535,1
17929140,1
17935747,1
17936372,1
17941719,1
17945397,1
17948449,1
17948980,1
17952503,1
17962023,1
17962485,1
17963619,1
17965058,1
17973367,1
17975348,1
17981960,1
17984582,1
17985214,1
17985592,1
17985897,1
17986464,1
17986614,1
17988222,1
17989043,1
17989954,1
17990536,1
17990799,1
17992288,1
17995646,1
17998893,1
18008809,1
18009315,1
18014039,1
18015221,1
18019029,1
18019101,1
18023423,1
18024230,1
18028233,1
18028295,1
18033231,1
18034252,1
18034425,1
18035782,1
18036720,1
18038562,1
18044730,1
18047554,1
18051055,1
18055389,1
18056374,2
18068305,1
18068822,1
18078204,1
18078609,1
18082037,1
18087604,1
18088532,2
18093938,1
18097437,1
18098573,1
18099873,1
18100678,1
18100892,1
18101008,1
18101199,1
18101258,1
18102790,1
18109378,1
18114624,1
18116695,1
18118386,1
18118447,1
18118830,1
18120837,1
18121622,1
18123544,1
18126719,1
18127101,1
18127936,1
18128464,1
18128669,1
18131282,1
18134219,1
18137052,1
18144989,1
18148989,1
18152044,1
18153974,2
18156208,1
18161877,1
18163738,1
18163868,1
18168330,1
18169566,2
18173926,1
18175997,1
18178821,1
18181323,1
18181470,1
18183671,1
18186995,1
18190340,1
18196286,1
18199235,1
18201210,1
18205362,1
18209462,1
18210788,1
18214552,1
18216142,1
18216799,1
18221482,1
18223213,1
18230762,1
18233097,1
18238662,1
18242749,1
18245210,2
18245612,1
18246213,1
18262723,1
18264851,1
18265387,1
18272116,1
18274510,1
18276888,1
18280134,1
18280708,1
18281368,1
18290528,1
18291697,1
18296993,1
18297567,1
18299205,1
18299962,1
18302892,1
18307183,1
18311071,1
18312106,1
18314823,1
18318332,1
18321252,2
18321809,1
18324040,1
18328783,1
18331629,1
18332562,1
18335499,1
18339886,1
18341515,1
18349222,1
18350092,1
18352529,1
18357420,1
18357657,1
18359013,1
18359830,1
18361586,1
18361674,1
18362949,1
18363734,1
18364699,1
18366490,1
18367114,2
18367606,3
18377922,1
18379948,1
18380243,1
18385578,1
18388766,1
18391140,1
18395154,1
18398163,2
18399125,1
18400141,1
18403742,1
18406675,1
18406791,1
18407643,1
18409951,1
18412686,1
18417332,1
18418010,1
18418553,1
18419742,1
18421672,1
18426890,1
18436461,1
18437036,1
18437628,1
18439944,1
18440833,1
18443683,1
18449815,1
18450306,1
18451010,1
18454956,1
18455687,1
18459252,1
18461272,1
18461360,1
18465617,1
18468849,1
18472148,1
18472422,1
18475217,1
18480956,1
18481195,1
18485244,1
18485317,1
18486579,1
18487241,2
18488025,1
18489892,1
18490213,1
18495294,1
18496305,1
18502770,1
18509299,1
18509404,1
18510448,1
18511905,1
18512404,1
18513799,1
18516812,1
18518874,1
18519371,2
18519692,1
18526463,1
18532924,1
18536460,1
18537148,1
18537226,1
18538628,1
18540761,1
18542852,1
18553752,1
18555600,1
18558130,1
18558913,1
18560386,1
18563015,1
18566166,1
18568158,1
18572161,1
18572518,1
18573478,1
18577543,1
18577623,1
18581859,1
18587688,1
18592095,1
18596945,1
18598959,1
18600419,1
18600534,1
18603393,1
18604471,1
18608672,1
18619014,1
18620025,1
18620296,1
18621228,1
18623551,1
18625356,1
18629923,1
18636550,1
18640629,1
18645382,1
18647406,1
18655140,1
18655501,1
18660010,1
18663444,1
18663703,1
18664731,1
18668880,1
18669991,1
18671459,1
18672871,1
18677354,2
18679371,1
18681676,1
18688941,1
18689888,1
18690868,1
18699131,1
18708370,1
18718273,1
18718883,1
18724949,1
18730106,1
18731042,1
18731800,1
18736640,1
18737660,1
18739553,1
18740355,1
18741068,1
18742096,1
18746541,1
18747423,1
18748098,1
18749772,2
18750745,2
18754341,1
18754851,1
18818196,1
18898740,1
18899369,1
18901032,1
18932532,1
18945890,1
19142627,1
19143357,1
19143937,1
19144373,2
19145952,1
19149734,1
19151258,1
19152825,1
19153764,1
19157756,1
19161700,2
19161701,1
19181718,1
19185253,1
19185792,2
19187230,1
19188617,1
19192189,1
19195313,1
19195485,1
19197466,1
19202246,1
19203795,1
19204772,1
19212309,1
19214773,1
19216250,1
19217358,1
19218822,1
19219723,1
19221138,1
19224159,1
19225359,1
19225489,1
19225931,1
19227348,1
19234531,1
19236717,1
19238372,1
19240909,1
19248730,1
19257572,1
19259897,1
19261047,1
19262319,1
19262750,1
19265585,1
19270622,1
19272921,1
19273195,1
19278089,1
19279129,2
19279526,1
19281538,1
19281800,2
19284097,1
19284104,1
19286158,1
19286898,1
19292575,1
19298107,1
19298511,1
19299435,1
19304171,1
19305297,1
19318218,1
19324135,1
19327609,1
19331848,1
19333856,1
19336922,1
19338582,1
19340462,1
19341613,1
19341644,1
19341857,1
19343649,1
19348406,1
19348935,1
19358186,1
19359254,1
19365375,1
19365678,1
19366641,1
19368660,1
19369562,1
19374736,1
19374897,1
19375012,1
19376470,1
19381016,1
19381672,1
19386836,1
19388242,1
19389850,1
19391835,1
19408688,1
19409516,1
19415285,1
19418601,2
19421262,1
19421931,1
19430475,1
19471341,1
19473034,1
19477496,1
19483928,1
19493808,1
19494452,1
19499258,1
19500937,1
19501103,1
19503488,1
19504461,1
19504567,1
19510452,1
19513289,1
19514231,1
19514362,1
19518112,1
19518507,1
19519347,1
19522276,1
19528243,1
19528542,1
19529592,1
19530956,1
19531547,1
19531557,1
19531929,1
19533412,1
19544836,1
19545278,1
19552381,1
19554889,1
19555173,1
19559616,1
19568513,1
19573127,1
19575201,1
19578629,1
19583619,1
19584057,1
19585310,1
19585474,1
19586012,1
19591426,1
19591814,1
19592990,1
19595055,1
19610256,1
19614997,1
19615459,1
19620375,1
19620907,1
19621159,2
19621411,1
19621890,1
19624163,1
19624533,1
19626696,1
19627023,1
19631307,1
19632501,1
19634523,1
19634607,1
19636150,1
19636565,1
19636856,1
19637532,1
19638095,1
19638238,1
19638408,1
19639392,1
19639480,1
19640852,1
19642158,1
19642437,1
19644085,1
19646427,1
19646549,2
19647423,1
19650362,1
19652693,1
19653222,2
19653795,1
19654129,1
19654261,1
19656249,1
19658300,7
19658460,1
19660161,1
19665344,2
19666897,1
19669309,1
19669673,1
19671604,1
19672699,1
19673711,1
19673778,1
19674362,1
19675202,1
19675260,1
19681625,1
19687343,1
19687809,1
19688162,1
19692650,1
19694897,1
19698023,1
19699320,1
19700081,1
19700403,1
19703819,1
19709553,1
19718818,1
19725290,1
19733457,1
19733683,5
19735646,1
19738617,1
19741373,1
19750917,1
19751193,1
19752846,1
19753880,1
19757350,1
19759891,1
19764405,1
19764492,1
19764585,1
19767846,1
19769843,1
19770639,1
19771933,1
19773791,1
19773969,1
19776278,1
19776877,1
19780836,1
19781811,1
19783312,1
19784485,1
19785531,1
19786004,1
19792122,1
19792993,1
19796452,1
19800057,1
19800529,1
19811857,1
19817004,1
19821445,1
19823225,1
19824087,1
19827230,1
19828377,1
19828875,1
19830705,1
19835917,1
19837363,1
19842623,1
19845698,1
19849365,1
19849374,1
19849774,1
19850401,1
19851115,1
19851673,1
19854253,1
19854298,1
19854420,1
19855629,1
19863605,1
19864447,1
19865721,1
19868821,1
19870898,1
19871265,1
19874562,2
19884132,1
19887341,1
19887676,1
19891945,1
19893438,1
19896267,1
19896624,1
19903689,1
19903825,1
19912012,2
19915613,1
19916665,1
19922066,1
19922286,1
19922814,1
19926617,1
19930426,1
19930870,1
19938874,1
19946791,1
19947990,1
19948365,1
19949348,1
19953266,1
19954306,1
19955318,1
19957806,2
19959482,1
19970308,1
19972511,1
19972816,1
19976150,1
19978896,1
19984499,1
19984935,1
19988886,1
19988988,1
19991141,1
19991599,1
19991680,1
19991745,1
19995454,1
19996959,1
19997552,1
20000998,1
20006225,1
20009384,1
20009998,1
20010384,1
20011366,1
20013990,1
20014769,1
20020273,1
20021316,1
20023570,1
20028526,1
20028934,1
20031555,1
20032458,1
20032671,1
20033110,1
20034674,1
20035743,1
20035835,1
20043114,1
20044441,1
20047467,1
20047864,1
20051258,1
20056725,1
20058317,1
20062482,1
20070398,1
20074092,1
20079016,1
20080233,1
20084105,1
20085429,1
20086673,1
20088523,1
20092889,1
20095347,1
20096648,1
20098977,1
20101525,1
20101678,1
20104656,1
20109476,1
20109662,1
20109683,1
20112968,1
20116709,1
20117409,1
20120766,1
20121227,1
20122620,1
20125584,1
20125920,1
20129246,1
20132264,1
20133478,1
20135478,5
20136815,1
20140126,1
20140603,1
20143575,1
20143684,2
20150243,1
20150856,1
20153018,1
20153247,1
20154956,1
20155748,2
20157849,1
20159954,1
20160469,1
20165605,1
20166026,2
20167257,1
20170641,1
20178251,1
20180924,1
20181973,1
20184782,1
20186786,2
20188425,1
20189371,1
20190646,1
20194032,1
20195655,1
20197533,1
20201470,1
20201768,1
20207244,1
20207705,1
20209780,1
20212179,1
20212776,1
20215376,1
20218235,1
20224346,1
20227484,1
20227532,1
20230727,1
20232139,1
20232956,1
20240523,1
20241303,1
20241346,1
20241452,1
20242530,1
20247677,1
20249619,1
20251942,1
20254962,1
20255031,1
20256331,1
20258504,1
20262255,1
20264075,1
20265183,1
20267977,1
20268277,1
20268283,1
20269419,1
20269734,1
20269762,1
20272484,1
20276941,1
20278695,1
20279851,1
20281571,2
20288447,1
20288519,1
20289055,1
20289154,1
20296022,1
20297227,1
20301099,1
20304844,1
20304892,1
20305734,1
20309675,1
20309845,1
20311743,2
20314742,1
20316995,2
20318608,2
20328243,1
20329896,1
20330303,1
20332397,1
20336279,1
20339505,1
20342690,1
20351654,1
20362941,1
20365512,1
20372363,1
20377280,2
20377386,1
20378038,1
20380255,1
20382553,1
20385973,1
20387199,1
20388082,1
20392698,1
20397491,1
20399569,1
20406224,1
20406775,1
20407064,1
20407230,1
20411956,1
20413055,1
20414564,1
20419585,1
20431351,1
20434085,1
20434183,1
20436061,1
20438052,1
20450379,1
20451477,1
20451759,1
20452919,1
20453231,1
20453492,1
20454271,1
20457174,1
20461397,1
20471142,1
20472455,1
20477081,1
20479646,1
20481048,1
20482229,1
20482716,1
20483354,1
20485810,1
20488440,1
20492061,1
20493286,1
20495460,1
20496196,1
20496420,1
20497789,1
20498504,1
20498880,1
20500786,1
20501289,1
20501725,2
20504600,1
20506365,1
20507989,1
20512501,1
20513115,1
20516095,1
20517048,1
20519640,1
20531795,1
20534082,1
20535309,1
20535567,1
20536249,2
20539444,1
20540400,1
20542959,1
20544305,1
20547963,1
20553775,1
20556689,1
20558123,1
20560476,1
20564946,1
20565974,1
20569916,1
20570746,1
20573784,1
20578281,1
20578676,1
20590102,1
20592299,1
20592519,1
20597187,1
20597893,1
20598077,1
20600542,1
20603515,1
20609766,1
20610905,1
20611587,1
20612136,1
20619236,1
20625305,2
20634156,1
20638630,1
20641348,1
20641798,1
20642596,1
20647216,1
20647774,1
20648924,1
20659309,1
20659733,1
20659830,2
20661094,1
20666236,1
20668624,1
20671600,1
20671872,1
20673366,1
20673460,1
20679825,1
20682437,1
20688918,1
20689156,1
20691183,1
20692539,1
20694057,1
20694974,1
20697655,1
20698024,1
20698483,1
20699893,1
20700283,1
20701635,2
20712372,1
20713656,1
20715368,1
20717318,1
20721519,1
20723724,1
20724914,1
20725046,2
20725737,1
20728006,1
20737845,1
20743219,1
20744125,1
20744231,1
20745048,1
20756439,1
20764405,1
20766288,1
20766735,1
20775507,1
20782088,1
20782752,1
20783123,1
20786998,1
20788334,1
20792077,1
20793260,1
20795926,1
20797323,1
20807178,1
20807197,1
20807522,1
20807713,1
20808380,1
20812407,1
20815651,1
20816169,1
20819692,1
20819845,1
20822017,1
20828724,1
20836739,1
20839334,1
20843309,1
20845350,1
20848396,1
20852851,1
20861611,1
20866761,1
20869671,1
20871413,1
20885843,1
20888172,1
20898225,1
20900032,1
20900195,1
20902570,1
20903656,1
20909078,1
20911103,1
20914054,2
20914644,1
20919559,1
20922785,1
20923693,1
20936452,1
20937891,1
20939839,1
20946852,1
20950126,1
20953456,1
20956650,1
20961489,1
20965086,1
20966590,1
20967711,1
20968023,1
20969653,1
20971593,1
20974778,1
20978410,1
20981711,1
20981725,1
20982284,1
20982600,1
20986274,1
20991583,1
20991618,1
20995835,1
20998754,1
20999486,1
21002750,1
21004584,1
21005146,2
21009414,1
21017537,1
21018714,1
21019533,1
21023027,1
21023950,1
21024229,1
21027513,1
21029639,1
21032419,1
21041099,1
21043614,1
21045534,1
21048032,1
21053373,1
21053394,1
21059563,1
21061035,1
21064735,1
21065412,1
21070577,1
21071787,1
21073184,1
21077341,1
21079164,1
21081757,1
21082235,1
21083018,1
21084228,1
21085967,1
21087362,1
21087696,1
21092425,1
21092479,1
21094168,1
21106029,1
21118257,1
21118262,1
21128732,1
21137743,1
21138718,1
21139050,1
21141152,1
21142148,1
21145632,1
21145870,1
21154878,2
21154979,1
21155198,1
21157922,1
21159051,1
21162238,2
21167307,2
21175291,1
21188264,1
21190262,1
21193823,1
21195228,1
21201676,1
21202514,1
21206996,1
21207065,1
21208490,1
21220087,1
21220107,1
21221412,1
21225410,1
21225415,1
21226333,1
21227087,1
21233013,3
21237954,1
21239491,1
21242486,1
21243813,1
21254846,1
21258296,1
21260868,1
21261799,1
21263451,1
21267455,1
21270915,1
21272908,1
21277296,1
21279777,1
21281174,1
21281215,1
21288765,1
21289123,2
21290461,1
21292343,1
21292461,1
21292755,1
21293903,1
21294029,1
21295107,1
21295394,1
21298211,1
21298347,1
21300084,1
21305090,1
21308003,1
21308627,1
21315469,1
21315653,1
21325741,1
21325943,1
21328241,1
21328862,1
21332313,2
21333876,1
21335119,1
21350634,1
21358010,1
21364971,1
21365486,1
21367710,1
21367845,1
21372289,1
21376471,1
21377465,1
21424875,1
21454350,1
21531144,1
21684716,1
21884558,1
21885872,1
21902742,1
21942252,1
21952425,1
21955247,1
21955420,1
21956986,1
21966645,1
21974209,1
21978243,1
21980965,1
21981908,1
21983456,1
21983557,1
21985684,1
21986736,1
21987084,1
21988533,1
21991585,1
21992789,1
21993802,1
21999379,1
22000773,1
22002044,1
22004000,1
22004511,1
22007659,1
22007836,1
22008038,2
22010489,1
22013952,1
22016005,1
22017980,1
22023842,1
22031114,1
22032832,1
22035244,1
22037769,1
22039170,1
22045791,1
22046931,1
22047320,1
22054102,1
22057609,1
22059237,1
22060313,1
22062046,1
22071745,1
22072110,1
22076146,1
22080622,1
22083734,1
22087841,1
22095577,1
22096592,1
22096820,1
22100280,1
22102468,1
22103897,1
22104392,1
22105838,1
22107843,1
22114582,1
22114682,1
22114787,1
22120665,1
22123964,1
22126563,2
22129543,1
22130699,1
22131101,1
22131171,1
22148155,1
22148707,1
22149206,1
22156662,1
22165146,1
22166651,1
22167335,1
22172112,1
22176126,1
22177897,1
22178797,1
22182337,1
22182599,1
22184325,1
22189135,1
22198352,1
22200485,1
22201168,1
22201626,1
22204578,1
22208480,1
22210276,1
22214150,1
22223146,1
22223756,1
22228481,1
22231095,1
22233352,1
22243090,1
22243855,1
22248849,1
22249592,1
22253830,1
22256003,1
22263806,1
22271011,1
22276665,1
22279592,1
22279963,1
22280294,1
22281285,1
22285393,1
22289110,1
22290018,1
22293464,1
22294158,1
22295092,1
22298999,1
22299743,1
22305849,1
22315436,1
22316214,1
22320922,1
22321132,1
22329650,1
22332927,1
22336295,1
22341571,1
22343354,1
22343750,1
22345027,1
22348196,1
22350863,1
22351267,1
22354089,1
22358726,1
22361741,1
22363718,1
22364470,1
22368203,1
22369562,1
22371328,1
22373129,1
22377202,1
22380117,1
22380829,1
22383113,1
22387028,1
22394228,1
22396529,1
22397019,1
22399484,1
22410362,1
22414322,1
22415175,1
22416616,1
22422150,1
22426058,1
22427111,1
22427967,1
22431493,1
22435398,1
22437228,1
22438427,1
22444207,1
22446198,1
22450506,1
22454054,1
22454118,1
22456603,1
22458487,1
22461133,1
22465386,1
22471107,1
22471296,1
22471836,1
22475370,1
22475558,1
22478336,1
22481952,1
22486446,1
22489650,1
22496946,1
22500116,1
22500561,1
22504537,1
22515170,1
22515951,2
22520121,1
22527892,2
22536567,1
22539261,1
22541141,1
22544823,1
22545656,1
22545824,1
22546905,1
22552483,1
22555838,1
22565917,1
22566618,1
22567131,1
22571217,1
22574539,1
22575055,1
22576145,1
22576758,1
22578704,1
22579106,1
22579644,1
22582118,1
22582211,1
22582237,1
22585507,1
22589241,1
22590005,1
22594478,1
22597242,1
22601105,1
22602256,1
22603971,1
22608765,1
22611118,1
22614345,1
22618852,1
22620496,1
22625382,1
22626093,1
22627292,1
22633385,42
22641196,1
22643415,1
22644509,1
22647971,1
22655627,1
22657774,1
22665058,2
22668814,1
22669106,1
22673327,1
22674892,1
22676638,1
22677068,1
22681389,1
22684038,1
22690160,1
22695767,1
22711887,1
22714014,1
22716649,1
22717474,2
22719301,1
22720300,1
22722580,1
22724286,1
22726840,1
22727137,1
22730962,1
22731476,1
22732158,1
22733791,1
22736418,1
22736772,1
22740616,1
22750176,1
22772994,1
22774241,1
22776173,1
22782790,1
22784446,1
22785426,1
22789299,1
22790704,1
22795598,1
22797946,1
22801583,4
22801822,1
22802784,1
22803589,1
22804285,1
22805312,1
22813027,1
22819074,1
22821309,1
22825274,1
22826115,1
22829617,1
22840709,1
22843329,1
22846927,2
22849965,1
22851907,2
22854438,1
22856433,3
22859248,1
22862311,1
22870746,1
22871978,1
22873967,1
22880786,1
22883097,1
22887168,1
22891049,1
22893424,1
22896020,1
22896740,1
22898666,1
22901938,1
22907521,1
22908993,1
22911440,1
22916660,1
22917826,1
22933377,1
22933931,1
22935000,1
22937027,1
22938158,1
22940964,1
22944502,1
22944547,1
22946902,1
22957642,1
22965449,1
22965499,1
22966022,1
22971289,1
22974490,1
22979170,1
22980191,1
22980987,1
22983504,1
22984507,1
22984739,1
22987140,1
22987501,1
22991560,1
22992174,1
22992703,1
22993059,1
22994178,1
22994703,1
22996444,1
22998599,1
23000532,1
23002135,1
23002610,1
23004004,1
23004099,1
23004144,1
23005868,1
23006864,1
23008133,1
23008746,1
23009387,1
23011166,1
23012087,1
23013825,1
23013931,1
23016174,1
23022050,1
23027019,1
23031065,1
23031380,1
23037854,1
23038070,1
23038087,1
23040076,4
23040695,1
23040954,1
23041178,1
23045180,1
23048252,1
23052054,2
23052132,1
23053008,1
23057357,1
23058572,1
23059975,1
23060820,1
23062199,1
23062818,1
23068523,1
23068780,1
23069906,1
23070692,1
23078999,1
23087590,1
23087600,1
23094428,1
23095052,1
23100055,1
23106547,1
23113912,1
23117529,1
23119524,1
23122464,1
23128836,1
23131083,1
23132028,1
23132915,1
23134958,1
23137034,1
23137371,1
23138732,1
23140889,1
23142073,1
23142244,2
23144389,2
23144457,1
23145287,1
23147758,1
23149848,1
23151917,1
23153517,1
23161228,1
23162145,1
23163771,1
23165866,2
23168063,1
23171105,1
23175425,1
23176423,1
23177052,1
23182829,1
23183656,1
23185631,1
23189615,1
23193950,1
23195365,1
23195618,1
23204019,1
23209987,1
23211526,1
23212114,1
23213489,1
23213553,1
23220162,1
23224564,1
23226270,1
23228895,1
23233812,1
23233823,1
23234342,1
23235841,2
23236638,1
23236940,1
23246013,1
23246594,2
23248726,1
23248772,1
23251803,1
23256125,1
23256775,1
23257479,1
23259593,1
23260378,1
23261109,1
23266568,1
23270912,1
23275530,1
23276409,1
23277273,1
23279667,1
23280168,1
23280355,1
23281925,1
23282005,1
23286431,1
23288150,1
23289745,1
23292470,1
23298035,1
23299044,1
23301446,1
23302776,1
23304161,1
23306072,1
23309033,1
23309563,1
23311521,1
23314088,1
23314389,2
23321000,1
23321960,1
23322756,1
23324155,1
23324798,1
23329719,1
23331390,1
23334705,1
23343812,1
23347180,1
23362324,1
23362539,1
23364000,1
23364040,1
23366804,1
23367120,1
23371510,1
23377960,1
23385605,1
23389723,1
23391543,1
23395417,1
23398531,1
23401421,1
23402478,1
23403047,1
23404969,1
23406704,1
23407813,1
23407842,1
23408784,1
23413676,1
23414237,1
23414269,1
23418428,1
23418488,1
23419187,1
23419678,1
23421535,1
23421705,1
23422098,1
23423619,1
23427796,1
23429709,1
23430968,1
23433306,1
23434411,1
23434964,1
23435099,1
23435534,1
23443586,1
23452216,1
23453884,1
23456686,1
23459099,1
23459515,1
23461860,1
23462228,1
23468295,1
23470032,1
23471930,1
23482862,1
23485507,1
23486583,1
23489037,1
23492552,1
23494160,1
23498579,1
23509412,1
23509994,1
23515048,1
23516674,1
23517545,1
23521856,1
23525377,1
23528275,1
23529044,1
23532352,1
23533024,1
23533420,1
23535394,1
23547003,1
23553425,1
23556834,1
23558055,1
23558090,7
23560353,1
23560667,1
23563074,1
23579702,1
23579844,1
23580595,1
23581582,1
23583963,1
23586381,1
23608259,1
23609425,1
23609695,1
23612580,1
23613367,1
23614188,1
23617012,1
23621655,1
23631165,1
23632352,1
23633421,1
23634932,1
23636450,1
23638044,1
23638587,1
23641679,1
23644736,1
23648665,1
23650440,1
23656058,1
23660445,1
23661702,1
23662329,2
23693399,1
23695444,1
23700654,1
23701200,1
23703391,1
23704769,1
23709124,1
23710323,1
23717796,1
23718411,1
23718874,1
23720698,1
23721261,1
23721418,1
23723294,1
23726629,1
23728135,1
23729943,1
23732513,1
23733347,1
23737287,1
23738400,1
23740251,1
23743415,1
23744935,1
24189407,1
24192201,1
24198228,1
24206374,1
24206382,1
24208746,1
24209192,1
24210015,1
24214306,1
24216368,1
24217337,1
24220787,1
24222640,1
24222808,1
24227628,1
24227863,1
24235344,1
24236389,1
24237402,1
24248063,1
24248467,1
24249105,1
24255804,1
24257171,1
24257556,1
24262284,1
24264157,1
24273961,1
24277894,1
24279597,1
24280723,1
24283973,1
24287872,1
24291960,1
24292032,1
24295786,1
24305046,1
24306908,1
24307049,1
24311533,1
24315020,1
24322206,1
24327668,1
24354279,1
24354489,1
24358501,1
24364012,1
24364830,1
24365406,1
24370515,1
24372051,1
24375398,1
24376333,1
24379061,1
24385300,1
24387035,1
24389569,1
24389792,1
24393967,1
24395815,1
24399633,1
24400940,1
24408266,1
24420845,1
24428063,1
24428416,2
24429309,1
24433274,1
24444502,1
24448924,1
24456574,1
24458013,1
24460783,1
24465189,1
24465214,1
24473425,1
24478072,1
24481703,1
24482442,1
24482812,1
24484834,1
24486999,2
24489287,1
24491499,1
24493056,1
24493200,1
24493279,1
24493719,1
24496030,1
24496178,1
24498832,1
24501680,1
24508452,1
24513643,1
24513691,1
24514012,1
24516654,2
24519631,1
24519698,1
24520167,1
24523072,1
24523554,1
24525097,1
24531403,1
24534365,1
24540598,2
24543836,1
24546950,1
24555230,1
24556329,2
24558802,1
24560160,2
24560368,2
24562285,1
24563836,1
24568408,1
24574288,1
24577323,1
24578572,1
24581081,1
24587702,1
24592972,1
24594920,1
24596185,1
24602724,1
24605847,1
24609628,1
24613872,1
24620258,1
24622920,1
24624901,1
24632029,1
24632681,1
24635384,1
24642451,1
24644237,1
24644337,1
24649574,1
24649991,1
24653094,1
24654394,1
24654620,1
24657754,1
24658786,1
24659796,1
24663495,1
24667698,1
24682280,1
24683907,1
24687641,1
24693258,1
24693534,1
24694249,1
24695148,1
24695242,1
24697194,1
24697284,2
24700207,1
24703486,1
24703763,1
24707927,1
24712232,1
24713065,1
24714121,1
24714399,1
24717475,1
24731903,1
24734718,1
24739711,1
24739823,1
24739853,1
24757020,1
24758295,1
24759802,2
24760490,1
24762720,1
24764859,1
24766710,1
24768611,1
24774385,1
24777129,1
24777618,1
24777996,1
24782123,1
24783458,1
24790572,1
24803032,3
24810215,1
24810585,1
24810600,1
24819660,1
24827601,1
24830039,1
24835120,1
24838521,1
24842666,1
24845593,1
24845694,1
24845993,1
24846988,1
24848927,1
24849870,2
24850563,1
24852090,1
24853712,1
24854675,1
24858557,1
24870040,1
24873093,1
24875366,1
24877251,1
24877906,1
24900198,1
24901014,1
24906216,1
24910914,1
24911682,1
24916780,1
24918484,1
24919469,1
24922476,1
24928296,1
24929599,1
24935987,1
24937357,1
24940110,1
24940519,1
24949824,1
24950890,1
24952509,1
24961132,1
24961323,1
24963770,1
24971903,1
24971950,1
24972285,1
24975236,1
24977208,1
24980252,1
24982379,1
24983797,1
24985700,1
24986688,1
24986722,1
24987636,1
24988081,1
24988459,1
24990385,1
24992893,1
24994826,1
25006383,1
25007854,1
25008090,1
25008875,1
25011573,1
25015773,1
25020067,1
25026967,1
25027694,1
25027831,1
25029871,1
25030997,1
25031655,1
25044782,1
25048205,1
25049186,1
25051063,1
25052289,1
25054748,1
25062617,1
25062718,1
25065083,1
25069719,1
25070780,1
25080047,1
25080644,1
25082666,1
25082678,1
25083278,1
25095745,1
25096416,2
25097991,1
25100905,1
25102748,1
25105806,1
25105861,1
25106527,1
25107942,1
25110388,1
25111118,1
25115070,1
25117425,1
25136754,1
25137618,1
25139386,1
25140297,1
25141164,1
25141252,1
25142085,1
25143884,1
25146347,1
25150124,1
25152186,1
25153311,1
25157475,1
25161597,1
25161793,1
25163139,1
25164338,1
25169402,1
25171459,1
25173827,1
25174488,1
25176478,1
25177003,1
25178770,1
25180681,3
25182068,1
25183920,1
25184102,1
25191177,1
25194972,1
25205034,1
25207499,1
25210740,1
25211181,1
25213792,1
25217005,1
25221082,1
25222137,1
25223224,1
25224164,1
25232372,1
25233851,1
25234601,1
25235514,1
25238490,1
25240528,1
25242388,1
25248634,1
25250133,1
25256520,1
25259084,1
25260231,1
25264901,1
25266474,1
25272315,1
25274700,1
25274920,1
25279263,3
25279767,1
25284325,1
25286017,1
25286805,1
25298468,1
25299377,1
25300232,1
25300936,1
25300994,1
25305301,1
25306145,1
25307628,1
25310137,1
25311915,1
25315788,1
25315898,1
25316350,1
25323123,1
25326871,1
25339047,1
25342763,1
25344267,1
25345174,1
25346046,1
25347588,1
25351167,1
25352428,1
25353356,1
25353502,1
25358656,1
25359842,1
25360440,1
25362465,1
25367819,1
25369023,1
25369448,1
25372613,1
25375373,1
25375389,1
25376539,1
25376734,1
25377089,1
25377562,1
25380624,1
25386685,1
25387342,1
25387458,1
25389335,1
25393122,1
25398529,1
25401316,1
25405417,1
25406440,1
25406449,1
25407129,1
25410935,1
25415415,1
25420077,1
25421602,1
25423500,1
25423853,1
25424627,1
25425608,1
25427352,1
25430806,1
25433868,2
25441068,1
25441359,1
25442941,1
25448038,1
25450911,1
25451422,1
25461331,1
25467123,1
25467496,1
25470423,2
25474424,1
25480502,1
25480506,1
25482706,1
25486149,1
25487940,1
25493549,1
25504380,1
25504564,1
25506290,1
25507629,1
25509586,1
25511306,1
25511513,1
25513147,1
25513875,1
25520025,1
25522048,1
25522053,1
25523606,1
25530641,1
25532507,1
25532785,1
25536866,1
25537601,1
25541207,1
25541343,1
25542155,1
25544414,1
25549847,2
25550075,1
25550832,1
25551568,1
25552053,1
25558653,1
25560592,1
25562596,1
25565506,1
25567460,1
25567596,1
25573400,1
25575696,1
25578155,1
25579764,2
25581309,1
25581533,1
25583228,1
25583420,1
25586290,1
25588514,1
25589966,1
25590591,1
25593187,1
25597854,1
25599283,1
25599364,1
25601999,1
25607142,1
25607767,1
25610914,1
25631506,1
25644062,1
25647735,1
25647759,1
25648267,1
25652821,1
25661029,1
25661381,1
25668366,1
25679466,1
25680926,1
25681053,1
25682885,1
25690822,2
25692790,1
25697956,1
25701849,1
25702327,1
25703425,1
25706824,1
25709670,1
25711853,1
25712958,1
25713562,1
25713831,1
25714334,1
25715018,1
25719408,1
25719410,1
25725932,1
25727438,1
25728391,1
25729467,1
25739756,1
25743779,1
25746010,1
25755339,1
25756888,1
25763545,1
25764092,1
25774214,1
25775098,1
25781945,1
25784501,1
25797679,1
25799406,1
25801283,2
25813927,1
25817501,1
25821227,1
25826036,1
25829276,1
25831699,1
25834719,1
25835725,1
25837029,1
25839567,1
25844541,1
25853688,1
25857381,1
25859421,1
25864611,1
25868630,1
25868948,1
25871300,1
25877145,1
25877802,1
25879490,1
25882770,1
25883446,1
25884157,1
25891219,1
25892522,1
25894545,1
25895873,1
25895921,1
25896439,1
25904662,1
25907608,1
25908112,1
25909753,1
25910599,1
25917237,1
25917313,1
25919422,1
25923343,1
25928338,1
25929112,1
25933847,1
25939826,1
25945246,1
25945262,1
25947321,1
25950814,1
25951057,1
25953912,1
25955146,1
25957738,1
25968749,1
25972282,1
25985338,1
25986961,1
25987491,1
25995358,2
26003056,1
26006446,1
26008261,1
26008711,1
26013562,1
26017160,1
26019513,1
26028951,1
26030610,1
26034065,2
26035630,1
26041956,1
26043866,1
26052145,1
26054637,1
26056971,1
26062692,1
26067127,1
26075785,1
26076048,1
26078826,1
26079832,1
26084254,1
26088029,2
26094186,1
26096713,2
26097543,1
26110463,1
26114636,1
26118089,1
26118630,1
26118847,1
26125080,1
26128706,1
26131632,1
26133523,1
26133956,1
26140722,1
26146722,1
26150468,1
26150780,1
26153585,1
26158863,1
26163841,1
26163855,1
26167685,1
26171028,1
26171315,2
26172160,1
26173534,1
26195433,1
26196002,1
26198477,2
26206171,1
26207583,1
26208574,1
26210780,1
26212240,1
26214431,1
26223141,1
26223361,1
26226268,1
26228497,1
26229527,1
26231126,1
26234336,1
26235743,1
26237289,1
26237833,1
26241971,1
26249175,1
26255262,1
26257733,1
26263658,1
26267436,1
26273339,1
26276153,2
26281609,1
26291070,1
26291847,1
26298357,1
26300368,1
26303407,1
26304584,1
26306586,1
26308379,1
26309006,1
26314914,1
26315007,1
26315797,1
26316494,1
26318707,1
26331941,1
26333842,1
26334011,1
26344199,1
26347008,1
26347102,1
26347874,1
26347976,1
26356488,1
26367363,1
26368452,1
26370252,1
26379644,1
26379753,1
26380298,1
26381967,1
26386270,1
26386597,1
26389321,1
26390525,1
26390572,1
26395860,1
26398753,1
26414025,1
26416395,1
26418696,1
26418742,1
26419401,1
26423459,1
26433508,1
26436397,1
26436809,1
26437093,1
26437097,1
26438549,1
26443736,1
26445109,1
26446500,1
26452623,1
26459871,1
26463744,1
26463934,1
26463944,1
26467837,1
26469094,1
26469701,1
26471482,1
26474066,1
26476232,1
26486382,1
26487334,1
26489385,1
26492660,1
26498007,1
26499210,1
26511632,1
26518647,1
26522478,1
26524777,1
26528376,1
26529488,1
26529506,2
26529992,1
26530277,1
26530524,1
26533074,1
26547328,1
26548363,1
26552199,1
26554815,1
26556598,1
26557956,1
26574873,1
26577676,1
26577763,1
26578100,1
26579136,1
26580570,1
26581515,2
26581798,1
26583899,1
26591271,1
26596097,1
26599345,1
26602940,16
26604856,1
26606891,1
26608194,1
26613089,1
26613721,1
26616336,1
26631569,1
26635690,1
26639112,1
26641252,1
26641473,1
26651532,1
26653424,2
26653468,2
26655564,1
26656284,2
26657530,1
26658441,1
26666338,1
26666809,1
26682772,1
26684313,1
26685910,1
26695477,1
26696628,1
26700668,1
26704473,1
26713092,1
26715893,1
26720576,1
26724128,1
26724430,1
26724997,1
26729613,1
26739549,1
26743149,1
26744396,1
26746527,1
26747160,1
26749795,1
26756859,1
26760571,1
26764973,1
26769761,1
26772842,1
26778379,1
26779040,1
26779597,1
26788461,1
26799210,1
26813054,1
26815428,1
26815728,1
26819147,1
26820964,1
26824724,1
26827635,1
26827682,1
26827864,1
26828543,1
26832180,1
26833430,1
26834645,1
26835215,1
26845317,1
26859204,1
26863466,1
26864830,1
26867154,1
26868611,1
26869552,1
26874907,1
26874908,1
26875613,1
26878038,1
26878498,1
26887558,1
26900553,1
26913795,1
26921489,1
26927236,1
26929475,1
26930264,1
26937378,1
26943192,1
26947224,1
26953960,2
26957354,1
26961646,1
26971036,1
26971117,1
26971233,1
26971870,1
27008719,1
27022492,1
27034386,1
27040471,1
27054843,1
27055614,1
27065646,1
27072681,1
27079933,1
27095602,1
27098140,1
27113743,1
27139654,1
27141651,1
27147016,1
27153525,1
27160715,1
27185256,1
27203112,1
27220138,1
27236918,1
27237643,1
27249183,1
27262868,2
27271674,1
27273025,1
27274976,1
27275099,2
27290418,1
27297702,1
27301962,1
27346904,1
27353191,1
27354907,1
27370604,1
27404407,1
27414900,1
27429491,1
27431435,2
27439964,1
27442508,1
27466768,1
27481293,1
27502927,1
27507295,1
27512853,1
27527747,1
27595790,1
27609929,1
27627958,1
27647566,1
27664428,1
27678052,1
27692412,1
27698189,2
27704246,1
27723864,2
27724471,1
27730101,1
27730650,1
27731428,1
27734375,1
27736965,1
27740203,1
27740273,1
27740959,1
27751688,1
27757785,1
27764502,1
27771448,1
27785393,1
27808442,1
27823121,1
27839940,1
27846686,1
27856297,10
27856832,1
27861733,1
27863821,1
27866671,1
27873390,1
27874703,1
27876299,1
27882128,1
27887375,1
27889757,1
27901016,1
27920690,1
27936970,1
27944418,1
27953001,1
27965675,1
27967284,1
27970303,1
27984559,1
28002600,1
28015757,1
28024277,1
28025951,1
28026975,1
28043522,1
28047477,1
28054992,1
28055486,1
28055621,1
28058614,1
28061164,1
28066211,1
28066518,1
28068977,1
28086338,1
28101390,1
28103183,1
28105749,1
28127196,1
28132598,1
28139727,1
28142714,1
28146614,1
28150734,1
28151934,1
28152941,1
28153757,1
28155507,1
28161747,1
28169169,1
28175255,1
28180262,1
28183976,1
28189684,1
28208564,1
28209092,1
28214667,1
28214781,1
28216677,1
28221162,1
28245461,1
28253544,1
28260709,1
28283781,1
28286961,1
28290621,1
28291870,1
28293365,1
28299549,1
28305481,1
28308182,1
28308362,1
28308399,1
28310983,1
28339661,1
28343541,1
28352755,1
28357700,1
28360273,1
28366719,1
28380215,1
28386363,1
28393006,1
28402488,1
28403026,1
28405293,1
28414920,1
28424206,1
28428143,2
28428495,1
28441561,1
28488717,1
28488957,1
28494085,1
28497461,1
28499365,1
28502567,1
28505034,1
28519865,1
28526164,1
28532979,1
28534575,1
28541758,1
28545284,1
28556218,1
28574933,1
28578638,1
28584047,1
28584151,2
28584388,1
28585848,1
28588619,1
28596783,1
28597662,1
28608038,1
28616020,1
28616219,1
28618678,1
28623434,1
28624661,1
28624864,1
28627918,2
28637833,1
28638133,1
28639573,1
28646172,1
28650696,1
28651490,1
28659384,1
28671122,1
28673056,1
28674735,1
28675016,1
28678409,1
28681364,1
28681929,1
28687036,1
28687896,1
28689358,1
28694980,1
28701315,1
28704977,1
28705694,1
28706372,1
28715114,1
28726756,1
28735087,1
28744711,2
28747142,1
28748061,1
28750658,1
28760650,1
28768905,1
28771888,1
28780271,1
28786956,1
28786963,1
28795484,1
28801208,1
28802409,1
28802727,1
28805779,1
28807775,1
28813824,1
28817345,2
28821440,1
28821925,1
28821990,1
28822945,1
28823245,1
28825116,1
28825608,1
28830828,1
28832398,1
28833268,1
28837195,1
28837684,1
28845173,1
28848543,1
28853542,1
28865991,1
28871516,1
28880819,1
28893667,1
28895114,1
28901663,1
28902667,1
28907748,1
28917182,1
28924121,1
28935096,1
28935464,1
28941322,1
28950300,1
28962708,1
28969020,1
28973978,1
28976110,1
28979824,1
28980017,1
28981208,1
28983449,1
28983835,1
28987801,1
28995683,1
28996366,1
29012488,1
29015211,1
29015942,1
29018622,1
29020249,1
29026887,1
29034627,1
29043215,1
29044423,1
29049143,1
29054821,1
29057562,1
29064426,1
29066136,1
29069530,1
29075626,1
29075873,1
29076344,1
29084441,1
29099123,1
29099829,1
29104008,1
29104726,1
29108109,1
29113963,1
29121925,1
29125907,1
29128685,1
29138015,1
29139335,1
29139614,10
29140318,1
29141389,1
29146898,1
29152895,1
29153872,1
29157027,1
29159573,1
29161745,1
29172373,1
29174482,1
29177466,1
29180645,1
29191106,1
29196596,1
29199390,1
29200109,1
29205560,1
29208738,1
29210848,1
29214635,1
29215564,1
29224157,1
29232440,1
29237907,1
29243905,1
29246805,1
29247195,1
29251776,1
29269975,1
29271244,1
29274386,1
29276700,1
29281005,1
29281103,1
29281882,1
29292618,1
29301060,1
29305664,1
29306214,1
29306674,1
29306733,1
29315886,1
29329988,1
29336046,1
29339287,1
29340368,1
29342608,1
29347606,1
29348877,1
29352392,1
29354442,1
29357763,1
29358090,1
29364457,1
29366130,1
29366159,1
29367599,1
29373226,1
29379145,1
29379818,1
29383712,1
29385425,1
29403976,1
29406771,1
29415274,1
29415755,1
29417840,1
29428073,1
29434750,1
29439133,1
29441202,1
29443755,1
29446236,1
29451794,1
29457764,1
29460924,1
29462498,1
29464128,1
29464607,1
29471459,1
29472529,1
29482388,1
29482541,1
29491110,1
29492561,1
29497717,2
29497869,1
29504334,1
29511224,1
29515506,1
29517049,1
29517152,1
29522926,1
29529286,1
29531119,1
29532881,1
29533304,1
29534666,1
29543687,1
29544273,2
29544679,1
29546870,1
29547287,1
29555657,1
29556317,1
29556373,1
29560987,1
29562583,1
29563646,1
29576522,1
29576774,1
29580813,1
29581152,1
29585319,1
29591166,1
29594728,1
29600676,1
29601158,1
29607202,1
29608064,1
29608734,1
29611762,1
29612372,1
29621494,1
29631083,1
29632054,1
29636557,1
29637501,1
29641992,1
29646950,1
29659213,1
29659953,1
29665730,1
29673671,1
29678729,1
29678914,1
29678974,1
29683674,1
29684689,1
29685667,1
29689712,1
29690847,1
29693543,1
29699850,1
29702428,1
29705363,1
29707399,1
29708524,1
29712801,1
29716703,2
29718261,1
29722295,1
29726515,1
29726878,1
29728710,1
29732082,1
29733394,1
29736144,1
29749331,1
29757779,1
29759673,1
29759698,1
29760988,1
29762210,1
29770303,1
29770949,1
29772229,1
29773273,1
29775873,1
29777165,1
29777650,1
29778978,1
29784549,2
29788154,1
29791463,2
29795825,1
29796196,1
29798399,1
29804408,1
29806640,1
29810238,2
29817353,1
29818440,1
29833444,1
29834569,1
29838710,1
29839553,1
29870899,1
29875414,1
29892368,1
29905457,1
29906873,1
29915150,1
29918376,1
29920553,1
29927996,1
29929587,1
29931705,1
29939301,1
29940571,1
29952934,1
29959150,1
29960731,1
29964484,1
29967461,1
29967921,1
29980312,1
29983014,1
29983540,1
29989939,1
29992205,1
29993182,1
29996073,1
29997476,1
30001999,1
30004682,1
30007262,1
30015477,1
30018771,1
30021379,1
30021941,1
30022348,1
30023830,1
30027205,1
30028621,1
30046636,1
30049303,1
30049719,1
30050862,1
30060514,2
30071406,1
30073979,1
30082936,1
30084112,1
30090207,1
30101196,1
30109443,1
30110832,1
30114244,1
30114733,1
30117785,1
30136040,1
30138661,1
30148069,1
30150165,1
30165695,1
30172978,1
30173234,1
30179461,1
30189297,1
30203091,1
30207086,1
30208646,1
30215105,1
30216988,1
30226155,1
30231932,1
30232368,1
30233243,1
30234487,1
30248392,1
30255227,1
30255539,1
30259869,1
30265320,1
30266724,1
30267703,1
30272113,1
30283450,1
30286744,1
30286933,1
30289773,1
30291104,1
30291176,1
30299230,1
30300649,2
30301822,1
30305945,1
30307526,1
30309547,1
30318777,1
30319295,1
30329843,1
30333942,1
30337116,1
30339561,1
30344294,2
30350348,1
30351533,1
30353736,1
30367459,1
30369360,1
30379522,1
30382496,1
30383473,1
30385036,1
30386067,1
30387148,2
30392363,1
30394488,1
30405643,1
30406536,1
30412827,1
30421456,1
30423783,1
30423976,1
30425920,1
30426054,1
30426178,1
30427474,1
30430294,1
30430451,1
30431538,1
30433568,1
30435672,1
30438249,1
30439704,1
30444355,1
30446202,1
30447180,1
30462393,1
30464025,1
30475699,1
30483373,1
30483654,2
30496335,1
30497241,1
30512397,1
30512600,1
30514323,1
30521594,1
30528226,1
30541183,1
30543181,1
30545166,1
30556410,1
30559501,1
30562119,2
30563960,1
30573287,1
30574112,1
30574783,1
30578582,1
30579067,1
30581223,1
30581822,1
30585868,1
30586220,1
30593595,1
30598330,1
30603522,2
30604461,1
30606129,1
30606201,1
30611816,1
30614241,1
30615093,1
30617570,1
30617626,1
30622440,1
30626927,1
30631532,1
30652791,1
30660439,1
30662672,1
30663807,1
30682355,1
30682790,1
30683248,1
30687616,1
30688276,1
30688679,1
30693688,1
30694379,1
30694467,1
30700890,1
30701475,1
30708545,1
30711792,1
30716350,1
30718444,1
30731072,1
30739239,1
30740234,1
30742447,1
30742945,1
30755778,1
30755871,1
30770547,1
30772943,1
30773956,2
30775542,1
30781137,1
30783979,1
30785720,1
30787037,1
30787218,1
30792405,1
30794638,1
30795415,1
30800317,1
30802967,1
30804112,1
30808316,1
30809681,1
30810402,1
30810700,1
30823132,1
30827238,1
30830713,1
30835680,1
30854283,1
30863298,1
30868681,1
30870580,1
30876123,1
30884253,1
30885216,1
30895606,1
30901241,1
30902074,1
30903026,1
30906186,1
30925296,1
30926224,1
30929568,1
30934097,1
30943236,1
30949385,1
30965123,1
30967989,1
30977884,1
30979461,1
30979598,1
30990835,1
30996987,1
31007212,1
31007907,2
31008635,1
31013580,1
31014250,1
31014328,1
31027139,1
31028986,1
31034536,1
31036241,1
31046348,1
31051788,1
31052716,1
31057849,1
31064937,1
31065340,1
31065808,1
31067830,1
31068367,1
31082646,1
31083461,1
31089758,1
31090860,1
31096082,1
31098825,1
31101209,1
31115700,1
31121152,1
31122549,1
31125281,1
31133623,1
31137025,1
31144053,1
31145285,1
31152321,1
31154526,1
31156679,1
31159723,1
31162373,1
31170809,1
31183934,1
31186222,1
31186542,1
31189892,1
31197138,1
31214445,1
31221055,1
31231856,1
31234156,1
31235342,1
31242842,1
31243793,1
31249309,1
31250006,1
31255934,1
31270289,1
31273717,1
31275467,1
31278174,1
31281983,1
31283897,1
31284213,1
31286981,1
31288318,1
31288628,1
31293924,1
31299799,1
31301654,1
31310493,1
31317398,1
31320188,1
31321188,2
31321934,1
31325167,1
31325296,1
31348972,1
31354274,1
31355874,1
31359922,1
31365175,1
31370133,1
31378737,1
31382824,1
31386996,1
31388982,1
31392692,1
31396011,1
31412003,1
31415269,1
31415382,1
31417269,1
31419678,1
31427850,5
31428619,1
31443074,4
31448300,1
31448923,1
31463517,1
31474766,1
31479857,1
31482140,1
31483498,2
31483888,1
31485341,1
31489642,1
31492422,1
31492758,1
31501945,1
31502796,1
31505906,1
31516936,1
31520502,1
31522568,1
31522760,1
31531527,1
31533697,1
31539853,1
31540828,1
31542053,2
31546143,1
31546601,1
31554745,1
31560750,1
31563977,1
31580135,1
31581044,1
31590269,2
31600291,1
31608174,1
31627738,1
31632172,1
31637109,1
31649110,1
31652265,1
31661914,1
31663512,1
31663979,1
31666470,1
31675041,1
31685265,1
31686586,1
31687181,1
31692990,1
31698966,2
31711338,1
31731825,1
31741718,1
31742223,1
31742974,1
31743831,1
31744226,1
31767853,1
31769726,1
31774401,1
31779125,1
31779860,1
31788849,1
31795051,1
31795615,1
31800808,1
31801364,1
31802073,1
31813451,1
31814043,1
31816531,1
31819391,1
31824231,1
31828764,1
31829027,1
31831292,1
31850821,1
31850902,1
31851431,1
31852257,1
31852825,1
31854230,1
31854343,1
31857308,1
31862947,1
31866115,1
31872288,2
31875147,1
31879758,1
31880587,1
31882844,1
31893406,1
31901136,1
31902004,1
31902747,1
31906840,1
31909061,1
31913720,1
31915855,1
31916524,1
31919558,1
31920396,1
31923882,1
31941002,1
31941060,1
31945314,1
31945873,1
31952297,1
31954718,1
31959109,1
31961274,1
31964100,1
31975500,1
31975705,1
31976113,1
31980330,1
31982496,1
31984069,1
31985711,1
31989081,1
31991302,1
31998003,1
31998550,1
32001791,1
32004925,1
32007083,1
32016523,1
32017007,1
32018908,1
32027253,1
32029400,1
32029982,1
32031693,1
32032339,1
32032476,1
32033579,1
32033845,1
32036052,1
32036069,1
32036474,1
32040901,1
32044144,1
32058002,1
32062898,1
32065208,1
32069685,1
32079387,1
32079903,1
32087475,1
32099399,1
32118627,1
32129522,2
32130780,1
32131456,1
32132485,1
32133670,1
32135464,1
32135812,1
32138575,1
32140063,1
32140289,1
32142351,1
32147020,1
32168519,1
32169182,4
32174276,2
32174554,1
32186630,1
32187085,1
32193033,1
32194001,1
32194363,1
32195719,1
32201324,1
32201506,1
32210953,1
32212221,1
32213920,1
32220765,1
32229799,2
32235620,1
32236798,1
32237905,1
32240939,1
32241933,2
32245772,1
32248437,1
32251258,1
32255488,1
32255588,1
32260633,1
32261831,1
32264020,1
32267027,1
32275018,1
32275923,1
32280995,1
32283973,1
32287147,1
32291392,1
32301380,1
32304933,1
32308101,1
32308435,1
32310964,1
32312434,1
32313680,1
32316065,1
32319624,1
32327858,1
32331131,1
32331521,1
32332062,1
32335736,1
32338891,1
32351455,1
32355027,1
32355782,1
32358424,1
32366550,1
32375741,1
32376686,1
32385985,1
32391728,1
32394757,1
32395585,1
32396237,1
32401235,1
32403743,1
32405058,1
32407417,1
32409546,1
32410140,1
32414660,1
32419465,1
32419820,1
32428261,2
32433575,1
32433964,1
32435769,1
32436232,1
32437151,1
32437440,1
32437807,1
32441637,1
32453754,1
32458727,1
32460711,1
32470354,1
32486062,1
32487086,1
32489032,1
32489681,1
32506156,1
32506434,1
32508168,1
32510769,1
32517114,1
32519965,2
32520781,1
32523200,1
32529445,1
32533860,1
32536264,1
32539286,1
32544918,1
32555977,1
32557358,2
32557961,1
32561597,1
32563762,1
32564515,1
32565809,1
32566921,1
32572119,1
32572259,1
32573406,1
32575566,1
32576256,2
32582878,1
32589592,1
32592225,1
32593782,1
32598699,1
32598811,2
32609689,1
32611672,1
32613953,1
32615066,1
32617131,1
32632186,3
32649176,1
32661049,1
32666357,1
32668889,1
32681240,1
32687193,1
32688765,1
32699563,1
32704542,1
32706411,1
32710805,1
32716672,1
32725281,1
32727188,1
32741748,1
32745766,1
32746338,1
32749254,1
32755400,1
32761048,1
32771292,1
32773665,1
32774009,1
32775019,1
32782680,1
32785733,1
32787759,1
32789876,1
32790186,1
32794413,1
32804415,1
32806502,1
32811666,1
32823396,1
32825326,1
32826174,1
32827527,1
32831595,1
32835351,1
32839114,1
32839718,1
32844693,1
32851879,1
32853499,1
32858525,1
32861476,1
32861976,1
32864332,1
32870336,1
32875657,1
32879640,1
32881538,1
32882329,1
32884105,1
32893711,2
32895755,1
32908423,1
32910415,1
32910461,1
32912298,1
32916571,1
32918747,1
32922990,1
32924404,1
32930283,1
32931126,1
32932088,1
32932187,1
32936898,2
32938211,1
32938402,1
32940513,1
32949939,1
32954258,1
32957221,1
32958058,1
32958103,1
32959212,1
32965534,1
32969596,1
32976388,1
32976627,1
32980314,1
32983588,1
32985519,1
32992109,1
32992652,1
32993519,1
32997707,1
32998057,1
33011824,1
33012425,1
33015386,1
33018940,1
33020880,1
33021114,1
33021497,2
33023300,1
33033094,1
33051351,1
33052757,1
33059426,1
33062369,1
33064621,1
33066250,1
33068378,1
33069819,2
33070466,1
33070862,1
33079230,1
33079555,1
33086936,1
33087260,1
33091666,1
33106062,1
33112835,1
33115688,1
33117082,1
33118494,1
33119492,1
33120223,1
33123637,1
33124232,1
33127169,1
33129246,1
33131404,1
33134041,1
33139997,1
33141797,1
33143885,1
33151350,1
33166390,1
33166525,1
33171077,1
33173896,1
33192247,1
33201674,1
33205665,1
33206210,1
33213379,1
33214722,1
33222461,1
33223751,1
33225026,1
33228518,1
33242526,1
33243383,2
33245631,1
33250012,1
33252549,1
33255820,1
33264708,1
33266041,1
33277331,1
33284623,1
33290249,1
33292100,1
33295590,1
33310255,1
33310590,1
33325177,1
33327397,1
33327613,1
33345641,1
33348928,1
33354606,1
33357276,1
33360440,1
33363467,1
33364790,1
33368143,1
33372714,1
33373409,1
33373714,1
33373825,1
33377824,1
33383515,1
33384265,1
33389418,1
33390658,1
33391300,2
33392022,1
33395784,1
33402460,1
33403762,1
33405932,1
33416247,1
33419526,1
33420785,1
33423008,1
33424405,1
33437850,1
33443763,2
33461106,1
33462905,1
33470490,1
33481777,1
33482161,1
33491334,1
33491428,1
33491613,1
33491632,2
33498836,1
33500135,1
33503476,1
33512073,1
33516349,1
33520257,1
33521410,1
33528327,1
33529441,1
33530420,1
33537441,1
33540372,1
33546454,1
33547678,1
33549441,1
33551757,1
33552046,1
33555768,1
33556084,1
33563640,1
33564701,1
33565732,1
33566147,1
33571053,1
33577135,1
33583268,1
33585645,1
33587065,1
33589526,1
33592375,1
33598510,2
33598633,1
33600480,1
33605526,1
33606197,1
33614071,1
33630357,1
33630786,1
33635739,1
33637819,1
33648198,1
33654551,1
33657802,1
33673240,1
33680980,1
33711170,1
33711380,1
33713262,1
33714643,1
33720242,1
33721844,1
33722705,1
33724737,1
33725716,1
33729221,1
33738921,1
33750312,1
33754492,1
33763365,1
33766411,1
33769257,1
33777424,1
33781006,1
33784785,1
33789321,1
33791085,1
33791263,1
33802077,1
33803916,1
33803975,1
33806646,1
33807406,1
33808140,1
33809511,1
33813588,1
33822827,1
33824357,1
33828524,1
33836570,1
33866950,1
33870216,1
33870508,1
33891782,1
33892472,1
33894918,1
33896026,1
33899329,1
33904390,1
33907581,1
33907866,1
33922888,1
33923279,1
33925317,2
33933142,1
33948217,1
33953912,1
33953936,1
33956589,1
33969780,1
33971064,1
33973828,1
33976926,1
33981696,1
33987744,1
33996594,1
33999269,1
34002960,1
34009329,1
34010665,1
34018277,1
34020535,1
34034274,1
34042434,1
34044296,1
34044603,1
34049387,1
34052984,1
34053927,1
34059439,1
34061042,1
34063534,1
34064135,1
34067269,1
34069335,1
34072411,1
34074056,1
34076325,1
34078322,1
34078596,1
34085845,1
34095089,1
34098623,1
34101326,1
34101601,1
34102610,1
34112131,1
34116392,1
34117620,1
34125917,1
34133492,1
34140255,1
34142984,1
34144740,1
34145544,1
34153549,1
34161949,1
34163622,1
34164395,1
34175098,1
34180881,1
34186314,1
34195737,1
34196005,1
34199886,1
34199905,1
34200447,1
34203474,1
34205471,1
34206594,1
34206897,1
34209028,4
34213485,1
34226502,1
34226834,1
34233006,1
34241521,1
34246760,1
34255899,2
34258252,1
34261238,1
34265999,1
34267628,1
34270884,1
34277777,1
34282894,1
34285446,1
34287490,1
34295773,1
34312966,1
34317613,1
34319725,1
34321259,1
34329208,1
34332614,1
34332703,1
34338840,1
34341857,1
34349587,1
34349915,1
34351678,1
34353640,1
34356756,1
34360891,1
34366330,1
34366496,1
34369130,1
34369843,1
34386181,1
34391513,1
34394229,1
34400653,1
34407561,1
34411704,1
34411969,1
34425507,1
34429084,1
34432324,1
34434072,1
34439652,1
34443651,1
34446698,1
34446722,1
34455592,1
34456690,1
34462078,2
34462247,1
34462943,1
34466874,1
34485907,1
34487074,1
34501060,1
34507268,1
34515229,1
34518954,1
34524154,1
34528090,1
34532288,1
34537102,1
34543293,1
34551852,1
34551962,1
34552014,1
34558050,1
34560232,1
34566121,1
34584914,1
34591322,1
34600369,1
34603467,1
34613774,1
34614358,1
34614644,1
34616277,1
34617961,1
34627272,1
34627453,1
34632190,1
34639446,1
34642309,1
34642968,1
34649606,1
34655987,1
34657725,1
34661795,1
34664521,1
34664891,1
34666442,1
34678981,1
34688995,1
34708364,1
34710484,1
34715306,1
34727397,1
34731361,1
34733118,1
34741746,1
34744445,1
34745469,1
34747899,1
34755896,1
34758989,1
34759556,1
34762410,1
34771982,1
34772145,1
34773171,1
34780309,1
34784308,1
34788221,1
34798203,1
34799053,1
34803055,1
34804052,1
34805743,1
34807532,1
34814168,1
34817364,1
34823269,1
34823594,1
34829253,1
34849043,1
34853790,1
34866256,1
34875062,1
34875338,1
34878487,1
34885971,1
34888408,1
34892464,1
34900063,1
34916469,1
34921133,1
34924662,1
34926441,1
34946442,1
34947536,1
34956460,1
34958495,1
34959078,1
34961373,1
34966120,1
34972397,2
34974508,1
34976212,1
34982182,1
34988548,1
34992650,1
34998342,1
35005448,1
35022264,1
35025882,1
35028055,1
35032996,1
35035423,1
35051714,1
35061738,1
35064742,1
35064903,1
35065795,1
35076653,1
35084023,1
35096042,1
35101854,1
35110941,1
35115643,1
35120858,1
35121685,1
35124692,1
35127144,1
35134207,1
35144141,1
35160148,1
35163303,1
35168911,1
35169750,1
35170939,1
35172202,1
35174558,1
35174794,1
35188442,1
35190475,1
35203957,1
35206353,1
35210888,1
35212698,3
35213527,1
35215680,1
35223375,1
35224538,1
35227094,1
35230623,2
35231092,1
35231115,1
35233167,1
35235543,1
35239416,1
35256133,1
35262751,1
35269365,1
35270620,1
35275408,1
35281285,1
35291865,1
35294173,1
35304405,1
35304641,1
35314154,1
35314883,1
35324795,1
35327799,1
35334134,1
35335091,1
35337798,1
35339942,1
35349367,1
35352701,1
35356271,1
35360746,1
35361137,1
35364024,1
35370400,1
35370469,1
35373554,2
35376950,1
35377072,1
35386821,1
35395835,1
35400185,1
35402248,1
35403473,1
35413013,1
35414841,1
35425540,1
35432522,1
35454011,1
35456589,1
35470921,6
35482043,1
35489117,1
35489460,1
35490284,1
35493221,2
35494420,1
35495810,1
35498106,1
35501255,1
35508883,1
35510932,1
35512940,1
35515885,1
35518985,1
35521032,1
35530792,1
35532869,1
35535783,1
35539143,1
35540617,1
35541198,1
35541212,1
35541470,1
35548889,1
35565813,1
35570588,1
35577566,1
35580099,1
35580256,2
35581029,1
35583825,1
35584807,1
35585881,1
35587716,1
35590376,1
35602040,1
35613913,1
35617149,1
35626992,1
35629974,1
35632653,1
35633190,1
35633477,1
35637443,1
35645393,1
35645476,1
35656626,1
35662945,1
35666594,1
35673979,1
35677084,1
35677990,1
35682879,1
35694712,1
35694946,1
35706211,1
35710654,1
35712975,1
35715904,1
35726765,1
35727375,1
35736450,1
35736920,1
35739080,1
35739573,1
35742124,1
35745307,1
35754216,1
35764628,1
35778371,1
35778456,1
35780068,2
35783139,1
35786546,1
35791147,1
35801625,1
35812716,1
35814742,1
35815130,1
35833890,1
35840154,1
35842246,1
35843486,1
35845425,1
35856193,1
35856959,1
35857179,1
35859346,1
35859927,1
35871541,1
35883111,1
35888688,1
35890198,1
35892475,1
35896236,1
35896542,2
35901082,1
35903594,1
35904444,1
35904712,1
35905412,1
35905778,1
35918629,1
35924749,1
35926159,1
35930364,1
35932384,1
35938317,1
35942108,1
35943047,1
35945268,1
35950530,1
35952953,1
35955390,1
35957435,1
35958163,1
35962310,1
35971213,1
35974191,1
35975961,1
35977367,1
35981293,1
35985127,1
35991630,1
35998162,1
36023898,1
36026624,1
36028424,1
36036818,1
36037996,1
36044389,1
36044908,1
36049421,1
36051308,1
36060993,1
36064256,1
36069345,1
36070056,1
36070057,1
36080705,1
36083692,1
36084652,1
36086094,1
36107281,1
36108149,1
36109882,1
36110478,1
36110694,1
36125986,1
36126125,1
36127788,1
36131887,1
36133745,1
36135657,1
36145660,1
36148681,1
36154235,1
36155009,1
36161392,1
36171143,1
36175146,1
36190508,1
36192730,1
36192751,1
36192863,1
36194663,1
36204372,1
36208124,1
36215014,1
36215527,1
36218572,1
36222458,1
36226087,1
36229969,1
36246570,1
36249910,3
36250002,1
36257947,1
36261034,1
36262513,1
36263355,1
36263538,1
36264680,1
36265930,1
36267844,1
36275596,1
36276913,2
36289388,1
36305985,1
36319157,1
36324543,1
36329795,1
36335378,1
36337174,1
36343338,1
36344851,1
36354348,1
36357875,1
36371584,1
36373739,1
36376725,1
36405110,1
36420398,1
36428658,1
36439732,1
36443980,1
36449887,1
36451129,1
36451831,1
36455834,1
36459418,1
36464332,1
36481975,1
36483986,1
36493671,1
36494536,1
36501040,1
36506417,1
36514347,1
36519094,1
36519284,1
36520309,1
36521330,1
36526527,1
36528430,1
36531464,2
36537629,1
36558130,1
36561306,1
36575176,1
36575275,1
36593447,1
36593685,1
36594527,1
36601233,1
36621150,1
36622194,1
36632901,1
36635504,1
36649129,1
36654812,1
36654893,1
36672861,1
36689861,1
36695017,1
36695271,1
36702053,1
36704697,1
36704761,1
36727460,1
36728931,2
36735053,1
36735327,1
36740602,2
36745144,1
36747857,1
36748284,1
36753247,1
36753839,1
36758674,1
36760609,1
36760800,1
36760911,1
36761132,1
36763164,2
36771171,1
36775154,1
36778645,1
36782264,1
36790218,1
36796532,1
36805474,1
36807939,1
36812003,1
36821505,1
36822136,1
36824170,1
36828740,1
36832285,1
36844888,1
36852431,1
36859588,2
36868971,1
36872756,1
36873908,1
36876080,1
36886162,1
36890796,1
36899226,1
36902722,1
36903544,1
36904050,1
36907214,1
36926781,1
36930204,1
36941460,1
36947462,1
36958734,1
36964941,1
36966225,1
36966801,1
36970693,1
36977717,1
36977733,1
36977879,1
36985186,1
36990678,1
36992032,1
36997022,1
36999173,1
37012364,1
37016233,1
37028368,1
37050201,1
37051428,1
37075647,1
37080270,1
37083710,1
37083991,1
37085905,1
37089863,1
37092943,1
37094964,1
37102468,1
37104041,1
37117190,1
37118134,1
37118877,1
37120330,1
37120461,1
37121894,1
37125295,1
37127765,1
37134511,1
37139246,1
37140694,2
37143265,1
37143839,1
37153406,1
37153833,1
37165188,1
37171082,1
37197876,1
37200145,1
37209425,1
37211852,1
37215457,1
37223377,1
37224169,1
37231458,1
37232476,1
37232561,1
37239554,1
37255169,1
37255936,1
37257176,1
37259297,1
37259750,1
37260523,1
37261065,1
37261842,1
37261904,1
37265396,1
37270480,1
37277901,1
37281604,1
37284051,1
37308565,1
37312278,1
37329575,2
37337234,1
37338905,1
37348010,1
37350809,1
37351410,1
37354211,1
37362730,1
37369168,1
37370181,1
37372205,1
37372723,1
37375999,1
37378746,1
37383316,1
37385382,1
37396790,1
37405625,1
37425856,1
37427166,1
37445536,1
37445613,1
37451552,1
37452438,1
37452506,1
37453713,1
37458412,1
37460517,1
37480585,1
37482011,1
37482171,1
37483725,1
37485974,1
37488679,1
37507003,1
37508469,1
37523000,1
37529096,1
37529325,1
37530985,1
37540371,1
37542374,1
37547509,1
37548801,1
37574822,2
37579681,1
37588782,1
37589122,1
37593075,1
37595144,1
37595282,1
37596421,1
37596785,1
37619253,1
37625112,1
37626313,1
37656640,1
37658262,1
37659479,1
37664775,1
37667704,1
37672502,1
37701679,1
37708382,1
37710130,1
37723064,1
37728696,1
37751258,1
37765242,1
37766068,2
37769549,1
37770235,1
37772591,1
37777205,1
37781050,1
37781802,1
37782746,1
37800509,1
37827216,1
37830362,1
37830769,1
37835327,1
37836518,1
37836636,1
37839928,1
37845480,1
37849741,1
37850842,1
37855739,1
37860789,1
37861929,1
37870368,1
37891619,1
37895773,1
37916223,1
37927312,1
37927890,1
37929162,1
37929992,1
37944786,1
37947163,1
37962411,1
37962604,1
37967690,1
37973863,1
37976744,1
37977109,1
37997421,1
38002468,1
38005924,1
38009795,1
38018591,1
38020233,1
38022117,1
38026494,1
38029526,1
38031149,1
38031411,1
38035449,1
38042033,1
38045080,1
38048916,1
38060297,1
38075088,1
38075339,1
38077746,1
38077837,1
38083777,1
38096703,1
38100632,1
38102582,1
38105595,1
38109533,1
38115098,1
38134380,1
38134516,1
38137329,1
38149783,1
38150665,1
38153111,1
38158676,1
38162246,1
38173254,1
38177419,1
38178039,1
38180319,1
38181086,1
38182275,2
38186427,1
38187238,1
38187276,1
38214417,1
38215315,1
38216671,1
38220115,1
38235854,1
38237246,1
38240295,1
38250872,1
38257704,1
38265023,1
38268317,1
38268966,1
38270282,1
38275018,1
38275852,1
38283085,1
38285861,1
38293160,1
38296486,1
38327267,1
38340118,1
38345285,1
38346034,1
38357771,1
38358184,1
38363606,1
38375572,1
38380988,1
38393797,1
38394281,1
38404589,1
38408670,1
38414004,1
38420601,2
38422259,1
38427679,1
38437009,1
38440687,1
38443830,3
38445078,1
38451483,1
38462415,1
38463873,1
38464468,1
38490578,1
38493346,1
38495639,1
38496953,1
38502084,1
38502616,1
38502759,1
38508809,1
38517192,1
38523093,2
38527447,1
38527880,1
38532591,1
38547621,1
38556752,1
38567485,1
38575932,1
38578247,1
38580457,1
38582068,1
38596482,1
38597904,1
38607067,1
38608178,4
38610409,1
38620398,1
38620459,1
38624058,1
38635290,1
38650337,1
38650638,1
38653376,1
38658920,1
38666763,1
38669260,1
38678917,1
38685302,1
38689620,1
38709146,1
38718810,1
38729065,1
38731072,1
38732970,1
38739324,1
38746141,1
38746192,1
38747614,1
38752484,1
38759997,1
38760485,1
38766504,1
38782737,1
38786181,1
38786893,1
38800183,1
38802353,1
38807100,1
38807139,4
38808706,1
38827245,1
38827746,1
38828053,1
38830903,1
38830951,1
38835844,1
38840150,1
38840682,1
38843153,1
38844659,2
38845458,1
38847408,1
38853559,1
38863038,1
38864617,1
38872275,1
38874004,1
38882589,1
38883201,1
38884037,1
38885595,1
38887201,1
38888470,1
38889721,1
38890773,1
38895133,1
38898718,1
38900226,1
38906163,1
38912532,1
38916402,1
38922203,1
38927082,1
38927424,1
38928059,1
38928563,1
38930607,1
38932484,1
38936915,1
38943742,1
38945759,1
38956920,1
38958131,1
38959871,1
38965141,1
38968278,1
38978846,1
38985003,1
38986298,1
38988658,1
38988779,1
38991758,1
38993849,1
38995624,1
39004442,1
39005141,1
39005598,1
39007142,1
39007697,1
39010377,1
39011309,1
39011842,1
39014459,1
39026437,1
39026593,1
39035228,1
39038230,1
39041918,1
39046570,1
39048927,1
39063457,1
39071929,1
39073188,1
39075334,1
39078991,1
39092342,1
39098000,1
39103865,1
39104088,1
39105751,1
39105801,1
39111573,1
39114868,1
39117631,1
39117820,1
39120423,1
39140902,1
39140938,1
39146704,1
39148877,2
39155424,1
39168048,1
39170995,1
39181398,1
39190812,1
39236516,1
39237068,1
39237502,1
39239965,2
39241303,1
39246971,1
39256810,1
39261479,1
39274208,1
39284163,1
39293511,1
39295979,3
39296145,1
39297818,1
39304055,1
39305460,1
39320777,1
39332586,1
39346277,1
39348311,1
39348559,1
39351487,1
39373926,1
39383758,2
39396756,1
39398282,1
39400458,1
39402843,1
39410285,1
39412843,1
39414138,1
39419448,1
39424834,1
39430235,1
39434627,1
39439017,1
39442065,1
39449491,1
39450062,2
39452697,1
39460992,1
39462442,1
39474131,1
39482599,1
39483232,1
39488119,1
39488591,1
39488717,1
39507881,1
39518771,1
39529765,1
39542938,1
39543393,5
39544852,1
39545309,1
39548998,2
39553475,1
39559178,1
39563793,1
39564012,1
39580073,1
39587710,1
39592269,1
39592375,1
39592732,1
39594572,1
39596705,1
39598220,1
39598727,1
39601046,1
39607612,1
39607947,1
39626260,1
39639583,1
39639992,1
39646696,1
39647285,1
39647839,2
39649411,1
39652331,1
39659394,1
39670256,1
39672672,1
39673124,1
39682259,1
39687477,1
39703579,1
39704763,1
39711544,1
39721126,1
39726946,1
39730824,1
39732895,1
39735858,1
39754370,1
39755499,2
39756011,1
39763019,1
39766613,1
39774117,1
39778636,1
39779176,1
39790891,1
39795046,1
39800303,1
39807455,1
39816902,1
39821951,1
39822944,1
39827514,1
39828645,1
39829111,1
39829911,1
39830125,1
39831696,1
39842820,1
39852324,1
39853587,1
39854348,1
39857649,1
39879043,1
39885497,1
39929823,1
39932068,1
39933419,1
39934721,1
39937547,1
39938553,1
39944763,2
39946030,1
39962391,1
39962623,1
39973752,1
39984251,1
39986668,1
39987510,1
39993466,1
39995589,1
39998190,1
39998254,1
40006651,1
40016057,1
40017222,1
40018519,1
40023234,1
40024364,1
40028336,1
40029520,1
40047364,1
40051361,1
40057038,1
40063841,1
40064911,1
40069230,1
40070645,1
40071864,1
40071952,1
40072414,1
40080252,1
40085740,4
40110937,1
40116776,1
40130066,1
40134208,1
40141251,1
40144196,1
40145121,1
40146328,1
40147294,2
40156382,1
40157135,1
40167428,1
40177118,1
40191806,2
40213815,1
40221744,1
40224023,1
40224101,1
40225091,1
40226799,1
40232557,1
40239844,1
40242169,1
40251675,1
40252940,1
40258722,1
40263305,1
40273388,1
40275336,1
40281629,1
40282681,1
40287406,1
40300919,1
40301607,1
40303207,1
40304338,1
40305786,1
40310863,1
40317114,1
40322493,1
40327885,1
40335724,1
40338102,1
40340023,1
40340542,1
40342202,1
40346672,1
40351128,1
40357511,1
40362506,1
40366263,1
40366972,1
40368688,1
40376521,1
40380293,1
40383808,1
40385183,1
40392769,1
40398945,1
40403697,1
40413829,1
40430746,2
40431065,1
40431305,1
40449402,1
40450513,1
40451130,1
40469421,1
40471946,1
40495733,1
40495748,1
40498137,1
40502247,1
40510346,1
40512676,1
40513836,1
40514160,1
40514306,1
40515793,1
40517338,1
40521259,1
40523048,1
40523695,1
40534114,1
40535627,1
40540262,2
40544348,1
40552237,1
40561709,1
40565529,1
40565728,1
40566146,1
40573959,1
40574454,1
40574784,1
40575189,1
40580158,1
40603380,1
40603400,1
40604067,1
40604784,1
40636930,1
40637276,1
40638197,1
40643627,1
40643808,1
40645497,1
40655135,2
40663591,1
40663923,1
40665595,1
40701601,1
40703811,1
40705899,2
40712079,1
40714517,1
40715044,3
40716728,1
40724177,1
40726067,1
40738594,1
40742947,1
40747228,1
40748509,1
40770208,1
40770950,1
40771799,1
40772631,1
40773404,1
40775676,1
40778211,1
40797945,1
40798232,1
40800448,1
40802412,1
40803711,1
40813528,1
40815708,1
40821565,1
40832831,1
40832979,1
40862259,1
40862626,2
40869908,1
40880240,1
40886141,1
40886528,1
40891827,1
40903431,1
40907224,1
40909527,1
40922393,1
40927866,1
40928349,1
40965898,1
40968928,1
40971483,1
40987943,1
41012240,1
41014492,2
41021322,1
41031053,1
41065217,2
41065736,1
41073314,1
41077433,1
41081713,1
41085900,1
41089556,1
41091058,1
41091609,1
41102508,1
41108519,1
41109559,1
41125160,1
41133441,1
41134112,1
41134380,1
41138939,1
41138941,1
41140572,1
41150432,1
41161556,1
41162183,1
41163455,1
41174521,1
41180869,1
41181209,1
41186511,1
41188874,1
41191557,1
41198038,1
41228762,1
41231235,1
41257880,1
41257965,1
41265413,2
41266433,1
41269583,1
41295891,1
41298167,1
41299669,1
41301908,1
41305552,1
41305715,1
41307931,1
41314366,1
41318044,1
41323220,1
41324509,1
41324975,1
41326502,1
41331442,1
41338503,1
41341335,1
41343159,1
41348927,1
41357160,1
41361100,1
41372639,1
41388783,1
41389482,1
41392278,1
41401566,1
41407700,1
41409483,1
41416976,1
41434272,1
41441504,1
41441643,2
41444594,1
41453379,1
41454397,1
41457708,1
41494502,1
41495669,1
41501986,1
41512228,1
41513782,1
41513919,2
41515472,1
41543649,1
41550589,1
41552532,1
41567902,1
41568013,1
41568151,1
41568266,1
41571384,1
41576095,1
41579749,1
41602338,1
41603200,1
41609451,1
41609708,1
41611371,1
41635087,1
41652029,1
41659814,1
41683345,1
41692486,1
41692876,1
41693046,1
41710468,1
41710943,1
41730826,1
41735311,1
41747333,1
41773797,1
41773861,1
41781157,1
41793074,1
41793135,1
41793984,1
41813401,1
41815728,1
41819795,1
41845164,1
41851415,1
41852265,1
41853928,1
41862082,1
41874924,1
41876620,1
41882455,1
41893166,1
41897540,1
41898282,41
41921395,1
41939011,1
41945903,1
41953062,1
41957307,1
41968447,1
41969735,1
41973254,1
41978486,1
41993083,1
42001531,1
42009345,1
42016325,1
42021006,2
42028162,1
42029519,1
42031721,1
42043588,1
42044030,1
42045923,1
42051272,1
42061747,1
42063103,1
42067541,1
42073497,1
42078722,1
42088872,1
42089082,2
42106787,2
42107491,1
42113006,1
42114835,1
42121379,1
42140605,1
42141450,1
42148670,1
42151540,1
42151917,1
42163912,1
42170559,1
42172631,1
42177912,1
42179185,1
42182408,1
42182835,1
42184833,1
42192783,1
42192796,1
42196021,1
42197057,1
42203137,1
42204892,1
42208057,1
42210912,1
42215787,1
42216008,1
42221804,1
42227095,1
42239140,1
42249391,1
42262146,1
42264778,1
42271912,1
42273062,1
42276738,1
42280794,1
42293775,1
42300447,1
42304709,1
42312863,1
42319948,2
42328488,1
42336971,1
42346847,1
42347370,1
42364915,1
42366359,1
42370681,1
42373772,1
42379455,1
42383434,1
42384581,1
42388668,1
42393696,1
42398281,1
42402987,1
42404233,1
42407286,1
42412715,1
42413410,1
42417723,1
42434498,1
42442507,1
42455093,1
42461518,1
42461743,1
42462209,1
42464919,1
42470533,1
42473928,1
42474671,1
42475935,1
42476396,1
42481527,1
42481964,1
42485998,1
42487264,1
42490405,1
42493387,1
42494191,1
42499964,1
42501323,1
42511430,1
42511596,1
42513481,1
42513971,1
42516515,1
42520909,1
42521043,1
42541133,1
42545374,1
42545625,1
42549790,1
42550761,1
42553283,1
42554868,1
42570693,1
42574783,1
42583504,1
42588609,1
42589810,1
42591857,1
42596339,1
42597089,1
42597288,1
42602026,1
42609308,1
42620235,1
42624703,1
42637334,1
42646788,1
42650045,1
42656433,1
42671791,1
42672264,1
42679190,2
42693974,1
42696659,1
42700444,1
42702311,1
42704241,1
42704625,1
42714034,1
42714329,1
42714629,1
42715919,1
42716269,1
42716295,1
42726565,1
42742857,1
42745666,1
42746736,1
42748379,1
42769725,1
42775757,1
42790057,1
42790740,1
42812113,1
42812654,1
42817702,1
42818181,1
42819382,1
42827574,1
42832087,1
42843075,1
42848894,1
42851186,1
42857895,1
42859362,1
42865234,1
42866091,1
42867097,1
42869389,1
42870156,1
42872701,1
42879091,1
42896525,1
42903383,1
42909013,1
42910991,1
42915664,1
42936410,1
42942897,1
42944002,1
42946112,2
42946548,1
42947087,1
42950693,1
42951935,1
42954461,2
42958812,2
42963332,1
42971690,1
42971876,1
42976979,1
42982533,1
42994241,1
42998845,1
43000648,1
43001203,1
43007653,1
43008882,1
43013769,1
43017632,1
43018489,1
43019056,1
43029286,1
43035576,1
43040593,2
43042715,1
43042873,1
43046102,1
43047763,1
43049052,1
43055147,1
43067551,1
43072902,1
43073325,1
43088667,1
43094970,1
43095406,1
43103163,1
43107113,1
43115371,1
43121212,1
43131575,1
43132318,1
43134418,1
43138771,1
43147421,1
43148004,1
43159834,1
43171967,1
43172716,1
43178667,1
43179146,1
43180043,1
43181252,2
43196870,1
43198438,1
43207799,1
43209783,1
43210814,1
43214679,1
43214931,1
43226073,1
43239645,1
43240742,1
43244104,1
43245776,1
43246297,1
43248948,1
43250483,1
43254910,1
43265794,1
43278460,1
43282278,1
43283622,1
43284404,1
43288700,1
43305366,1
43316964,1
43328811,1
43331416,1
43341682,1
43345664,1
43346380,1
43348292,1
43350185,1
43356029,1
43357527,1
43389323,1
43389342,1
43392409,1
43397475,1
43399466,1
43408737,1
43420401,2
43423216,1
43425812,5
43435071,1
43436010,1
43443357,1
43445998,1
43451761,1
43457281,1
43460189,1
43483545,1
43484729,1
43485962,1
43488135,1
43493852,2
43494187,1
43497143,1
43503284,1
43506685,1
43509068,1
43510291,1
43512814,1
43513000,1
43515580,1
43519784,1
43520175,1
43526752,1
43527286,1
43530070,1
43531035,1
43533385,1
43533746,1
43539094,1
43540548,1
43543909,1
43545812,1
43563802,1
43565992,1
43566493,1
43567707,1
43572006,1
43574448,1
43580235,1
43603913,1
43604031,1
43606916,1
43607124,1
43619937,1
43626415,1
43627450,1
43630681,1
43637794,1
43640272,1
43641633,2
43645580,1
43648146,1
43649460,1
43649615,1
43668725,1
43675453,1
43699359,1
43701530,1
43702737,1
43704288,1
43705776,1
43711434,1
43712054,1
43717185,1
43723790,1
43724913,2
43731525,1
43734688,1
43745133,1
43750552,1
43759105,3
43761886,1
43770258,1
43771865,1
43774417,1
43776161,2
43777557,1
43783393,1
43784056,1
43784886,1
43796661,1
43797735,1
43802499,1
43802815,1
43804263,1
43808296,1
43809559,1
43814157,1
43814863,1
43818888,1
43826031,1
43826642,1
43844179,1
43847020,1
43854758,1
43856946,1
43865965,1
43869157,1
43875454,1
43876848,1
43877180,1
43878201,1
43880493,1
43880903,1
43887554,1
43892661,1
43895871,1
43921091,1
43925055,1
43929743,1
43933874,1
43934258,1
43939294,1
43949501,1
43955230,1
43958708,1
43959381,1
43970039,1
43983035,1
43991222,1
43995067,1
44003038,1
44007726,1
44014415,1
44021072,1
44021277,1
44023235,1
44032755,1
44040597,2
44041377,1
44041766,1
44041989,1
44042865,1
44043869,1
44045911,5
44045943,1
44051386,1
44057030,1
44058757,1
44066540,1
44070492,1
44072774,1
44076327,1
44083849,1
44085121,1
44088168,1
44093643,1
44097312,1
44098622,1
44100113,1
44101336,1
44103947,1
44108528,1
44110141,1
44110596,1
44110731,1
44113430,1
44117648,1
44121227,1
44125163,1
44127147,1
44131140,1
44131347,1
44131846,1
44131905,1
44132406,1
44142765,1
44144724,1
44144731,1
44151844,1
44155264,1
44158581,1
44160838,1
44162051,1
44168812,1
44175546,1
44175589,1
44187099,1
44194758,1
44204222,1
44206490,1
44207253,1
44207705,1
44222543,1
44226349,1
44237371,1
44237388,1
44240298,1
44241549,1
44251289,1
44255013,1
44260426,1
44269066,1
44282098,1
44284019,1
44285042,1
44285620,1
44288174,1
44291592,1
44296118,1
44301271,1
44305421,1
44305721,1
44306054,1
44308390,1
44309040,1
44309088,1
44309344,1
44313743,1
44319370,1
44321293,1
44322449,1
44323155,1
44327258,1
44328380,1
44328625,1
44330591,1
44335799,1
44349253,1
44359385,1
44360183,1
44362429,1
44368997,1
44370805,1
44372157,1
44372758,1
44373552,1
44383239,1
44384795,1
44384988,1
44387852,1
44390541,1
44396182,1
44405294,1
44414418,1
44417092,1
44418247,1
44430080,1
44433088,1
44439583,1
44441385,1
44449504,1
44451585,1
44466014,1
44482451,1
44483080,1
44495184,1
44495460,1
44507239,2
44510043,1
44510541,1
44518039,1
44518734,1
44533235,1
44537252,1
44548809,1
44556003,1
44557882,1
44567586,2
44570760,1
44571847,1
44575697,1
44578852,1
44579378,1
44583944,1
44588767,1
44589342,1
44589723,1
44598664,1
44605601,1
44607491,1
44611780,1
44615796,1
44621867,1
44635626,1
44642458,1
44649323,1
44652883,1
44654695,1
44655055,1
44678921,1
44694525,1
44703643,1
44705138,1
44716380,1
44716474,1
44738481,1
44741777,1
44741987,1
44750087,1
44754810,1
44759507,1
44775996,1
44779781,1
44784595,1
44784663,1
44787359,1
44790784,1
44792682,1
44794118,1
44799166,1
44799572,1
44801113,1
44802022,1
44804830,1
44809794,1
44814054,1
44822563,1
44842045,1
44858649,1
44864521,1
44871469,1
44890163,1
44896253,1
44898064,1
44907675,1
44916572,1
44920131,1
44925796,1
44926681,1
44933829,1
44934913,1
44945112,1
44952616,1
44953569,1
44956424,1
44957674,1
44974737,1
44974769,1
44975263,1
44983823,1
44997401,2
45004153,1
45009242,1
45010661,1
45011486,1
45019882,1
45027362,1
45034108,1
45041294,1
45041769,4
45086516,1
45086825,1
45095954,1
45097828,1
45102094,1
45110141,1
45116287,1
45117218,2
45122329,2
45128080,1
45129887,2
45130910,1
45131249,1
45131430,2
45142747,1
45152028,1
45154441,1
45155182,1
45155403,1
45156638,1
45170745,1
45183584,1
45185420,1
45201794,1
45202363,1
45221309,1
45224617,1
45228014,1
45238933,1
45242107,2
45242683,1
45242856,1
45263782,1
45268029,1
45272873,1
45280500,1
45285915,1
45286771,2
45292173,1
45293863,1
45303195,1
45311997,1
45312299,1
45319516,1
45320618,1
45324987,1
45327989,1
45335572,1
45335740,1
45364791,1
45367599,1
45373576,1
45375764,1
45379733,1
45381509,1
45385208,1
45387477,1
45402286,1
45405044,1
45429625,1
45438149,1
45447813,1
45450994,1
45451201,1
45452378,1
45459512,1
45466974,1
45487685,1
45493071,1
45498607,1
45507601,1
45508550,1
45509339,1
45509655,1
45510988,1
45513138,1
45518011,1
45520026,1
45522942,1
45530936,1
45532103,1
45536170,1
45537276,1
45546296,1
45547116,1
45547122,1
45564258,1
45574030,1
45576380,1
45579687,1
45583362,1
45586350,1
45590672,1
45591413,1
45612704,1
45614399,1
45617105,1
45624106,1
45638585,1
45647069,1
45650558,1
45651732,1
45658045,1
45658521,1
45661989,1
45665443,1
45669613,2
45673928,1
45675498,1
45694216,2
45696734,1
45699578,1
45708547,1
45711841,1
45717673,1
45727389,1
45727674,1
45729071,1
45733964,1
45736551,1
45743448,1
45748739,1
45748836,1
45765528,1
45784147,1
45814289,1
45829489,1
45843736,1
45851384,1
45853533,1
45853940,1
45857340,1
45873654,1
45876754,1
45882426,1
45886910,1
45888395,1
45892908,1
45895919,1
45907836,1
45910873,1
45913029,1
45913989,1
45914760,1
45917859,1
45919384,1
45922436,1
45926479,1
45927580,1
45931530,1
45932883,1
45940067,1
45941668,1
45943524,1
45949251,1
45956890,1
45964239,1
45964822,1
45968454,1
45971730,1
45972967,1
45976019,1
45981620,1
45985534,1
45987371,1
45989017,2
45990091,1
45990941,1
45991777,1
45992437,1
45996390,1
45997816,1
46004116,1
46006784,1
46008593,1
46024001,1
46030560,1
46048038,1
46051040,1
46051506,4
46051866,1
46057140,1
46060565,1
46064597,1
46070909,1
46072705,1
46078028,1
46081038,1
46084304,2
46092308,1
46095609,1
46097299,1
46098501,1
46111162,2
46114113,1
46114615,1
46120148,1
46122209,1
46129472,2
46131793,1
46141275,1
46141527,1
46152393,1
46156734,1
46161634,1
46165429,1
46181683,1
46193371,1
46194455,1
46197265,1
46202011,1
46205451,1
46210430,1
46217210,1
46221775,2
46225838,1
46234386,1
46238387,1
46242040,2
46246823,1
46248939,1
46252311,1
46252815,1
46256924,1
46272347,1
46273525,1
46273791,1
46279781,1
46287095,1
46290258,1
46294886,1
46300090,1
46300157,1
46302068,2
46302138,1
46302511,1
46304672,1
46308188,1
46309116,1
46317321,2
46332835,1
46338569,1
46342664,1
46343402,1
46345872,1
46346622,1
46347022,1
46364143,1
46386358,1
46387399,1
46388253,1
46392144,1
46392855,1
46394906,2
46400271,1
46406654,1
46418049,1
46420278,1
46421825,1
46427158,1
46444633,1
46444652,1
46447321,3
46449943,1
46455303,1
46462944,1
46468802,1
46470763,1
46482682,1
46482797,1
46493976,1
46495124,1
46498972,1
46503702,1
46505805,1
46507972,1
46508817,1
46510529,1
46510852,1
46539626,1
46541094,1
46544665,1
46553104,1
46554918,1
46561566,1
46562212,1
46566524,1
46569863,1
46571439,2
46572405,1
46577620,1
46585114,1
46585162,1
46587501,1
46590632,1
46591537,1
46608115,1
46613640,1
46615169,1
46620049,1
46622106,1
46622301,1
46622374,1
46626618,1
46632741,1
46636043,1
46640740,1
46642225,1
46643530,1
46644707,1
46647469,1
46647646,1
46647693,1
46650073,1
46651553,1
46654375,1
46654802,1
46666370,1
46678627,1
46679773,1
46681084,1
46689813,1
46689904,1
46696318,1
46696647,1
46732192,1
46734417,1
46736285,1
46737849,1
46737979,1
46750938,1
46755588,1
46757278,1
46761795,1
46765954,1
46766610,1
46771830,1
46785284,1
46789226,2
46792251,1
46794176,1
46795706,1
46802209,1
46804151,1
46810394,1
46817346,1
46821332,1
46838874,1
46843689,1
46844683,1
46847658,1
46850780,2
46856376,1
46856621,1
46857148,2
46861007,1
46874161,1
46878251,1
46884328,1
46884838,1
46887634,1
46892771,1
46901221,1
46903591,1
46905161,1
46906584,1
46906648,1
46919888,1
46934916,1
46935044,1
46936498,1
46938840,1
46944669,1
46948241,1
46959192,1
46962923,1
46973479,1
46977173,1
46985414,1
46993225,1
47003509,2
47017909,1
47021983,1
47032563,2
47033052,1
47043333,1
47046038,1
47047883,1
47065711,1
47069260,1
47072685,1
47085476,1
47087725,1
47096348,1
47098938,1
47132280,1
47138294,1
47142137,1
47146890,1
47149194,1
47165341,1
47179660,1
47180885,1
47184027,1
47196276,1
47202645,1
47206510,1
47213599,1
47222685,1
47227887,1
47242934,1
47244243,1
47253321,1
47258766,1
47277869,1
47279098,1
47293990,1
47295446,1
47297555,1
47300853,1
47303106,1
47303296,1
47305525,1
47308254,1
47322522,1
47329655,1
47332187,1
47338163,1
47341194,1
47343868,1
47349681,2
47373076,1
47375452,1
47376234,1
47377566,1
47380942,1
47389403,1
47394200,1
47394979,1
47404953,1
47410251,1
47421818,1
47428697,1
47436092,1
47437328,1
47448731,1
47456460,1
47458848,1
47461841,1
47462742,1
47463855,1
47466952,1
47470153,1
47471305,1
47473330,1
47492320,1
47495598,1
47497813,1
47499687,1
47504664,1
47531779,1
47540683,1
47551017,1
47555211,1
47569369,1
47570400,1
47578822,1
47579252,1
47586500,1
47586768,1
47586954,1
47592751,1
47593228,1
47609623,1
47625089,1
47628091,1
47628315,1
47644445,2
47663913,1
47671781,1
47673292,1
47685134,1
47687909,1
47689732,1
47697152,1
47700418,1
47707103,2
47708051,1
47723536,1
47725056,1
47739366,1
47740312,1
47742611,1
47747828,1
47751580,1
47752045,1
47755037,1
47760695,1
47769319,1
47771167,1
47781941,1
47787078,1
47790940,1
47791082,1
47801736,1
47804013,1
47806749,1
47820033,2
47820557,1
47821178,1
47825603,1
47830538,1
47831211,2
47839116,1
47840377,1
47850639,1
47861097,1
47866467,1
47868559,1
47872200,1
47873678,7
47888628,2
47889807,1
47898342,1
47899327,1
47909858,1
47911945,1
47916894,1
47918235,1
47930554,1
47940898,1
47941171,1
47941624,1
47941778,1
47961062,1
47963215,1
47965860,1
47968994,1
47984692,1
47990216,1
47990928,1
47993233,1
47994122,1
48000208,1
48016317,1
48034694,1
48036337,1
48047085,1
48050264,1
48051254,1
48055421,1
48056433,1
48059325,1
48066668,1
48067162,1
48067557,1
48068198,1
48070989,1
48076495,1
48077414,1
48083664,1
48085877,1
48085932,1
48099352,1
48109541,1
48141240,1
48145083,1
48152341,1
48152748,1
48160144,1
48164825,1
48165265,1
48168290,1
48174384,1
48177454,1
48181483,1
48183857,1
48187500,1
48187976,1
48204976,1
48205489,1
48207171,1
48212469,1
48217707,1
48220610,1
48222769,1
48234654,1
48236177,1
48255553,1
48256247,1
48263884,1
48273875,1
48279450,1
48287262,1
48288034,1
48293249,1
48309205,1
48309329,1
48310258,1
48318320,1
48322356,1
48322716,1
48327001,1
48328597,1
48332326,1
48333017,1
48337051,1
48346114,1
48369326,1
48376189,1
48394602,1
48408380,1
48414687,1
48417679,1
48418971,1
48419392,1
48427044,2
48428602,1
48432972,1
48451158,1
48462121,1
48462451,1
48467846,1
48487184,1
48490442,1
48492611,1
48495955,1
48508860,1
48523873,1
48525679,1
48527900,1
48529566,2
48544263,1
48567792,1
48571264,1
48575059,1
48589369,1
48589793,1
48590169,1
48590481,1
48591413,1
48596273,1
48606194,1
48614781,1
48632860,1
48638915,1
48641776,1
48645370,1
48652735,1
48661348,1
48664684,1
48671120,1
48673505,1
48681265,1
48685774,1
48686985,2
48702011,1
48703781,1
48723787,3
48728802,1
48731521,1
48742547,1
48742903,1
48746437,1
48747984,1
48758247,1
48760936,1
48761358,1
48772672,1
48775802,1
48776169,1
48789988,1
48799751,1
48807342,1
48808456,1
48808675,1
48813027,1
48816116,1
48824213,1
48831732,1
48833197,1
48833786,1
48835248,1
48863081,1
48867434,1
48868528,1
48873278,1
48877375,1
48880804,1
48890992,1
48892158,1
48892592,1
48897392,1
48907521,1
48911144,1
48915474,1
48917687,1
48918244,1
48926464,1
48940736,1
48942249,1
48946947,1
48948478,1
48955231,1
48956933,1
48958400,1
48959194,1
48964282,1
48964589,1
48966617,1
48978050,1
48979578,1
48980452,1
48986191,1
48990452,1
48991799,1
48996984,1
48997416,1
48998553,1
48999343,3
48999626,1
49020242,1
49023833,1
49024096,1
49028988,1
49032034,1
49034471,1
49045138,1
49046468,1
49047699,1
49049075,1
49050621,1
49052669,1
49056179,1
49056869,1
49062951,1
49065466,2
49065946,1
49074962,1
49081447,1
49082129,1
49083850,1
49085170,1
49086919,1
49097688,1
49100604,1
49103247,1
49103409,1
49111213,1
49114164,1
49123863,1
49132972,1
49134038,1
49151155,1
49152921,1
49153313,1
49166105,1
49172424,1
49177653,1
49178170,1
49178860,1
49186707,1
49194205,1
49196431,1
49201354,1
49212112,1
49220384,1
49224082,1
49227824,1
49240599,1
49245649,1
49247372,1
49279922,1
49286167,1
49288593,1
49288803,1
49290219,1
49290594,1
49299439,1
49301379,1
49304833,1
49312806,1
49313978,1
49328080,1
49329895,2
49349442,1
49362611,1
49367953,2
49368101,1
49368953,2
49370927,1
49380831,1
49394996,1
49395652,1
49408146,1
49411532,1
49414602,1
49421850,1
49424133,1
49434568,1
49436907,2
49443488,1
49444453,1
49460655,1
49461700,1
49462931,1
49475597,1
49476207,1
49478659,1
49479918,1
49502170,1
49502488,1
49504688,1
49506152,1
49507721,1
49511278,1
49511315,1
49516814,1
49516827,1
49517873,1
49521322,1
49523567,1
49532260,1
49543451,1
49544174,1
49547619,1
49548908,1
49555914,1
49562048,1
49562463,1
49576569,1
49577866,1
49578068,1
49582334,1
49585000,1
49597791,1
49602874,1
49603415,1
49603557,1
49605954,1
49606622,1
49606864,1
49607727,1
49608668,1
49617392,1
49627861,1
49633549,1
49638956,1
49648350,1
49655146,1
49676218,1
49681105,1
49682825,1
49688644,1
49693964,1
49699333,115
49711841,1
49714602,1
49720317,1
49725809,1
49735721,1
49736221,1
49742151,2
49744754,1
49764143,1
49767636,1
49771587,1
49781832,1
49785055,1
49794855,1
49800087,1
49802413,1
49806659,1
49814733,1
49815452,1
49818188,1
49818988,1
49828783,1
49831737,1
49832190,1
49835968,1
49837965,1
49838847,1
49842769,1
49847914,1
49852384,1
49854105,1
49857037,1
49867392,1
49876779,1
49878564,1
49879065,1
49890655,1
49906895,1
49908921,1
49911750,1
49924680,1
49931911,1
49953451,1
49960482,1
49968571,1
49975911,1
49979601,1
49980988,1
49985119,1
49992538,1
49995439,1
49998025,1
50003754,1
50018596,1
50027436,1
50044493,1
50071043,1
50079365,1
50084500,1
50088025,1
50090692,1
50091666,1
50103576,1
50108258,1
50112251,1
50131232,1
50141113,1
50144563,1
50146841,1
50148441,1
50159262,1
50170472,1
50171988,1
50175798,1
50177421,1
50187806,1
50194671,1
50196352,1
50199130,1
50201755,1
50218050,1
50228537,1
50255197,1
50257864,1
50268154,1
50274907,1
50287455,1
50290814,1
50290838,1
50295175,1
50304111,1
50312681,1
50313152,1
50330957,1
50334192,1
50337780,1
50358982,1
50359547,1
50396675,1
50402950,1
50410213,1
50417461,1
50433033,1
50442157,1
50449860,1
50452525,1
50457605,1
50461557,1
50463866,3
50470084,1
50476531,1
50480095,1
50497814,1
50499906,1
50515369,1
50515643,1
50518882,1
50522617,1
50531499,1
50539835,1
50547198,1
50549441,1
50556568,1
50570113,1
50570213,1
50590409,1
50592495,1
50597791,1
50600614,1
50618110,1
50637739,1
50640682,1
50648015,1
50648276,1
50652358,1
50658567,1
50659234,1
50664698,1
50669173,1
50688679,1
50699013,1
50736266,1
50737587,1
50744617,1
50759463,2
50760230,1
50769997,1
50770114,1
50778558,1
50788000,1
50788154,1
50791000,1
50799614,1
50804190,1
50806094,1
50806123,1
50807718,1
50814175,1
50817618,1
50817974,1
50823826,1
50841005,1
50843283,1
50846373,1
50851526,1
50860603,1
50867996,1
50871350,1
50883320,1
50883803,1
50902529,1
50909268,1
50917820,1
50950969,2
50957556,1
50957657,1
50979153,1
50979887,1
50981692,1
50984334,1
50992674,1
50993924,1
50995948,1
50997103,1
51002845,1
51007583,1
51021532,1
51025722,2
51034477,1
51036481,1
51037789,1
51042360,1
51051978,1
51057802,1
51058514,3
51062854,1
51073248,1
51080705,1
51085053,1
51088327,1
51090437,1
51092706,1
51102594,1
51104750,1
51110572,1
51116651,1
51121313,1
51128276,1
51159628,1
51162910,1
51170038,1
51170751,1
51192943,1
51198364,1
51206155,1
51223540,1
51241310,2
51252236,1
51255196,2
51257127,1
51262664,1
51266654,1
51275156,1
51290565,1
51296182,1
51299968,1
51304754,1
51304857,1
51309792,1
51329768,1
51334684,1
51346343,1
51346812,1
51369859,1
51370246,1
51379307,1
51384119,1
51389823,1
51391473,1
51393997,1
51399800,1
51413362,1
51415522,1
51440383,1
51440893,1
51441497,1
51444397,1
51473494,1
51479759,1
51488791,1
51493483,1
51496600,1
51510790,1
51516525,1
51521476,1
51521767,1
51525286,1
51529891,1
51532318,1
51540754,1
51540758,1
51549388,1
51554406,1
51586637,1
51594379,1
51600820,1
51636828,1
51656807,1
51664769,1
51673860,1
51675861,1
51692618,1
51704305,1
51706217,1
51714622,1
51715025,1
51719793,1
51722130,1
51725820,1
51726526,1
51746129,1
51746608,1
51759727,1
51783311,1
51794014,1
51803643,1
51808054,1
51810638,1
51814158,2
51831435,1
51832012,1
51832161,1
51836263,1
51859714,1
51861414,1
51864674,1
51868870,1
51881311,1
51883321,1
51886151,1
51889048,1
51895701,1
51916697,1
51931067,1
51947788,1
51953549,1
51955597,1
51961981,1
51962051,1
51978908,1
51989243,1
51992423,1
52000447,1
52001167,1
52012721,1
52015993,1
52016903,1
52018183,1
52019009,1
52027622,1
52030887,1
52042939,1
52054859,1
52061313,1
52061363,1
52065514,1
52069677,1
52070913,1
52072404,1
52075362,1
52075808,1
52078103,1
52087643,1
52092726,1
52124882,1
52126281,1
52129463,1
52148221,1
52150592,1
52158770,1
52158968,1
52159939,1
52170489,1
52179873,1
52180080,1
52190211,1
52192189,1
52192993,1
52202086,1
52203435,2
52222126,1
52230263,1
52243582,1
52259856,1
52286894,1
52290586,1
52293654,1
52298854,1
52305679,2
52306083,1
52312717,1
52322745,1
52323235,1
52325150,1
52344459,1
52349778,1
52349865,1
52361003,1
52363993,1
52364111,1
52364396,1
52381045,1
52385820,1
52385967,1
52386626,1
52387637,1
52399966,1
52405265,1
52411920,1
52416457,1
52431776,1
52431877,1
52434318,1
52436542,1
52450271,1
52457974,1
52464204,1
52467929,1
52480482,1
52480794,1
52493077,1
52501715,1
52503055,1
52516959,1
52535457,1
52537705,1
52538691,1
52541427,1
52542740,1
52544154,1
52559466,1
52567409,1
52569612,1
52569890,1
52571029,1
52591235,1
52604423,1
52622705,1
52634304,1
52637988,1
52638834,1
52640636,1
52640916,1
52658123,1
52659125,1
52661483,1
52661649,1
52664827,1
52667844,1
52668571,1
52675260,1
52676212,1
52676282,1
52683904,1
52686008,1
52700640,1
52706599,1
52715130,1
52729879,1
52732574,1
52732827,1
52735303,1
52767864,1
52768188,1
52778917,1
52778977,1
52785438,1
52787152,1
52801423,1
52804845,1
52807407,1
52813034,1
52813547,1
52822209,1
52840391,1
52841896,1
52846432,1
52855284,1
52860060,1
52861844,1
52868058,1
52880665,1
52895994,1
52905762,1
52905881,1
52913345,1
52917214,1
52920777,1
52925846,1
52932708,1
52947138,1
52951555,1
52951851,1
52958833,1
52962234,1
52979227,1
52980311,1
52995683,1
53001305,1
53004350,1
53005190,1
53009917,1
53010711,1
53013152,1
53014273,1
53015409,1
53020351,1
53023423,1
53038087,1
53057646,1
53069135,1
53075619,1
53080238,1
53088625,1
53093845,1
53098781,1
53104026,1
53110319,1
53124818,1
53136674,1
53142122,1
53147200,2
53150244,1
53164956,1
53179738,1
53188310,1
53194438,1
53196079,1
53198399,1
53199415,1
53202926,1
53203742,1
53213891,1
53216569,1
53217558,1
53218984,1
53230128,1
53237856,1
53250620,1
53256556,1
53272610,1
53275945,1
53276514,1
53284623,1
53318155,1
53327512,1
53347762,1
53350572,1
53351370,1
53354136,1
53366983,1
53373012,1
53379023,1
53380435,1
53382864,1
53395406,1
53417823,1
53418618,1
53430452,1
53457978,1
53461157,1
53461381,1
53467610,1
53497581,1
53506039,1
53512153,1
53514599,1
53519832,1
53544726,1
53546952,1
53547181,1
53549619,1
53555223,1
53563914,1
53566726,1
53573521,1
53611149,1
53622546,1
53624184,1
53634060,1
53649257,1
53653538,1
53668275,1
53673126,1
53693680,1
53705571,1
53711224,1
53731501,1
53737317,1
53744519,1
53784463,1
53786253,1
53819609,1
53822204,1
53825802,1
53857555,1
53876192,1
53877170,1
53878014,1
53878242,1
53884220,1
53885024,1
53887662,1
53888823,1
53895794,1
53897259,1
53902042,1
53916378,1
53920207,1
53931523,1
53940557,1
53943884,1
53945359,1
53947784,1
53954695,1
53959224,1
53959407,1
53964029,1
53964471,1
53966650,1
53969314,1
53972231,1
53976677,1
53977359,1
53986978,1
53989315,1
53992553,1
54004795,1
54024410,2
54026804,1
54041533,1
54041918,1
54053695,1
54054995,3
54059872,1
54069047,1
54070011,1
54074924,1
54098356,1
54106488,1
54112038,1
54114156,1
54114405,1
54115624,1
54121351,1
54123777,1
54128430,1
54146274,1
54150906,1
54157124,1
54163619,1
54171259,1
54180588,1
54182601,1
54183462,1
54195094,1
54227593,1
54232149,1
54246837,1
54252779,1
54267712,1
54314206,1
54314860,1
54316628,1
54320162,1
54324534,2
54325945,1
54330052,1
54343137,1
54345140,1
54350798,1
54375414,1
54377001,1
54378813,1
54382303,3
54393533,1
54395432,1
54398705,2
54404738,1
54410385,1
54411544,1
54415525,1
54416200,1
54438900,1
54440645,1
54447789,1
54450843,1
54451002,1
54457902,1
54480367,1
54480927,1
54484616,1
54486407,1
54486432,1
54489480,1
54502919,1
54509483,1
54513385,1
54522068,1
54528024,1
54530642,1
54532330,1
54554392,1
54583236,1
54625229,1
54626046,1
54656633,1
54658925,1
54666160,1
54669781,1
54682104,1
54685446,1
54687736,1
54699234,1
54699427,1
54702541,1
54729991,1
54731385,1
54734315,1
54745533,1
54754150,1
54755677,1
54762742,1
54764558,1
54766858,1
54774989,1
54779545,1
54779616,1
54794500,1
54799483,1
54813621,1
54814569,1
54854336,1
54856303,1
54860863,1
54861497,1
54872857,1
54877274,1
54879025,1
54879724,1
54884471,1
54889298,1
54893750,1
54895192,1
54905519,1
54908808,1
54908817,1
54910133,1
54924300,1
54931749,1
54935030,1
54936943,1
54939895,1
54940154,1
54947602,1
54958958,1
54983926,1
54984957,1
54994035,1
54995766,1
54997590,1
55002338,1
55003899,1
55007214,1
55012400,1
55025357,1
55042278,1
55046031,1
55046341,1
55053464,1
55055083,1
55058507,1
55059012,1
55065107,1
55072088,1
55075292,1
55082429,1
55097955,1
55099418,1
55106176,1
55117343,1
55118579,1
55137381,1
55151443,1
55153708,1
55160696,1
55164185,1
55176411,1
55180995,1
55181294,1
55185397,1
55187535,1
55194776,1
55207849,1
55211742,1
55214510,1
55221074,1
55224592,1
55233728,1
55237525,1
55243596,1
55245862,1
55249273,1
55267752,1
55277160,1
55282902,1
55282922,1
55286565,1
55322484,1
55323451,2
55341533,1
55342025,1
55342650,1
55343783,1
55350388,1
55352418,1
55358291,1
55358314,1
55377411,1
55380278,1
55388966,1
55396274,1
55398995,1
55406346,1
55412084,1
55420785,1
55422065,1
55424194,1
55444756,1
55448981,1
55464342,1
55480610,1
55481472,1
55482980,1
55490546,1
55494560,1
55499929,1
55504972,2
55535563,1
55538808,1
55546196,1
55562013,1
55563027,1
55576758,1
55599638,1
55601315,1
55620250,1
55632678,1
55647556,1
55649373,1
55650958,1
55652304,1
55668910,1
55673493,1
55701513,1
55701657,1
55707591,1
55726097,1
55729655,1
55730488,1
55731241,1
55764135,1
55766834,1
55771951,1
55782476,1
55783419,1
55784702,1
55788595,1
55788661,1
55788719,1
55790052,1
55792153,1
55804331,1
55806524,1
55812038,1
55815403,1
55825777,1
55826637,1
55836488,1
55839372,1
55850662,1
55869293,1
55880472,1
55886451,1
55896475,1
55896769,1
55897633,1
55899043,1
55899543,2
55907021,1
55915116,1
55919198,1
55928350,1
55936553,1
55940078,1
55954511,1
55960554,1
55969597,1
55974731,1
55980292,1
55980618,1
55995357,1
55996465,1
56000765,1
56009415,1
56009786,1
56010680,1
56012062,1
56013139,1
56018501,1
56027282,1
56029953,1
56040092,1
56045049,2
56051809,1
56053287,1
56056144,1
56059675,1
56062515,1
56065602,1
56065974,1
56065982,1
56071064,1
56086391,1
56119112,1
56122437,1
56127817,1
56130065,1
56136443,1
56150873,1
56155712,1
56157795,1
56162873,1
56174894,1
56180050,6
56180447,1
56193327,1
56199415,1
56199788,1
56213366,1
56214007,1
56225668,1
56244659,1
56248212,1
56264443,1
56265022,1
56265039,1
56265471,1
56265583,2
56265744,1
56267780,1
56274824,1
56278281,1
56311963,1
56317416,1
56323782,1
56342691,1
56342698,1
56343436,1
56352612,1
56375265,1
56376387,1
56378562,1
56379854,1
56381169,1
56384490,1
56392764,1
56424165,1
56425392,1
56427890,1
56445395,1
56458442,1
56458543,1
56472130,2
56472927,1
56483183,1
56490804,1
56497044,1
56497124,1
56501736,1
56507451,1
56516274,1
56518209,1
56526981,1
56534840,1
56540036,1
56549971,1
56557862,1
56565191,1
56567712,1
56573480,1
56576927,1
56578479,1
56581242,1
56586020,1
56587507,1
56612001,1
56621467,1
56622542,1
56625237,1
56645758,1
56647779,1
56651131,1
56652644,1
56672838,1
56677134,1
56677891,1
56680874,1
56693429,1
56697212,1
56710428,1
56714843,1
56730536,1
56731498,1
56739010,1
56741168,1
56743004,1
56751927,1
56763273,1
56769451,1
56771432,1
56773250,1
56790802,1
56811692,1
56839018,1
56846628,1
56857145,1
56859399,1
56867538,1
56869801,1
56878226,1
56885276,1
56889304,1
56891481,1
56892227,1
56921531,1
56927485,1
56928436,1
56945030,1
56953648,1
56961917,2
56962038,1
56995822,1
57014884,1
57016670,1
57022222,1
57027202,1
57042389,1
57047860,1
57056757,1
57059703,1
57063266,1
57064990,1
57065994,1
57068549,1
57076657,1
57086651,2
57089237,1
57094476,1
57095228,1
57099533,1
57104699,2
57105611,1
57115019,1
57117849,1
57122860,1
57131123,1
57132380,1
57132813,1
57137427,1
57146538,1
57155013,1
57155526,1
57164151,1
57167030,1
57169560,1
57176977,1
57180744,1
57196881,1
57198646,1
57204023,1
57205666,1
57212399,1
57218305,1
57231812,1
57244203,1
57262788,1
57269591,1
57279550,1
57281597,1
57286919,1
57298792,1
57299745,1
57300165,1
57311383,1
57311960,1
57327840,1
57337795,1
57340396,1
57353746,1
57368278,1
57390463,1
57394584,1
57394644,1
57395332,1
57400690,1
57403973,1
57405236,1
57406233,1
57411549,1
57416373,1
57421631,1
57452607,1
57467222,1
57475670,1
57475999,1
57478619,1
57490926,1
57492563,1
57511890,1
57520563,1
57534340,1
57541916,1
57557139,1
57576714,1
57578761,1
57581480,1
57583560,1
57588052,1
57593864,1
57596934,1
57601627,1
57610394,1
57619483,1
57621158,1
57629614,1
57651174,1
57680069,1
57684218,1
57685743,1
57699176,1
57709713,1
57723247,1
57733339,1
57734195,1
57745063,1
57748216,1
57758858,1
57760562,1
57773927,1
57777521,1
57799587,1
57799908,1
57806936,1
57812115,1
57821130,1
57838468,1
57842127,1
57854733,1
57855481,1
57858968,1
57861007,1
57862114,1
57880238,1
57882701,1
57882903,1
57893649,1
57899042,1
57900564,1
57907951,1
57910033,1
57917098,1
57919013,1
57935487,1
57941037,1
57964367,1
57966875,1
57975957,1
57980499,1
57994942,1
57996391,1
58018879,1
58031846,1
58057324,1
58067845,1
58077449,1
58077502,1
58081918,1
58082714,1
58093703,1
58097612,1
58100052,1
58101085,1
58113890,1
58114641,1
58114805,1
58116817,1
58121030,1
58125016,1
58129377,1
58131156,1
58145413,1
58151606,1
58161399,1
58185151,1
58189503,1
58193390,1
58217917,1
58218729,1
58222963,1
58250234,1
58261670,1
58261676,1
58267901,1
58270603,1
58271711,1
58272683,1
58305964,1
58306766,1
58315416,1
58321948,1
58329466,1
58337159,1
58338436,1
58346327,1
58356365,1
58358913,1
58360096,1
58360242,1
58362408,1
58364540,1
58369628,1
58382751,1
58384209,1
58401630,1
58402197,1
58414341,1
58458661,1
58466196,1
58473917,1
58491232,1
58493257,1
58504799,1
58508471,1
58519597,1
58541159,1
58556678,1
58558211,1
58568330,1
58576743,1
58579187,1
58582799,1
58585115,1
58596309,1
58610683,1
58636255,1
58645467,1
58651995,1
58667535,1
58685479,1
58702720,1
58706956,1
58721149,1
58722013,1
58723244,1
58747157,1
58752440,1
58761221,1
58775404,1
58779643,1
58784177,1
58787500,1
58790120,1
58794742,1
58795251,1
58813571,1
58823072,1
58825526,1
58830309,1
58836760,1
58838321,1
58854130,1
58857539,2
58859345,1
58880148,1
58885416,1
58898244,1
58898485,1
58905488,1
58910463,1
58910562,1
58915923,1
58919619,1
58987761,1
58996212,1
59004461,1
59010269,1
59014050,1
59017897,1
59031286,1
59047063,1
59059785,1
59065470,1
59065937,1
59067143,1
59078427,1
59103625,1
59103980,1
59104573,1
59107999,1
59113973,1
59129019,1
59137955,1
59157112,1
59178961,1
59184294,1
59184559,1
59207653,1
59219890,1
59220985,2
59221621,1
59224943,1
59232403,1
59232422,1
59241904,1
59250656,1
59258329,1
59259117,1
59261812,1
59267852,1
59279509,1
59280837,1
59281261,1
59284549,1
59297143,1
59309129,1
59311403,1
59312540,1
59314971,1
59324692,1
59339358,3
59339633,1
59348559,1
59352063,1
59380685,1
59387624,1
59388636,1
59404696,1
59411234,1
59412639,1
59417175,1
59431313,1
59434228,1
59436522,1
59460476,1
59462357,1
59462537,1
59465365,1
59467867,1
59504965,1
59523662,1
59527509,1
59528590,1
59539885,1
59548833,1
59551894,1
59559188,1
59579968,1
59584014,1
59584561,1
59588824,1
59590732,1
59594558,1
59595928,1
59599950,1
59604424,1
59610009,1
59611597,1
59622837,1
59631496,1
59641189,1
59641363,1
59650384,1
59678453,1
59682979,1
59699137,1
59699641,1
59707554,1
59716405,1
59719285,1
59722045,1
59732804,1
59737221,1
59741989,1
59757602,1
59758528,1
59761962,1
59762864,1
59772987,1
59776300,1
59785863,1
59786899,1
59789660,1
59797957,1
59823130,1
59835351,1
59839647,1
59843249,1
59844337,1
59855919,1
59858439,1
59862813,1
59863085,1
59872429,1
59875060,1
59877252,1
59885141,1
59890178,1
59900175,1
59904337,1
59912578,1
59916621,1
59918965,1
59924334,1
59930517,1
59932973,1
59935235,1
59936622,1
59943758,1
59959022,1
59962882,1
59969678,1
59975541,1
59985047,1
59985265,1
59993047,1
60013703,2
60021713,1
60024671,1
60024807,1
60031799,1
60031998,1
60034777,1
60041954,1
60042855,1
60046681,1
60064214,1
60067306,1
60081609,1
60097976,1
60106638,2
60107346,1
60108693,1
60132970,1
60154720,1
60159831,1
60175531,1
60182103,1
60199077,1
60207816,1
60221720,1
60237177,1
60238438,1
60257521,1
60263551,1
60273337,1
60280949,1
60287165,1
60292786,1
60315832,1
60320192,1
60322859,1
60326111,1
60354250,1
60398139,1
60423446,1
60426396,1
60434271,1
60443928,1
60459217,1
60462831,1
60471784,1
60481830,1
60490258,1
60494758,1
60497216,1
60518474,1
60520436,1
60534224,1
60535327,1
60538517,1
60539217,1
60548902,1
60551230,1
60552923,1
60562136,1
60572329,1
60579014,1
60581181,1
60595515,1
60599315,1
60600792,1
60602417,1
60602839,1
60610474,1
60616269,1
60618382,1
60622945,1
60623116,1
60638961,1
60650372,1
60656530,1
60658558,1
60658915,1
60664495,1
60669373,1
60676655,1
60681390,1
60682530,1
60697867,1
60716205,1
60737485,1
60743257,1
60751519,1
60755917,1
60764306,1
60779432,1
60802643,1
60815660,1
60822431,1
60827680,1
60830969,1
60839532,1
60840908,1
60848863,1
60854434,1
60871161,1
60883781,1
60884519,1
60888056,1
60888380,1
60894298,1
60895010,1
60898866,1
60950002,1
60953653,1
60956360,1
60958839,1
60963966,1
60967141,1
60967674,1
60973906,1
60985521,1
60994121,1
60997584,1
61003253,1
61019450,1
61022623,1
61028636,1
61029048,1
61031840,1
61033787,1
61036677,1
61037890,1
61038860,1
61041475,1
61054665,1
61062593,1
61067907,1
61070693,1
61082482,1
61090388,1
61096365,2
61097734,1
61102566,1
61103343,1
61108540,1
61109660,1
61125897,1
61153278,1
61170661,1
61184127,1
61187612,1
61202004,1
61210854,1
61218022,1
61222868,1
61226932,1
61240811,1
61240880,1
61241031,1
61241851,1
61252624,1
61263618,1
61263629,1
61264540,1
61264988,1
61278001,1
61279231,2
61280196,1
61291296,1
61306204,1
61315466,1
61318156,1
61323346,1
61364108,1
61367823,1
61371264,2
61395246,1
61398589,1
61399657,1
61404154,1
61410067,1
61439577,1
61453718,1
61460952,1
61465564,1
61468993,1
61480354,1
61485263,1
61489439,1
61505546,1
61506028,1
61506396,1
61507425,1
61528323,1
61552048,1
61555192,1
61568071,1
61592645,2
61598026,1
61599877,1
61602848,1
61614290,1
61619504,1
61620837,1
61624558,1
61631103,1
61633163,1
61635505,1
61635709,1
61637085,1
61637662,1
61649925,1
61657848,1
61661923,1
61664123,1
61667428,1
61670738,1
61673854,1
61675569,1
61679398,1
61690064,1
61692393,1
61693165,1
61695474,1
61701181,1
61702654,1
61724833,1
61732824,1
61737472,1
61737903,1
61739816,1
61749028,1
61758502,1
61761153,1
61796844,1
61799811,1
61805754,2
61806567,1
61822994,1
61835535,1
61841960,1
61853443,1
61868295,1
61869021,1
61873730,1
61880066,1
61891787,1
61911519,1
61912586,1
61938263,1
61939827,1
61943351,1
61948151,1
61952405,1
61956140,1
61961498,1
61964751,1
61970794,1
61971729,1
61972565,1
61979922,1
61996135,1
61998238,1
61999173,1
61999256,1
62000745,1
62005221,1
62049197,1
62076402,1
62083936,1
62088388,1
62095430,1
62131038,1
62132737,1
62144435,1
62144720,1
62150200,1
62151367,1
62165557,1
62170586,1
62173481,1
62173814,1
62176855,1
62178322,1
62183434,1
62183802,1
62197019,1
62197633,1
62205816,1
62210496,1
62210670,1
62212228,1
62215043,1
62243854,1
62249815,1
62263226,1
62267334,1
62268514,1
62269186,1
62285092,1
62305878,1
62308020,1
62313620,1
62343225,1
62343929,1
62350285,1
62374784,1
62375127,1
62393985,1
62394512,1
62397363,1
62412972,1
62413599,1
62435589,1
62436345,1
62448750,1
62450690,1
62465764,1
62469505,1
62473795,1
62487197,1
62489539,1
62495048,1
62495819,1
62502919,1
62505114,1
62529255,1
62533482,1
62545842,1
62546709,1
62548119,1
62574431,1
62579894,1
62589446,1
62593089,1
62604089,1
62653246,1
62653664,1
62662355,1
62666255,1
62673041,1
62673975,1
62680027,1
62683794,1
62701594,1
62718109,1
62753112,1
62756202,1
62756279,1
62756402,1
62758655,1
62763456,1
62768671,1
62788816,1
62790554,1
62804340,1
62805296,1
62805485,1
62812711,1
62820084,1
62820268,1
62822461,1
62835739,1
62844491,1
62850545,1
62863834,1
62864752,1
62866798,1
62880706,1
62882280,1
62889697,1
62906996,1
62909360,1
62928970,1
62941615,2
62943186,1
62965063,1
62968964,1
62982824,1
63000843,1
63013654,1
63023139,2
63023800,1
63033060,1
63053441,1
63071572,1
63091190,1
63091661,1
63101847,1
63106141,1
63113307,1
63115601,1
63117791,1
63118374,1
63122915,1
63123596,1
63136897,1
63142068,1
63150399,1
63170610,1
63173128,1
63173826,1
63177164,1
63183800,1
63186641,1
63186670,1
63190431,1
63201833,1
63227212,1
63227720,1
63251266,1
63255402,1
63280168,1
63293651,1
63297432,1
63298684,1
63305300,1
63308294,1
63313920,1
63317931,1
63323697,1
63332598,1
63339210,1
63340001,1
63374472,1
63377412,1
63388598,1
63424176,1
63424665,1
63437036,1
63449913,1
63453157,1
63456504,1
63464137,1
63465728,1
63469014,1
63486284,1
63501587,1
63502167,1
63503910,1
63505118,1
63507251,1
63515114,1
63527850,1
63531478,1
63531512,1
63536315,1
63540046,1
63548771,1
63559772,1
63565275,1
63624963,1
63627218,1
63630786,1
63663261,1
63667997,1
63670689,1
63687493,1
63698788,1
63705582,1
63709472,1
63722373,1
63723761,1
63724619,1
63737630,1
63742054,1
63755300,1
63776734,1
63824041,1
63836730,1
63847553,1
63848664,1
63849460,1
63850556,2
63851793,1
63852213,1
63856734,1
63877012,1
63886083,1
63889819,1
63900628,1
63901956,1
63927363,1
63947040,1
63957117,1
63983700,1
63991532,1
63998986,1
63999575,1
64015416,1
64027479,1
64031241,1
64044745,1
64056131,1
64064721,1
64079946,1
64089730,1
64097159,1
64100993,1
64110243,1
64111603,1
64120577,1
64133324,1
64137051,1
64146291,1
64146852,1
64148533,1
64150856,1
64155612,1
64158093,1
64168677,1
64193423,1
64211280,1
64213648,1
64217214,1
64219910,1
64228916,1
64264529,1
64277836,1
64278282,1
64280320,1
64286128,1
64298192,1
64298579,1
64306440,1
64309267,1
64321089,1
64328730,1
64329882,1
64335177,1
64343218,1
64348740,1
64351271,1
64362896,1
64378003,1
64381258,1
64386731,1
64393108,1
64395752,1
64398691,1
64399555,1
64407640,1
64415612,1
64418106,1
64423476,1
64437653,1
64438893,1
64439268,1
64442855,1
64456160,1
64465138,1
64466176,1
64475363,1
64484796,1
64485701,1
64494795,1
64496742,1
64501866,1
64526732,1
64531160,2
64531971,1
64539418,1
64551395,1
64576479,1
64579968,1
64583161,1
64602721,1
64627729,1
64631542,1
64646104,1
64670884,1
64672793,1
64675790,1
64677612,1
64689165,1
64693316,1
64694334,1
64708703,1
64709217,1
64722907,1
64739874,1
64748057,1
64767361,2
64769322,1
64778819,1
64785098,1
64795664,1
64798754,1
64821731,1
64827602,1
64830812,1
64841155,1
64846840,1
64871927,1
64890665,1
64892261,1
64905406,1
64907423,1
64916545,1
64918109,1
64925510,1
64936129,1
64936175,2
64954358,1
64959125,1
64969369,1
64972947,1
64975671,1
64977622,1
64980325,1
64984006,1
64987259,1
64991088,1
64993082,1
65011336,1
65017645,1
65033249,1
65036298,1
65044962,1
65051545,1
65052541,1
65062036,1
65065614,2
65069121,1
65075935,1
65117428,1
65136727,1
65139543,1
65183107,1
65185744,1
65199932,1
65269574,1
65276001,1
65327872,1
65328119,1
65334819,1
65339668,1
65343855,1
65353752,1
65358059,1
65363919,2
65365571,1
65381730,1
65392801,1
65406369,1
65427501,1
65431671,1
65432314,1
65449789,1
65452054,1
65453826,1
65454084,1
65460644,1
65466924,1
65473527,1
65478290,1
65480489,1
65482418,1
65483435,3
65488894,1
65489232,1
65496518,1
65511355,2
65512380,1
65524316,1
65525816,1
65557463,1
65560494,1
65571316,1
65583665,1
65585004,1
65589587,1
65619456,1
65640984,1
65647431,1
65664032,1
65669461,1
65673927,1
65676619,1
65676916,1
65681376,1
65683733,1
65684689,1
65706193,2
65721467,1
65728079,1
65748767,1
65758455,1
65766122,1
65782666,1
65792315,1
65796747,1
65798732,2
65810214,1
65814829,2
65823030,1
65828458,1
65831153,1
65831678,1
65841899,1
65842583,1
65854503,1
65855333,1
65856786,1
65858180,1
65884507,1
65890847,1
65906298,1
65912125,1
65916846,8
65930041,1
65942753,1
65963997,1
65964304,1
65976143,1
65976557,1
65981261,1
65985482,2
66004280,1
66008528,2
66024037,1
66030265,2
66031125,1
66031616,1
66052478,1
66072749,1
66073214,1
66077254,1
66100998,1
66110953,1
66114536,1
66118807,1
66121941,1
66125090,1
66133688,1
66142217,1
66154400,1
66154631,1
66174189,2
66175235,1
66175879,1
66182149,1
66184050,1
66187991,1
66197713,1
66232300,1
66236813,1
66244686,1
66256957,4
66259477,1
66260177,1
66267222,1
66275205,1
66288351,1
66314909,1
66328103,1
66331238,1
66334969,1
66336933,1
66344652,1
66356390,1
66362098,1
66391712,1
66408983,1
66410356,1
66437295,1
66458004,1
66466541,1
66466895,1
66472486,1
66482739,1
66483176,1
66491095,1
66497948,1
66512239,1
66518086,1
66525873,1
66537220,1
66538381,1
66541990,1
66544866,1
66551926,1
66558576,1
66563032,1
66573423,1
66594767,1
66630775,1
66633207,1
66650633,1
66662148,1
66695371,1
66727710,1
66728880,1
66739829,1
66751217,1
66751568,1
66773369,1
66773372,1
66774833,1
66789107,1
66827146,1
66831489,1
66838438,1
66853113,6
66856951,1
66861267,1
66861785,1
66871571,1
66874879,1
66911096,1
66914467,1
66916041,1
66956067,1
66969240,1
66998419,1
67012359,1
67028798,1
67046436,1
67059904,1
67061560,2
67078991,1
67080615,1
67087668,1
67094857,1
67100964,1
67104856,1
67105197,1
67107893,1
67112856,1
67120042,1
67123991,1
67134217,1
67134244,1
67148595,1
67152883,1
67154227,1
67160376,1
67169222,1
67171953,1
67177269,1
67184718,1
67188554,1
67190735,1
67193317,1
67196385,1
67201741,1
67203974,1
67210629,1
67210837,1
67215423,1
67220592,1
67222925,1
67225779,1
67227078,1
67245304,1
67264609,1
67266423,1
67268799,1
67277225,1
67285453,1
67294530,1
67300970,1
67304509,1
67311143,1
67332812,1
67334824,1
67350434,1
67373938,2
67374474,1
67387070,1
67395721,1
67398650,1
67411716,1
67412196,1
67425064,1
67425364,3
67428053,1
67441405,1
67496212,1
67506574,1
67507183,1
67529599,1
67539676,1
67545942,1
67573697,1
67596673,1
67598040,1
67670991,1
67671892,1
67689016,1
67693830,1
67700780,1
67713825,1
67734180,1
67738959,1
67761731,1
67769113,1
67771932,1
67793598,1
67812625,1
67814050,1
67830794,1
67835516,1
67846839,1
67848108,1
67858251,1
67887489,1
67903793,1
67913999,1
67918504,1
67924737,1
67932762,1
67951224,1
67952129,1
67955504,1
67960985,1
67972733,1
67973160,1
67974470,1
67990439,1
67990457,1
68000455,1
68005704,1
68007094,1
68009825,1
68022154,1
68028161,1
68032486,1
68032825,1
68042938,1
68045793,1
68094442,1
68094959,1
68098251,2
68117925,1
68123379,1
68134252,1
68144809,1
68146152,1
68149013,1
68151858,1
68174921,1
68176073,1
68179652,1
68191032,1
68202064,1
68205939,1
68239430,1
68248886,1
68262615,1
68285613,1
68286835,1
68321970,1
68336561,1
68347113,1
68387991,1
68390715,1
68392833,1
68395829,1
68396823,1
68408033,1
68425372,1
68428517,1
68434706,1
68466749,1
68472739,1
68488224,1
68494806,1
68502517,1
68514429,1
68531176,1
68533953,1
68562556,1
68571328,1
68596159,1
68604554,1
68605435,1
68619889,1
68625307,1
68629743,1
68645066,1
68652201,1
68660667,1
68678455,1
68685725,1
68687179,1
68704346,1
68740103,1
68750272,1
68761240,1
68785084,1
68812909,1
68814933,1
68826326,1
68845945,1
68856897,1
68860495,1
68863060,1
68875335,1
68875392,1
68886053,1
68891494,1
68906789,1
68940641,1
68942049,1
68947960,1
68955305,1
68966649,1
68971660,1
68978293,1
68978432,1
68980965,1
68986785,1
68993968,1
69005134,1
69008739,1
69008866,1
69019860,1
69025547,1
69026837,1
69043370,1
69103102,1
69110357,1
69118069,1
69121168,1
69131375,1
69133647,1
69135266,1
69136084,1
69136340,1
69149297,1
69150272,1
69151483,1
69157364,1
69168929,1
69170106,1
69170305,1
69170710,1
69188140,1
69201633,1
69202550,1
69205415,1
69206824,1
69223409,1
69223584,1
69233189,1
69239617,1
69281620,1
69294153,1
69295231,1
69312106,1
69321728,1
69345949,1
69352034,1
69354317,1
69355100,1
69360966,1
69363573,1
69378056,1
69389288,1
69393944,1
69403556,1
69431730,1
69448557,1
69459134,1
69486699,1
69489633,1
69516975,1
69520693,1
69540300,1
69567729,1
69568351,1
69581081,1
69583633,1
69584310,1
69637718,1
69640321,1
69644608,1
69651397,1
69652031,1
69652684,1
69658702,2
69669816,1
69679608,1
69723412,1
69727714,1
69746628,1
69753389,1
69761539,1
69763072,1
69765344,1
69773350,1
69779107,2
69786203,1
69788237,1
69795629,1
69814108,1
69814563,1
69825646,1
69855483,1
69857350,1
69877419,1
69917312,1
69922329,1
69984037,1
69992229,1
70004880,1
70005622,1
70029422,1
70050131,1
70054655,1
70057205,1
70062039,1
70064084,1
70067449,1
70077168,1
70090077,1
70093559,1
70096033,1
70097106,1
70117942,1
70152519,1
70152975,1
70169773,1
70185413,1
70191398,1
70192077,1
70196462,1
70201060,1
70212457,1
70220179,1
70220760,1
70226498,1
70242462,1
70264343,1
70265590,1
70273239,1
70277301,1
70290504,1
70308444,1
70317502,1
70319815,1
70330866,1
70343543,1
70343977,1
70349599,1
70356955,1
70366198,1
70369415,1
70383907,1
70417849,1
70436855,1
70450368,1
70470685,1
70474071,1
70487136,1
70502828,1
70513814,1
70514466,1
70517128,1
70529246,1
70551819,1
70556725,1
70575495,1
70590672,1
70610011,1
70626969,1
70629228,2
70659220,1
70663859,1
70665342,1
70665700,1
70672970,1
70688412,1
70719725,1
70739609,1
70752242,1
70755519,1
70765447,1
70768382,1
70772718,1
70780434,1
70787919,1
70790484,1
70795867,1
70800641,1
70825063,1
70827815,1
70830482,1
70835436,1
70838434,1
70863536,1
70868034,1
70875687,1
70895074,1
70901953,1
70910148,1
70917815,1
70935756,1
70942677,1
70994360,2
70995755,1
70996046,1
71011266,1
71012043,1
71044587,1
71048358,1
71049646,1
71058225,1
71062756,1
71074587,1
71082704,1
71112748,1
71138490,1
71138734,1
71159641,1
71162231,1
71165491,1
71171173,1
71171259,1
71175492,1
71186260,1
71215473,1
71222785,1
71228074,1
71278219,1
71288697,1
71289623,1
71297845,1
71305935,1
71307374,1
71313814,1
71317831,1
71322635,1
71332807,1
71335226,1
71360856,1
71382503,1
71383509,1
71392273,1
71407287,1
71413248,1
71417979,1
71433502,1
71440988,1
71443605,1
71450225,1
71462480,1
71465560,1
71467262,1
71470776,1
71481700,1
71486361,1
71492529,1
71517788,1
71519088,1
71541087,1
71546831,1
71563177,1
71570804,1
71586000,1
71591953,1
71593600,1
71612329,1
71612750,1
71624750,1
71630406,1
71634399,1
71658706,1
71678854,1
71683721,1
71698079,1
71712824,1
71733533,1
71744831,1
71762573,1
71766835,1
71781859,1
71784456,1
71786326,1
71790852,1
71839629,1
71846317,1
71865805,1
71871242,1
71871253,1
71888134,1
71893015,1
71895020,1
71897199,1
71897736,1
71904386,1
71907175,1
71917424,1
71925908,1
71926891,1
71931113,1
71935582,1
71939720,1
71942164,1
71951273,1
71967236,1
71974498,1
71976818,1
71991413,1
71992659,1
71997357,1
72002866,1
72006654,1
72009553,1
72024821,1
72033809,1
72043674,1
72049678,1
72063181,1
72068308,1
72073401,1
72096916,1
72118300,1
72140079,1
72143254,1
72147841,1
72157473,1
72171009,1
72175380,1
72177566,1
72180543,1
72187009,1
72189314,1
72191212,1
72195899,1
72196131,1
72203064,1
72217750,1
72219063,1
72221973,1
72234861,1
72244805,1
72264063,1
72266394,1
72269553,1
72272993,1
72291325,1
72294477,1
72309817,1
72316627,1
72323749,1
72324738,1
72331432,1
72342196,1
72348727,1
72373858,1
72375247,1
72394841,1
72396086,1
72399435,1
72406624,1
72409257,1
72426664,1
72435985,1
72438723,1
72447734,1
72456290,1
72467942,1
72470168,1
72475351,1
72488598,2
72491361,1
72492494,1
72501726,2
72518747,1
72527044,1
72543317,1
72546227,1
72559586,1
72569123,1
72583854,1
72584872,1
72587513,1
72590190,1
72595463,1
72598069,1
72600955,1
72606807,1
72636628,1
72637162,1
72645707,1
72649902,1
72668825,1
72670446,1
72681838,1
72693100,1
72712390,1
72715230,1
72722788,1
72737794,1
72747170,1
72762629,1
72782632,1
72784429,1
72788212,1
72790656,1
72802064,1
72804192,1
72808219,1
72809214,1
72870195,1
72870283,1
72871392,1
72876162,1
72879387,1
72908240,1
72939048,1
72945059,1
72972897,1
72979354,1
72982592,1
72986960,1
72991109,1
72999587,1
73014084,1
73015364,1
73041332,1
73048950,2
73052948,1
73070465,1
73082112,1
73107878,1
73112080,1
73119318,1
73141350,1
73143201,1
73147033,1
73148791,1
73148864,1
73166389,1
73189720,1
73198738,1
73225408,1
73268562,1
73279496,1
73319876,1
73320969,1
73331790,1
73353463,2
73359153,1
73365079,1
73366454,1
73375426,1
73378474,1
73384329,1
73387709,1
73392533,1
73403527,1
73412177,1
73417844,1
73424060,1
73438055,1
73480729,1
73488828,1
73488851,1
73492002,1
73495200,1
73498677,1
73501346,1
73511404,1
73515951,1
73516108,1
73562907,1
73566871,1
73585787,1
73610201,1
73622033,1
73644495,1
73651947,1
73655475,1
73659136,3
73683289,2
73683313,1
73692472,1
73709188,1
73721937,1
73735729,1
73743535,1
73748843,1
73755546,1
73756839,1
73757337,1
73761711,1
73766254,1
73789759,1
73822602,1
73827525,1
73830635,1
73834703,1
73836008,1
73840786,1
73853894,1
73894257,1
73912382,1
73925474,1
73950482,1
73983677,4
74002225,1
74009086,1
74017697,1
74051017,1
74056689,1
74061867,1
74064769,1
74067162,1
74068072,1
74069206,1
74086017,1
74098495,1
74101708,1
74111241,1
74141165,1
74143415,1
74146834,1
74165010,1
74196547,1
74213879,1
74216448,1
74226084,1
74228258,1
74231771,1
74233307,1
74241416,1
74269598,1
74270942,1
74271024,1
74282993,1
74296409,1
74304916,1
74305747,1
74311372,1
74332828,1
74348381,1
74358857,1
74375578,1
74392532,1
74408634,1
74421318,1
74427160,1
74439428,1
74440939,1
74444214,1
74449359,1
74452755,1
74461099,1
74462795,1
74468835,1
74471601,1
74480106,1
74480363,1
74494276,1
74505991,1
74514996,1
74538524,1
74557862,1
74572342,1
74573436,1
74587068,1
74596419,1
74599802,1
74617774,1
74641867,2
74644705,1
74645268,1
74652697,1
74663874,1
74678373,1
74682593,2
74686130,1
74694153,1
74724408,1
74732674,1
74733630,1
74734213,1
74747193,1
74776297,1
74780331,1
74782468,1
74787000,1
74802223,1
74805176,1
74812416,1
74828741,1
74856333,1
74857614,1
74897214,1
74899441,1
74919942,1
74921107,1
74932975,1
74954167,1
74979818,1
75001777,1
75009579,1
75012451,1
75046310,1
75050995,1
75058860,1
75096465,1
75097835,1
75113855,1
75114299,1
75126792,1
75126845,1
75138914,1
75151379,1
75155543,1
75162131,1
75167396,1
75167815,1
75168549,1
75188781,1
75191941,1
75195383,1
75196426,1
75213287,1
75213811,1
75224849,1
75225148,1
75230787,1
75240379,1
75265893,1
75269485,1
75295512,1
75309491,1
75315486,1
75336900,1
75341426,1
75373475,1
75377381,1
75384622,1
75402236,1
75412448,1
75414795,1
75427230,1
75428875,1
75474605,1
75483881,1
75490158,1
75509362,1
75513645,1
75556242,1
75558384,1
75563673,1
75577902,1
75580379,1
75609067,1
75614134,1
75625445,1
75626231,1
75636819,1
75654486,1
75656129,1
75677650,1
75682000,1
75723602,1
75737377,1
75747222,1
75749910,1
75755727,1
75757416,1
75772122,1
75773763,1
75779174,1
75787251,1
75788774,1
75803401,1
75803955,1
75811965,1
75816688,1
75818908,1
75826243,1
75830554,2
75838617,1
75840152,1
75863610,1
75868393,1
75887908,1
75892381,1
75904052,1
75926325,1
75929767,1
75930848,1
75941842,1
75946413,1
75948660,1
75952358,1
75954805,1
75967352,1
76013968,1
76015221,1
76032176,1
76036731,1
76059937,1
76070534,1
76083688,1
76090263,1
76119744,1
76145549,1
76149081,1
76168607,1
76171953,1
76174709,1
76189617,1
76207404,1
76223506,1
76231594,1
76251800,1
76271912,1
76274657,1
76396335,1
76403782,1
76412946,1
76416300,1
76428958,1
76432572,3
76466796,1
76478554,1
76481138,1
76500649,1
76522811,2
76547238,1
76549306,1
76570167,1
76571219,1
76577184,1
76580065,1
76593991,1
76603360,2
76606932,1
76612093,1
76626546,1
76630536,1
76656712,1
76661168,1
76669236,1
76672209,1
76683249,1
76705401,1
76709589,1
76739180,1
76743883,1
76752051,1
76754833,1
76759714,1
76772692,1
76774914,1
76779072,1
76790700,1
76806170,1
76818211,1
76840110,1
76853769,1
76864176,2
76864299,1
76871277,1
76877078,1
76880977,1
76889033,1
76892343,1
76894796,1
76894920,1
76907477,1
76911582,1
76917584,1
76920434,1
76936877,1
76937950,1
76940960,1
76946582,1
76947196,1
76947294,1
76952704,1
76967031,1
76980726,1
77003845,1
77012577,1
77013105,1
77035136,1
77047823,1
77061501,1
77071812,1
77075070,1
77077373,1
77078706,1
77107602,1
77108441,1
77110392,1
77112074,1
77115160,1
77142078,1
77154643,1
77155700,1
77165006,1
77176615,1
77185235,1
77185816,1
77190000,1
77192512,1
77194479,1
77195477,1
77228428,1
77237808,1
77238633,1
77245923,1
77253505,1
77257518,1
77263945,1
77266823,1
77277854,1
77279783,1
77287913,1
77299134,1
77308378,1
77310871,1
77315748,1
77326303,1
77336951,1
77384486,1
77400131,1
77423511,1
77429079,1
77446748,1
77448526,1
77451134,1
77478622,1
77482898,1
77485245,1
77524474,1
77525145,1
77525611,1
77528839,1
77537070,1
77560236,1
77564511,1
77568048,1
77570657,1
77577746,1
77589315,1
77607762,1
77624486,1
77670471,1
77685111,1
77689546,1
77691604,1
77695632,1
77730378,1
77731162,1
77774758,2
77775017,1
77783126,1
77784592,1
77787121,1
77790009,1
77798308,1
77823591,1
77877978,1
77890308,1
77890939,1
77919646,1
77922942,1
77927273,1
77928207,1
77933281,1
77945065,1
77962043,1
77976308,1
77985069,1
78005001,1
78052475,1
78061359,1
78087363,1
78151109,1
78151640,1
78155861,1
78157415,1
78213164,1
78223278,1
78242797,1
78285587,1
78290593,1
78298238,1
78308067,1
78311735,1
78328981,1
78336556,1
78358128,1
78358913,1
78366750,1
78376862,1
78380144,1
78391548,1
78427409,1
78432083,1
78434679,1
78451054,1
78452043,1
78456315,1
78465742,1
78473381,1
78474654,1
78476938,1
78493749,1
78520005,1
78532895,1
78537694,1
78540598,1
78543720,1
78549750,1
78575721,1
78576014,2
78588128,1
78600104,1
78605930,1
78627776,2
78691968,1
78696767,1
78716006,1
78733954,1
78744464,2
78746991,1
78755651,1
78756825,1
78770936,1
78773934,1
78788195,1
78806365,1
78828428,1
78863300,1
78865055,1
78871780,1
78876133,1
78877444,1
78886252,1
78893503,1
78898148,1
78942591,1
78942835,1
78945904,1
78948152,1
78949167,1
78954051,1
78967360,1
78968318,1
78973806,1
78991131,1
79003901,1
79045027,1
79049796,1
79053599,1
79055093,2
79056054,1
79085655,1
79158725,1
79166045,1
79180496,1
79208489,1
79212398,1
79215783,1
79232750,1
79242776,1
79257339,1
79271880,1
79274665,1
79277926,1
79291561,1
79293757,1
79295644,1
79304610,1
79349712,1
79376921,1
79399355,1
79406819,1
79410781,2
79429116,1
79435304,1
79437046,1
79442223,1
79466298,1
79479480,1
79501323,1
79502694,1
79504431,1
79507954,1
79513614,1
79517696,1
79528658,1
79533543,1
79533577,1
79596181,1
79602273,1
79628736,1
79654879,1
79720032,1
79720224,1
79721045,1
79758863,1
79760854,1
79767264,1
79784230,1
79791913,1
79806602,1
79823012,1
79848697,1
79907651,1
79909456,1
79914355,1
79917420,1
79944431,1
79961501,1
80000321,1
80004828,1
80048456,1
80061547,1
80067748,1
80089841,1
80093392,1
80099286,1
80103449,1
80107081,1
80107545,1
80141037,1
80157002,1
80159972,1
80171589,1
80189148,1
80189457,1
80192911,1
80194363,1
80208204,1
80209516,1
80234396,1
80235041,1
80250857,1
80261724,1
80267918,1
80307629,1
80354302,1
80385295,1
80396438,1
80397512,1
80401321,1
80405497,1
80420508,1
80425441,1
80427016,1
80431571,1
80442548,1
80457388,1
80478925,1
80504430,1
80504572,1
80515540,1
80522012,1
80541789,1
80544536,1
80581902,1
80602676,1
80630709,1
80678558,1
80684659,1
80722367,1
80757186,1
80821706,1
80827042,1
80836204,1
80843455,1
80849383,1
80886842,1
80918302,1
80960904,1
80962037,1
80974392,1
80981213,1
80981667,1
80999801,1
81046214,1
81048645,1
81056273,1
81068196,1
81070564,1
81076998,1
81109165,1
81173749,1
81193129,1
81202712,1
81214170,1
81249731,1
81313884,1
81345102,1
81350149,1
81361936,1
81396550,1
81422812,1
81426024,1
81437219,1
81478335,1
81490414,1
81493939,1
81538877,1
81542471,1
81553666,1
81559720,1
81561018,1
81562723,1
81575947,1
81588100,1
81596740,1
81609368,1
81646018,1
81652082,1
81656130,1
81673375,1
81674631,1
81682793,1
81686914,1
81693876,1
81705101,1
81720502,1
81726126,1
81759142,1
81762164,1
81774659,1
81796068,1
81796368,1
81803926,1
81822489,1
81826268,1
81896707,1
81908197,1
81921589,1
81959232,1
81975217,1
81999946,1
82024136,1
82029664,1
82042993,1
82044803,1
82049070,1
82072978,1
82090231,1
82094653,1
82117109,1
82146926,1
82224175,1
82231420,1
82242552,1
82251632,1
82268257,1
82281117,1
82302227,1
82312111,1
82315953,1
82376670,1
82418456,1
82428497,1
82445060,1
82453714,1
82499055,1
82521294,1
82521518,1
82538756,1
82551756,1
82561880,1
82586689,1
82590017,1
82591976,1
82617477,1
82637225,1
82650452,1
82678562,1
82724369,1
82733648,1
82742813,1
82766359,1
82779467,1
82809152,1
82828093,1
82898438,1
82901383,1
82911349,1
82944614,1
82963117,1
82989873,1
82990137,1
83067064,1
83070078,1
83079912,1
83098111,1
83101411,1
83104063,1
83114514,1
83116240,1
83136054,1
83136390,1
83157429,1
83158277,1
83168207,1
83172311,1
83182424,2
83213269,1
83220049,1
83223374,1
83253362,1
83283675,1
83329336,1
83338787,1
83350965,1
83372686,1
83385787,1
83404231,1
83419473,1
83430343,1
83434023,1
83442423,1
83465122,1
83470656,1
83480908,1
83524927,1
83538403,1
83545712,1
83559262,1
83562876,1
83564106,1
83573286,1
83574788,1
83576010,1
83582456,2
83606943,1
83608316,1
83625063,1
83629316,2
83634399,1
83643936,1
83644514,1
83648453,1
83649150,1
83660514,1
83669467,1
83684810,1
83702309,1
83733486,1
83752052,1
83777819,1
83797583,1
83812976,1
83829508,1
83831860,1
83845889,1
83863599,1
83877517,1
83884198,2
83893812,1
83893956,1
83903009,2
83907321,1
83907621,1
83934669,1
83957597,1
83959489,1
83959978,1
83984878,2
83997633,2
84061672,1
84064064,1
84070263,1
84105208,2
84128724,1
84132532,1
84135165,1
84148720,1
84175605,1
84210050,1
84220930,2
84221016,1
84226754,1
84228424,1
84233833,1
84247106,1
84248988,1
84272111,1
84272511,1
84301852,1
84330387,1
84336755,1
84371526,1
84424169,1
84427521,1
84439246,1
84451807,1
84459091,1
84461672,1
84586770,1
84588156,1
84625349,1
84634607,1
84656834,1
84659345,1
84684031,1
84701998,1
84705507,1
84720688,1
84728412,1
84740599,1
84747220,1
84778445,1
84843123,1
84883298,1
84910181,1
84921700,1
84938977,1
84941140,1
84954628,2
84960687,1
84989147,1
85048976,1
85060731,1
85066839,1
85089368,1
85124911,1
85127941,1
85142573,1
85148363,1
85164822,1
85172479,1
85188079,1
85222589,1
85231008,1
85236337,1
85238383,1
85251920,1
85278171,1
85279706,1
85313672,1
85334514,1
85335698,1
85361835,1
85363537,1
85371243,1
85393390,1
85393408,1
85406594,1
85410090,1
85419773,1
85425358,1
85438892,1
85441744,1
85447245,1
85452618,1
85491837,1
85502961,1
85509036,1
85518808,1
85552719,1
85556749,1
85610855,1
85625881,1
85658114,1
85665268,1
85782465,1
85803896,1
85828127,1
85843263,1
85846151,1
85849332,1
85858209,1
85864226,1
85871692,1
85872740,1
85880884,1
85882535,1
85908831,1
85942661,1
85948717,1
85949116,1
85964511,1
85965351,1
85978773,1
85986768,1
85994674,1
86000357,1
86007628,1
86044019,1
86051118,1
86059523,1
86069134,1
86090741,1
86092368,1
86113891,1
86133477,1
86152750,1
86154742,1
86196800,1
86197364,1
86252985,1
86289009,1
86299991,1
86300262,1
86306035,1
86319316,1
86339268,1
86341486,1
86348833,1
86350742,1
86363983,1
86368140,1
86375925,1
86408019,1
86408775,1
86410452,1
86411313,1
86423329,1
86447577,1
86447830,1
86522260,1
86536994,1
86543870,1
86547534,1
86561727,1
86569240,1
86572800,6
86581225,1
86598690,1
86654557,1
86659011,1
86660560,1
86671361,1
86680163,1
86709075,1
86710345,1
86711942,1
86719026,1
86719527,1
86723305,1
86729056,1
86761877,1
86763948,1
86771010,1
86775241,1
86805870,1
86815943,1
86834637,1
86834814,1
86844847,1
86846534,1
86848027,1
86851465,1
86856445,1
86887824,1
86896922,1
86964895,1
86977383,1
87055815,1
87063252,1
87073104,2
87077023,1
87109274,1
87116762,1
87126887,1
87142779,2
87148630,1
87157047,1
87161943,1
87164562,1
87166899,1
87171668,1
87178664,1
87186997,1
87198156,1
87201444,1
87225021,1
87228593,1
87241105,1
87246919,1
87272716,1
87307989,1
87320600,1
87362520,1
87377887,1
87380346,1
87383155,1
87391906,1
87397251,1
87404676,1
87409084,1
87440198,1
87441244,1
87444092,1
87445133,1
87450618,1
87460497,1
87566518,1
87574679,1
87586713,1
87594404,1
87596110,1
87600987,1
87604944,1
87617585,1
87628038,2
87640847,1
87660800,1
87668199,1
87682902,1
87688412,1
87691511,1
87698844,1
87711021,2
87748355,1
87753540,1
87809119,1
87818460,1
87841129,1
87844358,1
87858694,1
87874775,2
87883391,1
87885287,1
87885343,1
87897838,1
87899509,1
87927264,1
87983017,1
87990853,1
87993847,1
87994542,1
88014292,1
88016895,1
88077783,1
88081804,1
88084186,1
88106038,1
88108002,2
88115388,1
88127727,1
88148445,1
88155338,1
88156210,1
88161975,1
88190547,1
88198563,1
88199117,1
88199249,1
88201630,1
88248797,1
88260967,1
88263098,1
88270351,1
88281489,1
88329340,1
88355673,1
88367305,1
88413854,1
88415165,1
88422388,1
88433283,1
88447041,1
88451442,1
88454899,1
88463477,1
88503380,1
88520218,1
88525050,1
88526483,1
88528574,1
88532720,1
88542309,1
88559558,1
88559987,1
88576930,1
88580521,2
88616986,1
88630924,1
88645331,1
88646632,1
88648239,1
88653530,1
88669140,1
88669431,1
88723885,1
88760696,1
88765049,1
88778723,1
88779076,1
88779759,1
88802518,1
88806267,1
88855279,1
88876408,1
88883166,1
88884784,1
88885103,1
88894223,1
88898367,1
88931495,1
88942434,1
88960774,1
88967089,1
88977094,1
88983487,3
88984670,1
88986549,1
88995137,1
89006520,1
89009912,1
89010995,1
89019214,1
89025862,1
89030875,1
89032074,1
89046160,1
89052198,1
89061857,1
89079979,1
89087364,1
89109712,1
89114157,1
89126855,1
89131639,1
89132160,2
89134865,1
89146918,1
89148144,1
89161683,1
89176472,1
89203698,1
89211796,1
89263112,1
89288837,1
89296617,1
89321978,1
89328645,1
89337295,1
89353441,1
89395745,1
89400397,1
89444087,1
89448810,1
89456695,1
89461185,1
89503179,1
89523154,1
89532008,1
89540402,1
89540826,1
89575785,1
89591371,1
89597350,1
89598589,1
89605044,1
89645338,4
89695803,1
89722109,1
89722848,1
89735151,1
89754713,1
89759220,1
89851396,1
89854839,1
89856974,1
89862334,1
89876227,1
89886601,1
89926504,1
89932826,1
89936743,1
89947037,1
89965859,1
90003066,1
90010509,1
90020131,1
90054389,1
90068931,1
90088090,1
90088720,1
90089685,1
90104112,1
90112119,1
90123732,1
90140491,1
90144980,1
90171310,1
90177205,1
90181190,1
90187768,1
90202919,1
90204263,1
90210865,1
90280289,1
90290521,1
90297947,1
90301759,1
90318913,1
90320747,1
90358872,1
90386322,1
90421212,2
90445326,1
90473723,1
90474550,1
90503814,1
90549089,1
90558849,1
90562015,1
90577992,1
90584932,1
90585081,1
90599534,1
90602809,1
90605717,1
90629478,1
90631595,1
90644163,1
90652966,1
90657593,1
90682513,1
90685859,1
90689674,1
90692458,1
90731476,1
90778721,1
90786678,1
90791197,1
90798147,1
90820690,1
90863725,1
90894979,1
90907930,1
90961535,1
91003647,1
91015385,1
91016903,1
91021799,1
91037706,1
91044156,1
91068600,1
91088196,1
91096929,1
91112833,1
91128330,1
91130406,1
91143836,1
91160475,1
91166910,1
91183594,1
91226467,1
91231470,1
91237924,1
91280922,1
91302672,1
91308968,1
91320047,1
91338231,1
91341745,1
91358784,1
91367509,1
91367914,1
91378413,1
91381012,1
91382964,1
91385321,1
91399435,1
91404105,1
91405690,1
91410496,1
91429106,1
91439207,1
91439361,1
91442300,1
91478132,1
91500485,1
91509874,2
91547795,1
91555602,1
91625051,1
91639901,1
91640709,1
91654378,1
91667160,1
91680189,1
91714349,1
91728333,1
91728573,1
91731654,1
91733887,1
91734527,1
91738110,1
91751290,1
91759678,1
91767628,1
91784741,1
91839415,1
91849487,1
91856576,1
91858374,1
91889514,1
91893497,1
91896859,1
91902075,1
91944440,1
91956525,1
91976421,1
91980116,1
92041707,1
92062874,1
92065535,1
92090048,1
92137267,1
92142764,1
92177860,1
92185630,1
92196705,1
92215668,1
92228779,1
92239625,1
92242402,1
92247226,1
92253590,1
92255054,1
92261242,1
92285598,1
92299558,1
92302738,1
92314808,1
92337658,1
92353690,1
92369096,1
92384606,1
92386084,1
92389813,1
92400234,1
92402263,1
92421383,1
92433271,1
92439990,1
92444005,1
92478319,1
92532104,1
92540986,2
92568876,1
92573950,1
92574114,1
92574218,1
92607757,1
92613744,1
92616678,3
92622822,1
92631399,1
92633836,1
92694268,1
92712761,1
92723643,1
92724051,1
92726151,2
92732265,1
92753283,1
92766114,1
92775570,1
92777079,1
92777139,1
92804957,1
92827970,1
92842423,1
92861361,1
92868937,1
92878045,1
92882299,1
92893737,1
92900806,1
92912434,1
92916738,1
92917582,1
92919224,1
92971853,1
92978255,1
92984662,1
92996760,1
93013864,1
93014743,1
93028901,1
93034081,1
93042915,1
93043826,1
93044008,1
93054509,1
93065676,1
93067059,1
93079495,1
93083801,1
93087330,1
93089086,1
93097769,1
93117749,1
93126768,1
93134530,1
93211672,1
93216976,1
93227906,1
93239683,1
93247057,1
93273468,1
93273926,1
93304640,1
93331929,1
93332316,1
93335748,1
93337824,1
93376109,1
93376500,1
93376818,3
93382779,1
93431609,1
93450722,1
93481273,1
93494392,1
93496359,1
93502172,1
93532398,1
93534298,1
93544795,1
93579880,1
93594454,1
93652794,1
93722896,1
93728906,1
93733136,1
93737912,1
93781550,1
93790647,1
93813543,1
93819264,1
93825737,1
93841098,1
93856062,4
93891533,1
93891752,1
93897229,1
93904422,1
93912807,1
93948993,1
93958018,1
93969855,1
93984144,1
93984665,1
94003507,1
94058511,1
94062266,1
94075036,1
94079100,1
94116544,1
94151369,1
94156100,1
94160753,1
94167222,1
94174882,1
94179722,1
94189480,1
94194147,1
94205710,1
94242536,1
94251847,1
94252605,1
94259578,1
94279121,1
94280881,1
94282583,1
94321164,1
94324138,1
94326797,1
94362529,1
94372015,1
94394860,1
94402615,1
94409450,1
94420090,1
94426452,1
94427531,3
94432849,1
94435150,1
94436780,1
94454054,1
94478736,1
94480307,1
94526347,1
94529792,1
94564639,1
94570596,1
94604837,1
94617881,1
94646490,1
94667039,1
94763545,1
94773058,1
94778072,1
94781031,1
94793217,1
94796302,1
94864015,1
94890352,1
94919340,1
94928179,1
94938999,1
94957904,1
95002219,1
95002244,1
95019938,1
95040719,1
95044293,1
95069770,1
95078756,1
95081253,1
95090911,1
95100203,1
95114476,1
95129943,1
95139774,1
95149004,1
95150817,1
95179191,1
95188570,2
95214375,1
95218485,1
95232096,1
95236897,1
95246895,1
95256005,1
95276223,1
95304105,1
95338528,1
95340276,1
95364001,1
95416525,1
95443151,1
95449426,1
95460152,1
95468529,1
95478197,1
95495095,1
95497005,1
95504962,1
95512809,1
95523574,1
95541290,1
95561298,1
95570942,1
95591037,1
95619282,1
95631365,1
95644315,1
95672067,1
95686883,1
95695113,1
95718825,1
95721591,1
95760855,1
95771803,1
95778421,1
95818166,1
95879205,1
95893422,1
95899648,1
95935342,1
95939868,1
95940388,1
95981117,1
96005164,1
96010389,1
96044562,1
96064869,1
96076894,1
96154540,1
96163788,1
96171496,1
96178532,1
96178954,1
96220436,1
96259932,1
96290307,1
96339857,1
96360514,1
96387156,1
96398205,1
96398816,1
96427312,2
96435434,1
96456728,1
96463398,1
96471386,1
96511294,1
96521078,1
96521086,1
96541982,1
96552673,1
96562725,1
96578727,1
96582924,1
96620547,1
96639787,1
96648715,1
96657556,1
96673050,1
96724550,1
96728703,1
96731649,1
96770540,1
96787824,1
96793918,1
96797470,1
96804013,1
96830104,1
96833021,1
96840304,1
96848835,1
96851183,1
96854429,1
96854585,1
96868335,1
96891485,1
96910554,1
96930627,1
96944678,1
96968141,1
96974442,1
96978606,1
96993695,1
96995554,1
97001695,1
97030813,1
97033226,1
97063582,1
97074912,1
97085527,1
97090106,1
97102979,1
97109361,1
97141741,1
97144420,1
97155906,1
97158497,1
97179149,1
97225946,1
97244608,1
97269749,1
97289522,1
97292941,1
97304629,1
97318753,1
97326386,1
97326903,1
97365039,2
97388607,1
97429702,3
97440610,1
97454625,1
97455552,1
97458720,1
97460977,1
97467100,2
97478750,1
97510802,1
97534761,1
97552866,1
97558692,1
97590439,1
97628152,1
97642261,1
97693233,1
97695341,1
97703722,1
97707491,1
97732099,1
97746128,1
97753591,1
97771787,1
97771966,1
97777092,1
97780352,1
97806283,1
97812130,1
97812509,1
97840004,1
97847250,1
97847597,1
97863234,1
97871636,1
97873351,1
97879568,1
97881811,1
97884918,1
97885211,1
97891482,1
97891905,1
97901228,1
97927124,1
97935846,1
97938360,1
97948946,1
97958526,1
97972808,1
97977342,1
97989721,1
97990882,1
97994360,1
97998375,1
98000756,1
98013820,1
98053458,1
98081997,1
98083047,1
98123484,1
98136801,1
98145879,1
98166916,1
98189884,1
98194904,1
98205043,1
98205900,1
98212676,1
98219089,1
98228296,1
98230804,2
98305566,2
98336593,1
98339220,1
98346896,1
98351255,1
98408932,1
98419797,1
98426896,1
98439218,1
98445087,1
98446102,1
98454232,1
98456270,1
98474633,1
98505834,2
98605632,2
98612348,1
98637739,1
98643870,1
98644809,1
98655754,1
98671494,1
98684296,1
98687016,1
98687345,1
98698131,1
98709917,1
98763718,1
98799034,1
98804714,1
98848360,1
98868227,1
98868655,1
98874428,1
98894266,1
98899785,1
98906252,1
98915060,1
98966754,1
98999149,1
99013972,1
99018821,1
99024517,1
99039782,2
99044751,1
99069487,1
99072975,1
99078115,1
99087793,1
99093357,1
99094296,1
99108127,1
99114143,1
99131208,1
99132608,1
99215291,1
99216956,1
99238517,1
99303358,1
99308606,1
99316452,1
99349238,1
99367900,1
99369790,1
99394366,1
99437500,1
99438398,1
99451509,1
99483289,1
99491084,1
99511741,1
99533223,1
99535319,1
99568326,1
99573320,1
99574369,1
99581601,1
99584622,1
99605054,1
99608452,1
99611070,1
99611484,2
99612385,1
99657852,1
99659608,1
99671629,1
99678760,1
99687931,1
99692516,1
99703804,1
99703844,1
99717310,1
99718350,1
99723642,1
99724223,1
99810755,2
99838921,1
99861840,1
99891160,1
99893402,1
99925255,1
99937771,1
99944622,1
99973273,2
99990576,1
100012454,1
100023019,1
100025566,1
100027345,1
100042684,1
100081325,1
100087429,1
100091998,1
100094541,1
100123017,1
100128595,1
100132710,1
100151762,1
100158968,1
100161727,1
100166384,1
100199793,1
100204300,1
100215778,1
100216770,1
100217654,4
100234814,1
100249658,1
100291372,1
100294019,1
100338903,1
100347457,1
100361543,1
100369959,1
100372313,1
100406717,1
100425384,1
100432197,1
100472563,1
100494918,1
100508620,1
100562086,1
100562257,1
100609826,1
100655670,1
100658449,1
100682393,1
100683386,1
100690902,1
100704180,1
100735638,1
100753878,1
100765093,1
100777531,1
100782273,1
100804646,1
100831787,1
100840345,1
100841449,1
100850577,1
100856346,1
100883748,1
100910996,1
100945007,1
101020733,1
101028256,1
101029456,1
101035990,1
101047627,1
101069744,1
101080211,1
101083390,1
101090994,1
101114950,1
101122783,1
101130780,1
101131606,1
101154752,1
101185502,2
101196816,1
101199888,1
101208715,1
101283333,1
101305675,1
101306295,1
101336114,1
101347490,1
101348966,1
101357603,1
101368650,1
101383058,1
101399460,1
101414157,1
101417270,1
101447028,1
101447544,1
101500321,1
101516994,1
101529212,1
101536185,1
101552567,1
101553623,1
101557207,1
101578572,1
101582095,1
101583541,3
101587250,1
101682464,1
101684156,1
101684827,2
101716456,1
101721280,1
101725770,1
101729208,1
101744741,1
101819487,1
101825630,1
101835362,1
101964499,1
102006012,1
102046328,1
102132718,1
102175066,1
102198332,1
102199610,1
102200932,1
102205211,1
102205852,1
102207047,1
102238922,1
102245100,1
102257756,1
102292178,1
102309095,1
102315132,1
102335827,1
102345260,1
102356659,1
102383963,1
102394810,1
102430340,1
102456352,1
102458207,1
102471115,1
102474166,1
102482062,1
102485413,1
102506093,1
102520430,1
102531532,1
102575140,1
102580874,1
102594871,1
102692588,1
102697831,1
102706514,3
102727505,1
102751849,1
102856686,1
102868582,1
102870299,1
102878237,1
102885161,1
102887808,1
102934832,1
102936794,1
102943475,3
102979016,1
102996011,1
103033530,1
103036558,1
103064790,1
103085088,1
103100869,1
103113487,1
103119362,1
103135538,1
103175660,1
103179041,1
103229163,1
103297213,1
103302290,1
103306140,1
103326468,1
103357921,1
103364208,1
103375436,1
103376741,1
103389592,1
103416111,1
103455203,1
103459843,1
103462496,1
103489759,1
103496001,1
103618113,1
103621114,1
103678544,1
103717482,1
103719146,1
103731019,1
103785990,1
103789783,1
103807711,1
103861667,1
103919065,1
103962359,1
103986501,1
103997068,1
104000416,1
104020371,1
104020739,1
104030847,1
104165358,1
104193779,1
104196278,1
104276743,1
104278785,1
104281681,1
104289096,1
104314434,1
104335209,1
104348282,1
104383966,1
104440170,1
104451011,1
104497467,1
104509245,1
104541981,1
104566703,1
104592468,1
104622353,1
104647854,1
104650563,1
104658278,1
104662484,1
104704093,1
104712257,1
104775583,1
104816653,1
104855549,1
104861120,1
104903134,1
104935701,1
104941850,1
104957254,1
104972236,1
105103991,1
105120312,1
105136435,2
105141999,1
105170638,1
105189148,1
105214243,1
105219284,1
105223895,1
105237337,1
105294544,1
105300705,1
105301169,1
105354525,1
105397317,1
105403354,1
105436184,1
105450428,1
105469500,1
105482474,1
105490553,1
105530284,1
105532421,1
105538402,1
105585386,1
105598867,1
105615886,1
105651142,1
105657176,1
105661842,1
105675984,1
105700600,1
105712299,1
105716414,1
105745352,1
105800354,1
105831009,1
105831455,1
105845016,1
105904949,1
105919422,1
105925890,1
105960032,1
106013343,1
106027109,1
106052177,1
106059172,1
106067415,1
106100728,1
106147027,1
106173220,1
106227458,1
106234166,1
106248819,2
106271022,1
106288201,1
106301813,1
106356149,1
106383263,1
106387720,1
106426941,1
106433113,1
106448279,1
106452774,1
106477016,1
106481127,1
106579349,1
106589280,1
106602888,1
106639913,1
106666923,1
106703886,1
106737575,1
106737620,1
106751507,1
106762153,1
106775972,1
106863843,1
106867250,1
106902205,1
106940421,1
106987263,1
106997404,1
107000683,1
107010978,1
107035552,1
107062289,1
107072447,1
107077742,1
107078453,1
107083710,1
107091537,1
107099599,1
107100255,1
107123821,1
107124700,1
107151685,1
107155935,1
107172917,1
107179088,1
107224084,2
107250451,1
107276324,1
107303890,1
107332190,1
107335783,1
107336560,1
107340417,1
107350823,1
107359945,1
107359951,1
107368959,1
107379182,1
107381046,1
107386585,1
107407814,1
107425742,1
107509586,1
107557004,1
107558154,1
107560227,1
107565175,1
107570612,1
107583552,1
107651927,1
107702013,1
107715446,1
107724647,1
107747646,1
107777401,1
107817733,2
107824152,1
107834787,1
107847136,1
107851451,1
107858496,1
107878625,1
107882093,1
107889615,1
107909889,1
107925883,1
107938570,1
107955904,1
107976350,1
108008644,1
108021303,1
108050083,1
108089404,1
108097949,1
108100593,1
108101098,1
108105696,1
108156436,1
108169109,1
108180944,1
108185707,1
108191615,1
108231307,6
108240075,1
108270968,1
108270972,1
108285878,1
108303703,1
108326517,1
108340754,1
108350739,1
108360839,1
108385738,1
108418561,1
108451913,1
108465111,1
108472700,1
108473400,1
108479463,1
108516207,1
108544469,1
108548454,1
108551865,1
108562065,1
108571311,1
108576690,1
108593771,1
108597293,1
108629034,1
108656216,1
108681969,1
108690752,1
108702111,1
108731242,1
108736814,1
108753774,1
108764519,1
108800975,1
108807429,1
108808031,1
108834862,1
108841108,1
108856045,1
108860844,1
108872026,1
108873520,2
108874515,1
108886216,1
108891513,1
108892681,1
108911712,1
108949445,1
108965572,1
108980279,1
109017996,1
109034482,1
109034985,1
109045880,1
109050315,1
109052480,1
109069262,1
109085933,1
109097565,1
109099115,1
109124789,1
109157253,1
109163098,1
109217591,2
109233435,1
109254578,1
109265344,1
109303359,1
109333127,1
109347466,1
109352942,1
109446360,1
109447498,1
109506928,1
109537406,1
109547569,1
109553158,1
109555139,1
109556932,2
109562285,1
109570170,1
109570389,1
109582490,1
109587631,1
109617724,1
109647045,1
109696225,1
109718292,1
109731557,1
109740054,1
109740924,1
109742515,1
109775415,1
109777745,1
109777783,1
109826598,1
109842185,1
109886533,1
109935951,1
109969505,1
109985186,1
110002944,1
110008675,1
110018951,1
110029405,1
110054262,1
110078428,1
110120798,1
110146500,1
110180366,1
110210159,1
110261072,1
110280757,1
110292025,1
110299556,1
110320697,1
110337684,1
110375030,1
110378427,1
110392719,1
110395318,1
110401501,1
110403819,1
110407320,1
110428419,1
110430578,1
110480440,1
110481392,1
110504822,1
110506455,1
110521546,1
110535652,2
110555955,1
110568477,1
110606805,1
110612633,1
110621965,1
110627172,1
110650566,1
110667843,1
110724849,1
110759081,1
110784317,3
110803307,5
110808563,1
110841617,1
110903916,1
110954532,1
110955495,1
110960284,1
111002142,1
111004544,1
111041731,1
111041768,1
111078063,1
111100829,1
111137383,1
111150085,1
111191349,1
111201305,1
111210736,1
111213624,1
111216993,1
111235041,1
111236979,1
111245393,1
111257566,1
111259718,1
111261006,2
111270813,1
111281171,1
111292018,1
111312063,1
111329565,1
111370249,1
111398937,1
111416234,1
111430753,1
111435568,1
111473259,1
111486672,1
111489142,1
111569638,1
111622048,1
111647443,1
111655497,1
111655536,1
111667698,5
111673097,1
111676425,1
111697208,1
111714581,1
111730637,1
111887417,1
111914000,1
111918424,1
111925348,1
112002249,1
112012420,1
112038499,1
112046567,1
112147643,1
112173989,1
112197661,1
112230611,1
112257804,1
112275929,1
112333347,1
112368072,1
112383651,1
112424307,1
112426853,1
112473593,1
112477963,1
112483771,1
112529374,1
112580443,1
112581971,1
112587801,1
112645335,1
112688821,1
112690557,1
112722215,1
112751524,1
112756282,1
112760654,1
112770584,1
112774923,1
112777858,1
112790933,1
112800744,1
112818612,1
112865144,1
112920194,1
112969080,1
112969742,1
112987845,1
112996210,1
113026948,1
113093777,1
113106411,1
113149540,1
113149736,1
113162560,1
113178483,1
113236670,1
113255492,1
113263502,1
113337694,1
113356992,1
113390645,1
113409320,1
113459182,1
113459757,1
113469736,1
113490885,1
113535859,1
113580700,1
113588675,1
113596472,1
113608678,1
113617367,1
113626567,1
113640815,1
113646930,1
113747698,1
113748644,1
113752568,1
113781357,1
113792100,1
113793164,1
113798442,1
113807421,1
113809942,1
113814705,1
113844030,1
113846926,1
113849268,1
113887049,1
113980740,1
113998780,1
114057395,1
114114079,1
114168561,1
114172928,1
114214434,1
114227169,1
114280987,1
114310783,1
114335121,1
114335677,1
114353712,1
114382829,1
114395405,1
114423259,1
114454115,1
114467569,1
114478857,1
114486849,1
114509306,1
114558126,1
114565561,1
114610406,1
114612234,1
114614952,1
114623040,1
114628529,1
114648461,1
114650673,1
114688873,1
114707091,1
114709428,1
114741744,1
114775771,1
114787369,1
114795190,1
114827586,2
114850579,1
114862890,1
114881632,1
114884788,1
114907367,1
114923809,1
114938397,1
114942587,1
114971629,1
115001848,1
115006878,1
115007237,1
115035770,1
115059219,1
115063771,1
115067155,1
115070366,1
115072020,1
115072850,1
115081848,1
115102487,1
115114979,1
115124294,1
115149634,1
115166877,1
115180931,1
115199279,1
115200191,1
115203476,1
115204145,1
115338940,1
115340172,1
115351000,1
115353812,1
115361070,1
115371133,1
115424590,1
115464873,1
115476530,1
115491784,1
115561717,1
115565391,1
115571788,1
115580105,1
115588091,1
115600563,1
115618748,1
115627863,1
115652102,1
115654418,1
115673583,1
115726918,1
115731770,1
115739170,1
115765276,1
115776144,1
115790230,1
115821318,1
115841082,1
115852752,1
115871174,1
115906663,1
115911915,1
115929847,1
115947852,1
115977226,1
116023870,1
116026761,1
116077900,1
116078858,1
116161265,1
116175996,1
116187611,1
116231712,1
116295241,1
116298975,1
116322650,1
116323065,1
116348059,2
116357527,1
116368168,1
116424564,1
116425066,1
116490669,1
116503439,1
116516771,1
116539313,1
116561933,1
116561995,3
116564679,1
116568728,1
116574900,1
116604821,1
116633453,1
116633599,1
116641987,1
116651671,1
116723241,1
116749593,1
116812461,1
116816343,1
116866196,1
116871962,3
116915471,1
116920452,1
116935498,1
116942368,1
116972523,1
117014547,1
117039037,1
117084012,1
117116764,1
117166613,1
117285615,1
117291543,1
117293564,1
117315133,1
117381978,1
117400842,1
117444976,1
117519304,1
117530839,1
117548273,1
117565557,1
117567980,1
117583341,1
117591218,1
117648012,1
117698635,1
117726828,1
117748716,1
117751770,1
117764480,1
117806313,1
117831325,1
117862619,1
117863082,1
117899760,1
117903686,1
117933447,1
117959435,1
117963019,1
117967760,1
117995310,1
118028741,1
118057216,1
118066713,1
118096301,1
118158941,1
118280419,1
118293218,1
118347763,1
118366428,1
118396757,1
118535975,1
118539047,1
118598641,1
118605107,1
118610589,1
118645569,1
118660087,1
118712366,1
118717478,1
118736086,1
118759930,1
118771370,1
118785298,1
118832071,1
118839716,1
118922986,1
119015807,1
119059430,1
119074581,1
119075798,1
119136210,1
119138695,1
119161197,1
119193741,1
119271574,1
119287640,1
119291692,1
119312416,1
119339226,1
119355382,1
119392287,1
119404710,1
119470903,1
119474193,1
119488797,2
119526243,1
119564337,1
119573825,1
119593972,1
119617223,1
119648793,1
119673518,1
119709610,1
119737193,1
119769478,1
119809095,1
119810812,1
119854490,1
119856028,1
119874392,1
119885670,1
119897290,2
119938418,1
119995042,1
120022567,1
120039624,1
120103767,1
120116144,1
120133085,1
120168574,1
120242470,1
120252478,1
120256681,1
120295865,1
120317811,1
120351727,1
120440017,1
120546792,1
120589279,1
120616429,1
120620395,1
120824375,1
120990407,1
121001029,1
121011968,1
121065588,1
121085240,1
121095382,1
121108110,1
121112225,1
121117945,1
121128867,1
121154142,1
121179930,1
121245362,1
121328223,1
121343332,1
121351756,1
121384805,1
121445871,1
121461922,1
121493131,1
121534647,2
121565888,1
121592812,1
121640572,1
121656968,1
121705462,1
121761685,1
121790935,1
121792173,1
121793617,1
121798939,1
121868279,1
121880388,1
121891361,1
121899304,1
121946596,1
121947679,1
122003158,1
122032765,1
122051388,1
122191366,1
122200035,1
122252873,1
122260771,1
122292180,1
122313877,1
122341199,1
122352413,1
122382210,1
122398119,1
122478771,1
122489852,1
122517264,1
122529354,1
122535155,1
122550757,1
122588968,1
122617954,1
122638311,1
122641776,1
122662504,2
122687705,1
122718687,1
122757243,1
122772207,1
122798317,1
122847831,1
122865263,1
122875594,1
122891591,1
122893586,1
122896888,1
122942441,1
122970646,1
123007571,1
123112817,1
123308369,1
123335827,1
123342691,1
123344143,1
123359049,1
123373838,1
123383924,1
123452733,1
123461136,1
123465523,1
123479320,1
123482357,1
123601476,1
123613986,1
123623302,1
123653723,1
123695416,1
123785695,1
123849699,1
123852829,1
123859527,1
123877353,1
123930856,1
123984585,1
124007635,1
124019182,1
124020340,1
124085323,1
124088146,1
124123848,1
124189514,1
124202756,1
124222270,1
124275487,1
124294538,1
124308320,1
124341899,1
124361319,1
124370897,1
124390044,1
124390185,1
124439313,2
124440261,1
124441348,1
124470332,1
124482256,1
124492823,1
124507178,1
124558887,1
124567600,1
124590925,1
124649773,1
124695565,1
124798203,1
124799179,1
124910953,1
124921491,1
125007084,1
125031481,1
125069420,1
125113376,1
125150482,1
125154026,1
125160399,1
125232146,1
125273991,1
125283161,1
125295442,1
125347750,1
125353938,1
125368863,2
125370330,1
125436473,1
125438559,1
125455699,1
125459446,1
125471877,1
125485357,1
125560721,1
125564213,1
125568681,1
125586675,1
125594629,1
125626654,1
125681538,1
125713079,1
125800079,1
125828710,1
125846222,1
125857607,1
125920907,1
125994309,1
126208408,1
126219763,1
126278675,1
126293868,1
126324002,1
126367187,1
126476918,1
126490844,1
126499521,1
126529524,1
126574347,1
126679818,1
126754021,1
126798788,1
126861164,1
126886556,1
126905285,1
126922704,1
126967444,1
126974907,1
126988910,2
126993554,3
127093491,1
127096683,1
127098855,1
127103098,1
127122455,1
127202207,1
127204391,1
127238744,1
127273427,1
127308739,1
127376094,1
127398726,1
127435065,5
127505435,1
127534170,1
127540387,1
127568346,1
127620445,1
127664852,1
127717131,1
127722736,1
127822397,1
127880594,1
127957412,1
127991676,1
128002292,1
128077249,1
128119996,1
128206188,1
128227338,1
128240629,2
128240885,1
128282445,1
128331594,1
128378696,1
128385247,1
128392218,1
128439645,1
128469258,1
128496461,1
128554847,1
128559392,1
128658978,1
128703909,1
128724547,1
128738169,1
128812932,1
128874515,1
128914584,1
128923633,1
128941068,1
128975938,1
128987046,1
129010893,1
129040971,1
129125910,1
129135725,1
129158032,1
129207373,1
129223914,2
129250262,1
129255153,1
129270367,1
129291313,1
129316635,1
129333644,1
129335386,1
129386740,1
129399053,1
129405843,1
129407632,1
129409676,1
129423545,1
129506189,1
129532814,1
129561651,1
129564966,1
129579691,2
129590633,1
129657162,1
129659514,1
129692708,1
129702169,1
129736887,1
129746152,1
129816813,1
129872339,1
129882602,1
129918860,1
129933900,1
129951478,1
129957860,1
129967922,1
130032045,1
130111194,1
130122304,1
130233823,1
130278416,1
130370286,1
130414180,1
130451520,1
130488702,1
130567419,1
130598043,1
130600327,1
130622718,1
130625311,1
130642629,1
130643902,1
130698042,1
130782884,1
130806907,1
130826840,1
130830376,1
130830517,1
130876697,1
130889443,2
130918800,1
130931508,1
131000419,1
131039422,1
131229172,1
131280766,1
131352132,1
131398211,1
131403987,1
131407117,1
131443179,1
131443493,1
131476796,1
131530838,1
131612909,1
131634211,1
131667269,1
131670439,1
131737202,1
131764538,1
131767782,1
131798003,1
131824284,1
131855633,1
131928587,1
131929364,1
131965864,1
131972303,1
132103049,1
132113727,1
132115751,1
132176401,1
132185099,1
132194176,2
132211587,1
132250929,1
132252665,1
132273646,1
132276845,1
132276872,1
132282304,1
132294330,1
132311610,1
132313796,1
132323965,1
132329210,1
132337675,1
132346501,1
132351687,1
132396257,1
132431415,1
132448800,1
132501811,1
132531341,1
132562272,1
132648476,1
132701854,1
132704005,1
132741663,1
132744569,1
132747814,1
132764291,1
132811907,1
132820332,1
132823494,1
132852777,1
132864240,1
132921372,2
132930012,1
132946012,1
133000239,1
133013480,1
133042991,1
133052465,1
133191303,1
133221941,1
133369249,1
133476557,1
133505347,1
133509274,1
133533242,1
133548095,1
133594563,1
133662278,1
133686826,1
133697436,1
133767935,1
133777582,1
133818254,1
133834010,1
133892712,1
133980113,1
133996730,1
134088573,1
134089980,1
134091945,1
134143178,1
134166155,1
134184681,1
134204793,1
134219876,1
134240944,1
134299963,1
134384316,1
134429304,1
134429563,1
134436264,1
134447761,1
134455937,1
134464318,1
134506247,1
134561183,1
134740568,1
134780670,1
134786889,1
134792033,1
134888791,1
134919753,1
134924516,1
134934501,1
134963561,1
135009186,1
135010814,1
135025414,1
135062497,1
135070653,1
135140628,1
135171913,1
135174995,1
135243546,1
135287362,1
135408348,1
135410677,1
135444029,1
135471798,1
135497322,1
135497382,1
135568692,1
135605353,1
135617475,1
135712885,1
135785517,1
135848926,1
135940053,1
135950363,1
135966590,1
135989441,1
135995822,1
136012642,1
136044586,1
136072802,1
136085149,1
136091729,1
136098392,1
136127167,1
136148923,1
136190059,1
136198872,1
136205263,1
136249885,1
136296842,1
136372934,1
136381133,1
136492105,2
136590815,1
136604165,1
136634824,1
136640686,1
136778556,1
136794355,1
136825049,1
136896447,1
136898293,1
136904466,1
136978914,1
136986257,1
137048761,1
137127051,1
137149903,1
137166098,1
137193153,1
137232734,1
137254887,1
137305666,1
137330488,1
137398727,1
137421089,1
137482396,1
137554401,1
137596789,1
137600847,1
137764712,1
137778020,1
137863358,1
137901803,1
137969418,2
138004431,1
138024460,1
138136517,1
138153442,1
138183055,1
138251983,1
138252345,1
138252984,1
138299204,1
138299656,1
138304656,1
138385787,2
138394996,3
138397030,1
138411610,1
138624285,1
138663536,1
138708600,1
138715671,1
138746825,1
138859253,2
138873071,1
138885902,1
138897409,1
138931262,1
138938022,1
138959719,1
138971778,1
138988484,1
138990495,1
138991250,1
139010854,1
139025392,1
139040345,1
139110039,1
139198328,1
139236325,1
139252220,1
139264754,1
139335173,1
139425274,1
139449180,1
139469471,1
139472418,1
139509124,1
139574633,1
139585700,1
139607425,1
139609434,1
139619533,1
139650490,1
139690991,1
139736570,1
139749674,1
139811043,1
139821907,1
139907540,1
139909142,1
139912620,1
139932418,1
139936562,1
139942740,1
139953631,1
139966383,1
140015627,1
140104029,1
140176752,1
140241684,2
140279370,1
140284146,1
140312585,1
140364844,1
140379130,1
140379943,1
140458077,2
140459108,1
140479453,1
140488233,1
140506928,1
140533789,1
140649004,1
140664919,1
140679517,1
140706894,1
140728867,1
140752247,1
140779703,1
140850829,1
140889959,1
140899260,1
140911501,1
140918585,1
140975231,1
140999593,1
141018273,1
141064017,1
141082589,1
141146820,1
141154740,1
141188032,1
141195225,1
141196051,1
141250866,1
141275258,1
141361950,1
141388234,2
141409885,1
141542652,1
141555468,1
141598639,1
141609208,1
141634269,1
141652558,1
141704620,1
141738381,1
141767586,1
141793385,1
141804823,2
141823539,1
141835735,1
141953346,1
142024753,1
142042839,1
142049670,1
142141919,1
142149737,1
142162413,1
142196225,1
142229593,1
142261444,1
142295456,1
142312848,1
142333519,1
142368760,1
142380298,1
142435694,1
142483873,1
142498048,1
142528468,1
142540678,1
142571618,1
142635726,1
142667174,1
142713127,1
142714564,1
142767976,1
142810014,1
142821198,1
142840981,1
142848545,1
142867645,1
142882322,1
142883372,1
142883693,1
142894870,1
142900182,1
142918263,1
142924505,1
142939708,1
142940156,1
142949311,1
142955838,1
142974585,1
142987522,1
143023108,1
143083087,1
143161103,1
143251242,1
143274079,1
143310346,1
143325001,1
143365392,1
143397375,1
143505763,1
143546517,1
143587222,1
143642606,1
143682773,1
143703838,1
143738506,1
143774106,1
143792300,2
143922768,1
144055433,1
144115527,1
144125598,1
144146034,1
144164704,1
144192050,1
144213008,1
144223923,1
144362694,1
144416483,1
144417500,1
144428646,1
144490671,1
144511153,1
144610468,2
144637128,1
144661987,1
144668015,1
144699295,1
144726228,1
144728980,1
144731603,1
144800367,1
144806496,1
144812074,1
144862174,1
144873395,1
144885467,1
144887964,1
144893035,1
144898355,1
144903703,1
144919470,1
144979427,1
145000877,1
145006093,1
145009502,1
145009677,1
145043152,1
145078271,2
145149410,1
145155732,1
145222498,1
145263870,1
145281501,1
145320853,1
145351928,1
145403626,1
145513011,1
145523609,1
145535169,1
145553014,1
145560011,1
145578527,1
145605943,1
145646858,1
145647495,1
145669808,1
145739220,1
145743369,1
145858188,1
145868409,1
145884899,1
145907948,1
145987840,1
146000373,1
146023771,1
146040408,1
146062697,1
146083392,1
146086744,1
146098469,1
146124877,1
146175484,1
146243083,1
146267765,1
146365078,1
146366930,1
146370928,1
146375508,1
146400678,2
146478655,1
146541047,1
146579014,1
146697850,1
146705736,1
146759331,1
146777330,1
146834811,1
146867384,1
146899562,1
146911989,1
146917930,1
146931144,1
146939900,1
146945673,1
146995908,1
146996960,1
146999057,1
146999853,1
147071239,1
147075899,1
147165909,1
147211323,1
147246522,1
147257979,1
147309440,1
147326272,1
147340191,1
147343420,2
147355120,1
147490970,1
147517448,1
147546813,1
147611384,1
147625553,1
147633120,1
147638675,1
147751472,1
147754131,1
147787840,1
147817765,1
147827411,1
147830929,1
148011352,1
148145893,1
148223227,1
148255224,1
148303252,1
148314235,1
148357385,1
148425293,1
148425378,1
148481383,1
148529296,1
148539409,1
148562113,1
148587621,1
148683411,1
148778638,1
148848587,1
148929819,1
148951745,1
149005863,1
149052256,1
149155411,1
149229313,1
149236454,1
149269088,1
149297479,1
149334273,1
149356523,1
149398423,1
149420892,1
149434117,1
149502932,1
149523923,1
149670168,1
149672758,1
149674902,1
149718515,1
149740518,1
149818412,1
149842806,1
149861804,1
149887174,1
149959021,1
149990130,1
150054278,1
150083568,1
150129844,1
150282020,1
150362438,1
150400224,1
150411024,1
150447847,1
150642653,1
150685734,1
150697619,1
150712374,1
150721472,1
150748285,1
150758009,1
150769865,1
150929960,1
150943063,1
150944410,1
150964962,1
151025855,1
151028427,1
151052167,1
151054138,1
151145553,1
151334829,1
151347490,1
151353322,1
151412975,1
151441334,1
151475652,1
151496024,1
151505547,1
151534222,1
151550168,1
151555334,1
151563948,1
151573964,1
151576863,1
151584650,1
151589547,1
151699201,1
151780431,1
151845341,2
151941421,1
151947163,1
151950859,1
151953441,1
151997860,1
152011588,1
152016945,1
152050562,1
152061059,1
152109789,1
152194236,1
152213340,1
152241286,1
152249791,1
152268010,1
152275799,2
152427815,1
152518854,1
152563129,1
152575252,1
152583708,1
152671690,1
152736148,1
152746443,1
152788570,1
152896178,1
152910847,1
152911075,1
152913540,1
152916741,1
152999386,1
153027209,1
153047111,1
153127913,1
153149335,1
153273475,1
153317083,1
153320202,1
153365922,1
153435669,1
153469044,1
153485739,1
153528475,1
153553566,1
153580865,1
153605164,1
153659877,1
153704790,1
153722122,1
153771548,1
153779058,1
153783117,1
153790416,1
153824981,1
153876121,1
153968919,1
154006282,1
154042945,1
154083911,1
154289614,1
154307201,1
154320886,1
154332216,1
154349504,1
154399390,1
154429365,1
154436242,1
154485638,1
154585401,1
154592711,1
154609371,1
154643880,1
154664697,1
154729589,1
154831195,1
154841002,2
154954349,1
155065216,1
155094359,1
155155813,1
155192176,1
155229215,1
155266802,1
155290477,1
155328931,1
155333241,1
155335205,1
155352431,1
155382825,1
155392541,1
155409692,1
155424553,1
155487049,1
155488592,1
155501797,1
155603967,1
155610256,1
155626094,1
155662863,1
155813171,1
155815508,1
155845254,1
155876573,1
155926112,1
155927419,1
155960789,1
155966238,1
155992862,1
156004085,1
156028615,1
156052850,1
156181593,1
156244519,1
156260369,1
156265410,1
156365067,1
156457195,1
156602151,1
156644449,1
156661670,1
156683457,1
156770117,3
156787697,1
156837104,1
156837944,1
156910948,1
156918518,1
156921875,2
156975169,1
157007052,1
157066905,1
157115220,1
157206163,1
157258785,1
157357792,1
157363180,1
157368625,1
157399068,1
157474013,1
157507162,1
157508988,1
157653362,2
157681464,1
157689911,1
157768408,1
157847339,1
157874073,1
157974576,1
157990661,1
157994617,1
158064572,1
158104716,1
158167545,1
158184182,1
158243242,3
158484431,1
158533490,1
158539422,1
158561331,1
158605248,1
158748159,1
158822881,1
158825920,1
158831132,1
158862689,1
158994577,1
158998117,1
159121162,1
159221325,1
159244496,1
159430584,1
159466005,1
159469387,1
159578922,1
159612578,1
159710469,1
159717037,1
159852168,1
159887351,1
159901171,1
159921807,1
160023630,1
160050862,1
160063452,1
160072160,1
160073024,1
160167933,1
160203809,1
160211096,1
160315630,1
160410581,1
160476156,1
160568211,1
160584887,1
160699323,1
160735563,1
160735726,1
160767827,1
160827599,1
160837828,1
161086048,1
161136270,1
161292022,1
161328623,1
161347394,1
161351775,1
161369871,2
161376758,1
161401688,1
161445393,1
161507587,1
161562995,1
161596222,1
161630112,1
161651560,1
161689200,1
161692702,1
161697323,1
161727775,1
161757507,1
161770708,1
161789129,1
161931434,1
161974409,1
162024883,1
162094984,1
162102071,1
162204197,1
162235745,1
162268610,1
162359438,1
162359576,1
162393000,1
162538498,1
162673854,1
162684038,1
162691972,1
162720780,1
162798205,1
162962383,1
163100787,1
163106757,1
163153147,1
163169620,1
163171781,1
163279492,1
163314032,1
163388887,1
163508118,1
163684189,1
163713803,1
163780208,1
163946947,1
163989462,1
164017049,1
164149205,1
164320417,1
164465477,1
164483433,1
164521089,1
164534666,1
164724580,1
164752574,1
164776164,1
164782232,1
164800352,1
164806095,1
164842290,1
164990034,1
165098826,1
165130127,1
165309301,1
165377636,1
165481157,1
165626830,1
165725058,1
165740095,1
165756396,1
165774507,3
165816600,2
165834174,1
165917356,1
165972574,1
166029845,1
166076219,1
166091708,1
166131032,1
166195305,1
166208949,1
166229523,1
166231267,1
166301065,1
166321002,1
166345691,1
166388131,1
166468984,1
166483744,1
166520808,1
166576253,1
166598339,1
166613655,1
166643921,1
166686488,1
166694207,1
166698373,1
166699221,1
166700802,1
166749819,1
166790928,1
166838961,1
166898955,1
166969440,1
166986667,1
166989290,1
167018420,1
167050519,1
167089049,1
167128713,1
167217540,1
167306969,1
167348611,1
167391787,1
167513440,1
167528333,1
167528970,1
167583067,1
167638923,2
167640194,1
167660991,1
167664334,2
167767900,1
167802854,1
167903946,1
168022884,1
168044879,1
168091250,1
168159404,1
168180007,1
168206598,1
168264841,1
168367866,1
168423790,1
168514198,1
168613826,1
168655640,1
168711874,1
168818728,1
168826042,1
168887283,1
168944041,1
168966994,1
168986744,1
169069918,1
169117730,1
169168095,1
169171880,1
169175349,1
169186247,1
169186268,1
169217240,1
169234180,1
169328570,1
169355109,1
169449607,2
169454444,1
169470683,1
169550439,1
169655559,1
169719967,1
169750518,2
169754081,1
169857205,1
169898681,1
169952181,1
169967362,7
170066760,1
170066931,1
170079635,1
170088972,1
170106669,1
170175068,1
170235148,1
170425443,1
170458692,1
170493160,1
170531341,1
170591411,1
170696248,1
170706918,1
170796871,1
170841481,1
170874486,1
170922957,1
170978465,1
171174978,1
171314950,1
171316288,1
171317918,1
171328511,1
171497765,1
171575801,1
171579541,1
171590969,1
171723556,1
171734812,1
171874668,1
172041208,1
172044558,1
172070951,1
172111795,1
172116368,1
172117003,1
172134286,1
172150522,1
172183882,1
172185967,1
172193182,1
172193745,1
172395697,1
172423086,1
172521669,1
172659873,1
172729123,1
172906516,1
172914890,1
173040337,1
173065277,1
173069976,1
173139991,1
173195103,1
173196051,1
173245877,1
173246846,1
173287228,1
173318012,1
173349312,1
173371071,1
173707170,1
173717093,1
173750603,1
173764645,1
173840017,1
173988098,1
174109416,1
174236283,1
174271198,1
174273199,1
174421988,1
174462172,1
174592810,1
174640721,1
174666867,1
174687021,1
175149126,3
175331952,1
175370943,1
175405060,1
175441896,1
175508099,1
175535985,1
175546943,1
175555059,1
175577156,1
175628107,1
175635112,1
175724698,1
175740463,2
175741029,1
175741063,1
175741136,1
175816429,1
175859443,1
175939273,1
176426273,1
176426329,1
176426546,1
176438503,1
176454121,1
176570083,1
176622462,1
176635150,1
176641612,2
176694782,1
176927541,1
176930286,1
176952001,1
176968742,1
176994136,1
177053821,1
177054202,1
177086690,1
177140560,1
177145581,1
177215246,1
177391291,1
177403779,1
177416813,1
177419256,1
177444949,1
177450066,1
177471104,1
177489421,1
177559341,1
177656840,1
177672674,1
177683676,1
177717780,1
177807448,1
177929229,1
177930964,1
178013073,1
178022850,1
178130474,1
178165822,1
178172656,1
178253784,1
178270348,1
178291367,1
178315374,1
178378340,1
178444189,1
178451044,1
178457627,1
178479748,1
178485839,1
178603515,1
178620890,1
178640467,1
178646326,1
178697772,1
178704185,1
178735591,1
178814228,1
178880738,1
178997622,1
179138280,1
179184921,1
179268889,1
179360065,1
179361977,1
179365218,1
179367536,1
179392137,1
179414231,1
179517889,1
179542047,1
179573912,1
179627956,1
179633612,1
179671552,1
179799587,1
179817126,2
179890347,1
179933691,1
180004567,1
180006096,1
180029300,1
180278715,1
180313244,1
180378150,1
180412661,1
180432604,1
180547751,1
180626351,1
180665189,1
180692269,1
180718282,1
180801374,1
180805658,1
180809163,1
180837074,1
180838721,1
180854564,1
180875535,1
180885502,1
180888435,1
180920469,1
180936676,1
180941991,1
180959727,1
180976049,1
181036342,1
181044986,1
181077334,1
181087894,1
181113537,1
181131366,1
181131797,1
181145906,1
181146176,1
181146239,1
181146322,1
181276369,1
181319543,1
181323933,1
181416706,1
181418727,1
181442928,1
181500731,1
181558744,2
181629942,1
181648048,1
181681334,1
181698178,1
181777386,1
181789019,1
181890318,1
181932411,1
181932836,1
182006032,1
182030612,1
182183463,1
182213728,1
182247884,1
182316592,4
182325027,1
182340054,1
182358419,1
182360080,1
182401725,1
182408316,1
182421137,1
182463190,1
182483078,1
182500775,1
182657168,1
182686540,1
182854813,2
183042062,1
183217581,1
183233227,1
183234312,1
183266693,1
183365825,1
183542010,1
183777764,1
183791452,1
183828145,1
183861985,1
183902842,1
183959486,1
184084682,1
184163306,1
184184385,1
184209926,1
184229851,1
184293535,1
184361350,1
184361845,1
184361895,1
184361905,1
184413508,1
184452613,1
184498352,1
184563262,1
184576674,1
184596155,1
184602746,1
184666560,1
184710846,1
184739759,1
184740395,1
184754722,1
184811517,1
184836649,1
184854375,1
184859041,1
184979565,1
185038594,1
185043954,1
185052524,1
185061162,1
185078908,1
185099244,1
185118497,1
185120305,1
185146821,1
185149714,1
185151020,1
185324355,1
185335113,1
185356374,1
185554421,1
185671340,1
185694224,1
185741596,1
185750885,1
185783886,1
185926419,1
185939772,1
185955571,1
185964850,1
186010881,1
186058360,1
186165873,1
186181663,1
186238078,1
186247040,1
186284602,1
186363375,1
186401110,1
186407486,1
186442328,1
186447053,1
186450805,1
186454234,1
186454972,1
186504335,1
186512915,1
186542142,1
186544900,1
186568877,1
186671362,1
186684670,1
186724897,1
186771458,1
186819971,1
186843150,1
186868765,1
186883809,1
187015378,1
187073540,1
187190938,1
187258225,1
187301096,1
187364969,1
187388084,1
187428104,1
187452053,1
187656602,1
187708458,1
187828189,1
187862446,1
187882874,1
187956863,1
187963739,1
188106718,1
188180974,1
188211293,1
188229467,1
188275744,1
188289769,1
188351942,1
188503578,1
188515124,1
188538749,1
188540289,1
188612165,2
188669204,1
188690869,1
188745217,1
188833117,1
188834327,1
188858698,1
189001698,1
189043485,1
189043618,1
189043716,1
189163073,1
189215347,1
189259918,1
189261922,1
189277441,1
189399693,1
189517297,2
189571469,1
189604669,1
189622204,1
189644047,1
189743590,1
189748562,1
189763786,1
189776591,1
189780094,1
189789577,1
189831843,1
189879714,1
189887704,1
189913286,1
189940410,1
189964965,1
189993364,1
190163814,1
190183925,1
190240499,1
190293561,1
190322682,1
190324229,1
190349933,1
190464508,1
190638929,1
190928009,1
191068264,1
191271846,1
191285271,1
191508896,1
191592043,1
191691009,1
191850912,1
191865792,1
191883949,1
191920295,1
192034341,1
192034507,1
192042180,1
192197035,1
192234524,1
192321225,1
192356359,1
192413367,1
192459435,1
192471872,1
192513434,1
192604295,1
192647641,1
192684309,1
192839321,1
192918997,1
192923478,1
192959399,1
193052566,1
193115797,1
193139766,1
193143790,1
193462815,1
193484716,1
193614354,1
193663101,1
193838802,1
193974828,1
194099886,1
194138993,1
194188786,1
194202878,1
194209376,1
194235850,1
194239734,1
194264024,1
194429827,1
194432214,1
194633458,1
194649647,1
194683631,1
194787292,1
194787349,1
194859698,2
194863456,1
194892468,1
194905023,1
194927794,1
195150264,1
195264084,1
195391698,2
195521101,1
195543813,1
195568136,1
195575011,1
195596869,1
195711083,1
195722592,1
195851064,1
195882349,1
195963627,1
196004516,1
196039686,1
196208154,1
196236041,1
196323395,1
196345158,1
196417075,1
196550311,1
196696217,1
196762523,1
196841563,1
196843979,1
196896785,1
197029090,1
197223959,1
197566764,1
197620242,1
197663361,1
197830026,1
197903495,1
198005926,1
198354403,1
198814589,1
198843689,1
198899867,1
198959775,1
198982749,31
198996617,1
199161495,2
199381927,1
199551622,1
199669151,1
199790596,1
199828667,1
199945836,1
200184714,1
200365294,1
200457409,1
200723689,1
200841089,1
200841148,1
200841162,1
200841172,1
200933319,1
200973060,1
201104964,1
201268924,1
201316543,1
201384599,1
201518671,1
201588970,1
201593046,1
201650992,1
201718514,1
201734208,1
201772325,1
201793884,1
201800915,1
201815723,1
201975149,1
201989172,1
202023786,1
202251225,1
202292172,1
202540281,1
202678382,1
202828230,1
202845257,1
202910442,1
202974370,1
203004014,1
203216742,1
203398049,1
203477159,1
203492371,1
203639952,1
203685922,1
203702815,1
203909176,1
203918161,1
203964531,1
203976638,1
203984855,1
204169646,1
204211979,1
204579639,1
204603744,1
204841166,1
204872876,2
204911984,1
204937719,1
204937734,1
204937752,1
204972096,1
205035854,1
205044131,1
205054957,1
205084662,1
205130254,1
205182701,1
205185735,1
205207832,1
205236300,1
205269976,1
205284459,1
205326483,1
205742472,1
205752706,1
205941667,1
206177419,1
206197905,1
206247722,1
206310592,1
206345453,1
206384626,1
206394534,2
206438734,3
206480607,1
206760856,1
206769912,1
206814564,1
206923095,1
206948784,1
206951365,1
206972056,1
207014599,1
207273992,1
207307187,1
207527992,1
207528697,1
207589112,1
207611402,1
207636696,1
207751928,1
207912128,1
207962448,1
208089078,1
208090153,1
208120565,1
208139204,2
208276829,1
208517100,1
208539552,1
208570280,1
208596666,1
208701847,1
208707684,1
208820874,1
209060029,1
209334548,1
209422695,1
209533986,1
209586019,1
209693228,1
209693278,1
209693410,1
209825114,2
209858577,1
209923637,1
210140076,1
210151362,1
210174607,1
210183195,1
210188776,1
210226282,1
210261288,1
210313217,1
210351851,1
210396715,1
210404880,1
210537027,1
210559566,1
210563929,1
210652954,1
210654907,1
210655313,1
210672729,1
210673882,1
210814561,1
210826999,1
210960858,1
211178871,1
211205138,1
211362610,1
211382132,1
211460083,1
211490067,1
211571394,1
211714515,1
211758172,1
211764741,1
211785973,1
211891473,1
211904472,1
211908462,1
212047131,1
212060141,1
212147588,1
212198284,1
212206047,1
212544643,1
212623910,1
212802214,1
212877535,2
212899248,1
213003783,1
213239228,1
213299989,1
213328373,1
213370084,2
213586398,1
213606337,1
213652949,1
213686906,1
213687140,1
213687408,1
213687449,1
213688804,1
213691625,1
213694455,1
213816843,1
213899425,1
213915502,1
213940047,1
213956263,1
214032404,1
214071639,1
214139338,1
214209939,1
214356320,1
214359569,1
214434050,1
214496222,1
214582138,1
214655665,1
214713539,1
214716640,1
214716645,1
214717440,1
214744153,1
214780029,1
214786078,1
215146324,1
215189706,1
215193772,1
215285761,1
215442736,1
215533447,1
215606621,1
215653082,1
215653880,1
215741035,1
215753878,1
215800177,1
215916821,2
216154513,1
216157971,1
216275196,1
216348667,1
216692324,1
216756493,1
216850912,1
216904534,1
217034332,1
217112881,1
217164482,1
217181565,1
217188079,1
217578075,1
217670402,1
217778400,1
217818016,1
217837358,1
218078013,1
218115073,1
218190424,1
218235812,1
218421507,1
218449557,1
218489957,5
218611947,1
218712309,2
218773912,1
219011704,1
219049230,1
219127460,1
219281546,1
219388445,1
219440148,1
219685916,1
219709013,1
219766164,1
219775028,1
219858829,1
219906144,1
219906175,1
219906558,1
219958007,1
220044982,1
220303712,1
220570574,1
220628848,1
220721469,1
220753167,1
220877534,1
220901467,1
220961831,1
220976066,1
221015228,1
221089973,1
221258316,2
221356591,1
221571778,1
221623014,1
221677158,1
221849497,1
221959905,1
222012739,1
222222878,2
222302197,1
222397878,1
222581772,1
222723615,1
222913928,2
222944370,1
223014405,1
223054715,1
223308908,1
223317947,1
223425819,1
223451206,1
223546137,1
223546138,1
223546141,1
223546144,1
223547355,1
223556219,2
223564765,1
223643849,1
223743679,1
223808995,1
224205062,1
224303370,1
224340332,1
224488344,1
224568415,1
224648079,1
224954946,1
225048942,1
225106191,1
225133512,1
225138723,1
225299514,1
225342149,1
225352023,1
225382736,1
225383051,1
225567261,1
225824609,1
225828202,1
225837774,1
226142316,1
226170383,1
226170457,1
226172230,1
226179499,1
226353817,1
226392312,1
226402269,1
226654118,1
226706458,1
226825918,1
226836061,1
226949792,1
227003775,1
227137604,1
227152678,1
227400504,1
227407786,1
227463438,1
227463538,1
227619894,1
227970850,1
228008166,1
228040220,1
228124712,1
228150578,1
228220217,1
228278527,1
228425186,1
228508904,1
228516901,1
228581709,1
228707272,1
228711334,1
228736368,1
228802911,1
228803948,1
228804108,1
228806130,1
228809017,1
229061622,1
229211047,1
229377865,1
229418842,1
229521013,1
229577059,1
229636660,1
229753504,1
229764955,1
229823368,1
229858470,1
229876677,1
229902011,1
230027008,1
230027070,2
230146339,1
230249923,1
230283659,1
230443155,1
230590017,1
230604467,1
230700583,1
230831302,1
231024333,1
231155141,1
231244789,1
231323048,1
231403453,1
231551167,1
231584193,1
231679358,1
231714786,1
231724622,1
231768995,1
232044399,1
232103099,1
232240100,1
232264547,1
232367222,1
232379295,1
232431073,1
232467085,1
232670335,1
232780072,1
232815855,1
232970799,1
233052212,1
233154221,1
233243487,1
233359899,1
233557128,1
233728268,1
233749958,1
233881301,1
233950792,1
233958186,1
234056686,1
234056784,1
234057055,1
234057688,1
234275382,1
234499490,1
234528906,1
234714353,1
234788091,1
234816344,1
234943746,1
235017879,1
235096668,1
235241878,1
235252120,1
235339183,1
235382062,1
235382242,1
235382312,1
235387111,1
235582407,1
235619110,1
235670552,1
235779866,1
235812307,1
235916940,1
235934845,1
236133619,1
236203469,1
236271455,1
236298779,1
236413939,1
236553268,1
236617441,1
236681816,1
236717381,1
236775108,1
236912655,1
237105304,1
237105506,1
237135932,1
237363243,1
237703772,1
237741559,1
237780541,1
237823862,1
237906486,1
237984581,1
238086823,1
238113984,1
238291575,1
238336761,1
238420200,1
238476083,1
238536690,1
238771341,1
238804951,1
238827718,1
238927804,1
239104902,1
239139125,1
239179323,1
239388517,2
239415666,1
239431650,1
239537735,1
239660374,1
239690017,1
239775141,1
239810298,1
240157838,1
240158994,1
240162737,2
240354752,1
240439925,1
240467240,1
240798946,1
240799229,1
240799748,1
240812490,1
240922227,1
240979671,1
241037670,1
241204700,1
241211321,1
241232644,1
241280745,1
241404605,1
241485538,1
241698038,1
241868066,1
241879915,1
241987201,1
242015323,1
242064405,1
242064461,1
242064477,1
242064786,1
242065200,1
242065420,1
242172938,1
242426617,1
242452171,1
242468646,1
242516109,1
242811517,1
242844781,1
243065487,1
243174419,1
243287575,1
243390236,1
243722998,1
243776410,1
244301642,1
244515412,1
244649439,1
244841968,1
245018009,1
245020938,1
245021299,1
245375637,1
245616256,1
245732647,1
245929189,1
246023385,1
246107953,1
246200259,1
246205540,1
246284822,1
246310581,1
246537357,1
246558064,1
246810661,1
247072151,1
247180997,1
247225052,1
247253695,1
247351669,1
247414338,1
247454361,1
247455160,1
247462677,1
247462724,1
247462758,1
247462917,1
247488832,1
247553113,1
247699708,1
248124294,1
248434261,1
248639846,1
248640255,1
248680812,1
248761034,1
248761262,1
248761296,1
248761566,1
248761967,1
248761989,1
248924689,1
248990993,1
249254018,1
249432715,1
249489759,1
249710881,1
249730876,1
249838687,1
249885843,1
249984622,1
250022305,1
250037145,1
250040491,1
250380837,1
250560052,1
250609109,1
250658088,1
251091601,1
251118104,1
251754582,1
251967501,1
252071647,1
252112554,1
252368010,1
252428873,1
252620095,1
252790079,1
252811164,1
252815805,1
253003799,1
253064511,1
253131505,1
253287758,1
253313177,1
253378751,1
253381928,1
253382741,1
253501239,1
253587174,1
253645185,1
253657638,1
253834573,1
254134518,1
254247417,1
254335232,2
254335636,1
254419203,1
254506604,1
254543189,1
254571960,1
254676073,1
254699006,1
254771540,1
254771997,1
254786068,1
254799830,1
254869862,1
254873068,1
254985780,1
255025612,1
255028786,1
255106757,1
255327115,1
255488364,2
255583030,1
255615734,1
255618185,1
255700750,1
255766961,1
255777700,1
255778606,1
256170093,1
256201575,1
256203048,1
256206888,1
256211597,1
256607684,1
256767729,1
256794880,1
257007037,1
257025320,1
257055122,1
257082257,1
257158451,1
257216957,1
257249062,2
257277951,1
257320934,1
257363989,1
257411785,1
257412207,1
257432135,1
257494181,1
257559030,1
257628381,1
257628848,1
257628876,1
257630655,1
257630656,1
257632403,1
257638412,2
257639184,1
257641177,1
257663422,1
257708942,1
257832577,1
257853888,1
257881527,1
257937617,1
257975957,1
258307035,1
258344977,1
258363005,1
258367783,1
258430128,1
258468214,1
258555668,1
258645604,1
258667664,1
258678933,1
258679497,1
258725120,1
258913972,1
258975546,1
259220871,1
259448942,2
259495356,1
259537290,1
259556067,1
259759010,1
259807879,2
260045960,1
260211258,1
260356847,1
260582653,1
260597702,1
260625229,1
260676028,1
260829257,1
260880192,1
261132136,1
261135493,1
261249544,1
261332838,1
261411645,1
261591073,1
261632147,1
261704224,1
261872620,1
261991368,1
262052366,1
262173731,1
262193448,1
262221356,1
262224683,1
262554748,1
262619278,1
262677699,1
262694797,1
262704729,1
262846459,1
262859020,1
262909385,1
263005627,1
263060202,1
263096044,1
263162109,2
263170464,1
263367379,1
263379426,1
263399078,1
263413630,1
263518789,1
263767726,1
263768376,1
263770668,1
263771262,1
263775611,1
263776387,1
263820970,1
263922628,1
263991244,1
264138787,1
264165958,1
264255371,1
264274861,1
264300353,1
264305920,1
264356854,1
264421262,1
264594538,1
264679775,1
264839281,1
264952882,1
264998796,1
265044697,1
265054263,1
265059875,1
265218533,1
265248434,1
265262383,1
265319989,1
265407618,1
265429627,1
265460861,1
265511845,1
265528114,1
265616311,1
265670745,1
265843367,1
265877039,1
266014113,1
266015826,1
266242992,1
266304322,1
266331747,1
266518284,1
266541610,1
266572148,1
266665499,1
266724580,1
266908303,1
266937838,8
266977437,1
267018309,1
267089704,1
267154163,1
267165617,1
267467744,1
267482477,2
267499468,1
267701696,1
267901332,2
268042153,1
268055645,1
268069049,1
268167063,1
268194267,1
268251142,1
268352850,2
268571697,1
268667990,1
268677700,1
268728667,1
268783127,1
268836359,1
268919701,1
269039706,1
269039836,1
269039902,1
269040599,1
269300778,1
269480009,1
269566895,1
269669958,1
269936893,1
269969865,1
270071858,1
270720687,1
270776896,1
270779301,1
270783528,1
270793331,1
270805483,1
270924006,1
271261767,1
271345736,2
271600315,1
271652754,1
271729895,1
271938013,1
272193168,1
272311952,1
272618364,1
272635208,1
272641442,1
272643392,1
272702774,1
273030834,1
273099414,1
273297082,2
273482756,1
273579854,1
273844887,1
273926274,1
274035459,2
274231322,1
274271284,1
274284809,1
274328227,1
274334565,1
274403989,1
274530371,1
274542278,1
274731704,1
274848436,1
275374591,1
275430060,1
275430404,1
275437409,1
275560793,4
275686510,1
275719829,1
275853971,1
275899168,1
275915537,1
276058277,1
276097071,1
276112803,1
276115035,1
276258774,1
276398085,1
276541470,1
276560275,1
276599410,1
276817210,1
276903723,1
276964807,1
277016002,1
277193585,1
278102237,1
278119679,1
278208182,1
278400118,1
278623164,1
278749836,1
278790072,1
278872697,1
278966830,1
279079594,1
279159355,1
279172199,1
279217086,1
279454112,1
279455928,1
279471146,1
279623751,1
279883115,3
280122609,1
280136266,1
280143218,1
280143911,1
280153141,1
280272527,1
280341956,1
280461666,1
280513762,1
280770820,1
280986376,1
281150263,1
281343066,1
281431406,1
281509834,1
281950697,2
282065134,1
282066751,1
282067757,1
282072171,1
282072647,1
282074198,1
282175488,1
282229197,1
282328618,1
282350322,1
283442588,1
283466839,1
283545938,1
283615567,1
283734076,1
283806641,1
283985454,1
283989540,1
284081405,1
284122573,1
284131405,1
284132297,1
284332723,1
284608831,1
285103257,1
285420312,1
285489311,1
285623689,2
285874597,1
285906080,1
285970069,1
286084693,1
286103357,1
286152634,1
286154589,1
286497132,1
286509122,1
286568440,1
286807651,1
286902546,1
287212888,1
287395362,1
287604070,1
287630876,1
287694593,1
288149840,1
288155135,1
288159708,1
288173853,1
288230890,1
288363916,1
288419661,2
288449713,1
288952195,1
289042756,1
289058786,1
289791516,1
289792942,1
289796993,1
289842246,1
289848484,1
289980115,2
290150379,1
290189777,1
290215524,1
290873280,1
290951975,1
290957808,1
290981215,1
291411030,1
291518778,1
291680749,1
291689553,1
291867022,2
291887306,1
291900197,1
291969148,1
292018201,1
292371946,1
292426298,1
293252161,1
293320877,1
293528334,1
293718838,1
293782835,1
293803800,1
293977142,1
294081397,1
294098203,1
294178215,1
294240611,1
294457748,1
294471625,1
294572076,1
294751694,1
295268494,1
295322090,1
295349953,1
295703459,1
295939170,1
295945042,1
295950204,1
295987026,1
296022613,1
296084221,1
296346421,1
296606664,1
297097956,1
297206914,1
297512130,1
297529894,1
297889955,1
297992784,1
298268675,1
298621146,1
298674201,1
298750572,1
298902573,1
299639049,1
299714188,1
299766123,1
299857951,1
299980206,1
300149316,1
300362123,1
300391281,1
300765114,1
300894057,1
301009192,1
301085398,1
302008402,1
302582582,1
302777009,1
304197929,1
304372996,1
304818632,1
304883714,1
305411557,1
305619002,1
305643688,1
305976095,1
306113404,1
306269227,1
306553133,1
307245258,1
307254004,1
308712764,1
308996133,1
309077878,1
309084314,1
309295818,1
309305015,1
309590849,1
309889850,1
309938748,1
310345013,1
310902929,1
311496569,1
311541955,1
312143718,1
312661362,1
313258397,1
313875020,1
313967600,1
314098225,1
314238246,1
314703811,1
315200685,1
315462644,1
315518203,1
315518412,1
316227109,1
316468666,1
317984046,1
318011943,1
318319182,1
319791432,1
319941696,1
320726346,1
321183748,1
321984945,2
322287667,1
322401505,1
324218802,1
326211050,1
326774098,1
327281935,1
328659599,1
